,swagger,info,host,basePath,schemes,consumes,produces,paths,definitions,parameters,responses,securityDefinitions,security,tags,externalDocs,implemented fields,missing fields,cluster
1forge.com,1,1,1,1,1,0,1,1,0,0,0,0,0,0,0,7,8,6
6-dot-authentiqio.appspot.com,1,1,1,1,1,0,0,1,1,1,1,0,0,0,0,9,6,7
adafruit.com,1,1,1,1,1,0,1,1,1,1,0,1,1,0,0,11,4,5
adobe.com:aem,1,1,1,1,1,0,0,1,1,0,0,1,1,0,0,9,6,2
afterbanks.com,1,1,1,1,1,0,1,1,1,0,0,0,0,0,0,8,7,6
agco-ats.com,1,1,1,0,1,0,0,1,1,0,0,0,0,0,0,6,9,9
airport-web.appspot.com,1,1,1,1,1,1,1,1,1,0,0,1,0,0,0,10,5,0
amadeus.com,1,1,1,1,1,0,1,1,1,0,0,1,1,0,0,10,5,5
amazonaws.com:AWSMigrationHub,1,1,1,1,1,1,1,1,1,1,0,1,1,0,1,13,2,3
amazonaws.com:acm,1,1,1,1,1,1,1,1,1,1,0,1,1,0,1,13,2,3
amazonaws.com:alexaforbusiness,1,1,1,1,1,1,1,1,1,1,0,1,1,0,1,13,2,3
amazonaws.com:apigateway,1,1,1,1,1,1,1,1,1,1,0,1,1,0,1,13,2,3
amazonaws.com:application-autoscaling,1,1,1,1,1,1,1,1,1,1,0,1,1,0,1,13,2,3
amazonaws.com:appstream,1,1,1,1,1,1,1,1,1,1,0,1,1,0,1,13,2,3
amazonaws.com:appsync,1,1,1,1,1,1,1,1,1,1,0,1,1,0,1,13,2,3
amazonaws.com:athena,1,1,1,1,1,1,1,1,1,1,0,1,1,0,1,13,2,3
amazonaws.com:autoscaling,1,1,1,1,1,1,1,1,1,1,0,1,1,0,1,13,2,3
amazonaws.com:autoscaling-plans,1,1,1,1,1,1,1,1,1,1,0,1,1,0,1,13,2,3
amazonaws.com:batch,1,1,1,1,1,1,1,1,1,1,0,1,1,0,1,13,2,3
amazonaws.com:budgets,1,1,1,1,1,1,1,1,1,1,0,1,1,0,1,13,2,3
amazonaws.com:ce,1,1,1,1,1,1,1,1,1,1,0,1,1,0,1,13,2,3
amazonaws.com:cloud9,1,1,1,1,1,1,1,1,1,1,0,1,1,0,1,13,2,3
amazonaws.com:clouddirectory,1,1,1,1,1,1,1,1,1,1,0,1,1,0,1,13,2,3
amazonaws.com:cloudformation,1,1,1,1,1,1,1,1,1,1,0,1,1,0,1,13,2,3
amazonaws.com:cloudfront,1,1,1,1,1,1,1,1,1,1,0,1,1,0,1,13,2,3
amazonaws.com:cloudhsm,1,1,1,1,1,1,1,1,1,1,0,1,1,0,1,13,2,3
amazonaws.com:cloudhsmv2,1,1,1,1,1,1,1,1,1,1,0,1,1,0,1,13,2,3
amazonaws.com:cloudsearch,1,1,1,1,1,1,1,1,1,1,0,1,1,0,1,13,2,3
amazonaws.com:cloudsearchdomain,1,1,1,1,1,1,1,1,1,1,0,1,1,0,1,13,2,3
amazonaws.com:cloudtrail,1,1,1,1,1,1,1,1,1,1,0,1,1,0,1,13,2,3
amazonaws.com:codebuild,1,1,1,1,1,1,1,1,1,1,0,1,1,0,1,13,2,3
amazonaws.com:codecommit,1,1,1,1,1,1,1,1,1,1,0,1,1,0,1,13,2,3
amazonaws.com:codedeploy,1,1,1,1,1,1,1,1,1,1,0,1,1,0,1,13,2,3
amazonaws.com:codepipeline,1,1,1,1,1,1,1,1,1,1,0,1,1,0,1,13,2,3
amazonaws.com:codestar,1,1,1,1,1,1,1,1,1,1,0,1,1,0,1,13,2,3
amazonaws.com:cognito-identity,1,1,1,1,1,1,1,1,1,1,0,1,1,0,1,13,2,3
amazonaws.com:cognito-idp,1,1,1,1,1,1,1,1,1,1,0,1,1,0,1,13,2,3
amazonaws.com:cognito-sync,1,1,1,1,1,1,1,1,1,1,0,1,1,0,1,13,2,3
amazonaws.com:comprehend,1,1,1,1,1,1,1,1,1,1,0,1,1,0,1,13,2,3
amazonaws.com:config,1,1,1,1,1,1,1,1,1,1,0,1,1,0,1,13,2,3
amazonaws.com:cur,1,1,1,1,1,1,1,1,1,1,0,1,1,0,1,13,2,3
amazonaws.com:datapipeline,1,1,1,1,1,1,1,1,1,1,0,1,1,0,1,13,2,3
amazonaws.com:dax,1,1,1,1,1,1,1,1,1,1,0,1,1,0,1,13,2,3
amazonaws.com:devicefarm,1,1,1,1,1,1,1,1,1,1,0,1,1,0,1,13,2,3
amazonaws.com:directconnect,1,1,1,1,1,1,1,1,1,1,0,1,1,0,1,13,2,3
amazonaws.com:discovery,1,1,1,1,1,1,1,1,1,1,0,1,1,0,1,13,2,3
amazonaws.com:dms,1,1,1,1,1,1,1,1,1,1,0,1,1,0,1,13,2,3
amazonaws.com:ds,1,1,1,1,1,1,1,1,1,1,0,1,1,0,1,13,2,3
amazonaws.com:dynamodb,1,1,1,1,1,1,1,1,1,1,0,1,1,0,1,13,2,3
amazonaws.com:ec2,1,1,1,1,1,1,1,1,1,1,0,1,1,0,1,13,2,3
amazonaws.com:ecr,1,1,1,1,1,1,1,1,1,1,0,1,1,0,1,13,2,3
amazonaws.com:ecs,1,1,1,1,1,1,1,1,1,1,0,1,1,0,1,13,2,3
amazonaws.com:elasticache,1,1,1,1,1,1,1,1,1,1,0,1,1,0,1,13,2,3
amazonaws.com:elasticbeanstalk,1,1,1,1,1,1,1,1,1,1,0,1,1,0,1,13,2,3
amazonaws.com:elasticfilesystem,1,1,1,1,1,1,1,1,1,1,0,1,1,0,1,13,2,3
amazonaws.com:elasticloadbalancing,1,1,1,1,1,1,1,1,1,1,0,1,1,0,1,13,2,3
amazonaws.com:elasticloadbalancingv2,1,1,1,1,1,1,1,1,1,1,0,1,1,0,1,13,2,3
amazonaws.com:elasticmapreduce,1,1,1,1,1,1,1,1,1,1,0,1,1,0,1,13,2,3
amazonaws.com:elastictranscoder,1,1,1,1,1,1,1,1,1,1,0,1,1,0,1,13,2,3
amazonaws.com:email,1,1,1,1,1,1,1,1,1,1,0,1,1,0,1,13,2,3
amazonaws.com:entitlement.marketplace,1,1,1,1,1,1,1,1,1,1,0,1,1,0,1,13,2,3
amazonaws.com:es,1,1,1,1,1,1,1,1,1,1,0,1,1,0,1,13,2,3
amazonaws.com:events,1,1,1,1,1,1,1,1,1,1,0,1,1,0,1,13,2,3
amazonaws.com:firehose,1,1,1,1,1,1,1,1,1,1,0,1,1,0,1,13,2,3
amazonaws.com:gamelift,1,1,1,1,1,1,1,1,1,1,0,1,1,0,1,13,2,3
amazonaws.com:glacier,1,1,1,1,1,1,1,1,1,1,0,1,1,0,1,13,2,3
amazonaws.com:glue,1,1,1,1,1,1,1,1,1,1,0,1,1,0,1,13,2,3
amazonaws.com:greengrass,1,1,1,1,1,1,1,1,1,1,0,1,1,0,1,13,2,3
amazonaws.com:guardduty,1,1,1,1,1,1,1,1,1,1,0,1,1,0,1,13,2,3
amazonaws.com:health,1,1,1,1,1,1,1,1,1,1,0,1,1,0,1,13,2,3
amazonaws.com:iam,1,1,1,1,1,1,1,1,1,1,0,1,1,0,1,13,2,3
amazonaws.com:importexport,1,1,1,1,1,1,1,1,1,1,0,1,1,0,1,13,2,3
amazonaws.com:inspector,1,1,1,1,1,1,1,1,1,1,0,1,1,0,1,13,2,3
amazonaws.com:iot,1,1,1,1,1,1,1,1,1,1,0,1,1,0,1,13,2,3
amazonaws.com:iot-data,1,1,1,1,1,1,1,1,1,1,0,1,1,0,1,13,2,3
amazonaws.com:iot-jobs-data,1,1,1,1,1,1,1,1,1,1,0,1,1,0,1,13,2,3
amazonaws.com:kinesis,1,1,1,1,1,1,1,1,1,1,0,1,1,0,1,13,2,3
amazonaws.com:kinesis-video-archived-media,1,1,1,1,1,1,1,1,1,1,0,1,1,0,1,13,2,3
amazonaws.com:kinesis-video-media,1,1,1,1,1,1,1,1,1,1,0,1,1,0,1,13,2,3
amazonaws.com:kinesisanalytics,1,1,1,1,1,1,1,1,1,1,0,1,1,0,1,13,2,3
amazonaws.com:kinesisvideo,1,1,1,1,1,1,1,1,1,1,0,1,1,0,1,13,2,3
amazonaws.com:kms,1,1,1,1,1,1,1,1,1,1,0,1,1,0,1,13,2,3
amazonaws.com:lambda,1,1,1,1,1,1,1,1,1,1,0,1,1,0,1,13,2,3
amazonaws.com:lex-models,1,1,1,1,1,1,1,1,1,1,0,1,1,0,1,13,2,3
amazonaws.com:lightsail,1,1,1,1,1,1,1,1,1,1,0,1,1,0,1,13,2,3
amazonaws.com:logs,1,1,1,1,1,1,1,1,1,1,0,1,1,0,1,13,2,3
amazonaws.com:machinelearning,1,1,1,1,1,1,1,1,1,1,0,1,1,0,1,13,2,3
amazonaws.com:marketplacecommerceanalytics,1,1,1,1,1,1,1,1,1,1,0,1,1,0,1,13,2,3
amazonaws.com:mediaconvert,1,1,1,1,1,1,1,1,1,1,0,1,1,0,1,13,2,3
amazonaws.com:medialive,1,1,1,1,1,1,1,1,1,1,0,1,1,0,1,13,2,3
amazonaws.com:mediapackage,1,1,1,1,1,1,1,1,1,1,0,1,1,0,1,13,2,3
amazonaws.com:mediastore,1,1,1,1,1,1,1,1,1,1,0,1,1,0,1,13,2,3
amazonaws.com:mediastore-data,1,1,1,1,1,1,1,1,1,1,0,1,1,0,1,13,2,3
amazonaws.com:meteringmarketplace,1,1,1,1,1,1,1,1,1,1,0,1,1,0,1,13,2,3
amazonaws.com:mobile,1,1,1,1,1,1,1,1,1,1,0,1,1,0,1,13,2,3
amazonaws.com:mobileanalytics,1,1,1,1,1,1,1,1,1,1,0,1,1,0,1,13,2,3
amazonaws.com:monitoring,1,1,1,1,1,1,1,1,1,1,0,1,1,0,1,13,2,3
amazonaws.com:mq,1,1,1,1,1,1,1,1,1,1,0,1,1,0,1,13,2,3
amazonaws.com:mturk-requester,1,1,1,1,1,1,1,1,1,1,0,1,1,0,1,13,2,3
amazonaws.com:opsworks,1,1,1,1,1,1,1,1,1,1,0,1,1,0,1,13,2,3
amazonaws.com:opsworkscm,1,1,1,1,1,1,1,1,1,1,0,1,1,0,1,13,2,3
amazonaws.com:organizations,1,1,1,1,1,1,1,1,1,1,0,1,1,0,1,13,2,3
amazonaws.com:pinpoint,1,1,1,1,1,1,1,1,1,1,0,1,1,0,1,13,2,3
amazonaws.com:polly,1,1,1,1,1,1,1,1,1,1,0,1,1,0,1,13,2,3
amazonaws.com:pricing,1,1,1,1,1,1,1,1,1,1,0,1,1,0,1,13,2,3
amazonaws.com:rds,1,1,1,1,1,1,1,1,1,1,0,1,1,0,1,13,2,3
amazonaws.com:redshift,1,1,1,1,1,1,1,1,1,1,0,1,1,0,1,13,2,3
amazonaws.com:rekognition,1,1,1,1,1,1,1,1,1,1,0,1,1,0,1,13,2,3
amazonaws.com:resource-groups,1,1,1,1,1,1,1,1,1,1,0,1,1,0,1,13,2,3
amazonaws.com:resourcegroupstaggingapi,1,1,1,1,1,1,1,1,1,1,0,1,1,0,1,13,2,3
amazonaws.com:route53,1,1,1,1,1,1,1,1,1,1,0,1,1,0,1,13,2,3
amazonaws.com:route53domains,1,1,1,1,1,1,1,1,1,1,0,1,1,0,1,13,2,3
amazonaws.com:runtime.lex,1,1,1,1,1,1,1,1,1,1,0,1,1,0,1,13,2,3
amazonaws.com:runtime.sagemaker,1,1,1,1,1,1,1,1,1,1,0,1,1,0,1,13,2,3
amazonaws.com:s3,1,1,1,1,1,1,1,1,1,1,0,1,1,0,1,13,2,3
amazonaws.com:sagemaker,1,1,1,1,1,1,1,1,1,1,0,1,1,0,1,13,2,3
amazonaws.com:sdb,1,1,1,1,1,1,1,1,1,1,0,1,1,0,1,13,2,3
amazonaws.com:serverlessrepo,1,1,1,1,1,1,1,1,1,1,0,1,1,0,1,13,2,3
amazonaws.com:servicecatalog,1,1,1,1,1,1,1,1,1,1,0,1,1,0,1,13,2,3
amazonaws.com:servicediscovery,1,1,1,1,1,1,1,1,1,1,0,1,1,0,1,13,2,3
amazonaws.com:shield,1,1,1,1,1,1,1,1,1,1,0,1,1,0,1,13,2,3
amazonaws.com:sms,1,1,1,1,1,1,1,1,1,1,0,1,1,0,1,13,2,3
amazonaws.com:snowball,1,1,1,1,1,1,1,1,1,1,0,1,1,0,1,13,2,3
amazonaws.com:sns,1,1,1,1,1,1,1,1,1,1,0,1,1,0,1,13,2,3
amazonaws.com:sqs,1,1,1,1,1,1,1,1,1,1,0,1,1,0,1,13,2,3
amazonaws.com:ssm,1,1,1,1,1,1,1,1,1,1,0,1,1,0,1,13,2,3
amazonaws.com:states,1,1,1,1,1,1,1,1,1,1,0,1,1,0,1,13,2,3
amazonaws.com:storagegateway,1,1,1,1,1,1,1,1,1,1,0,1,1,0,1,13,2,3
amazonaws.com:streams.dynamodb,1,1,1,1,1,1,1,1,1,1,0,1,1,0,1,13,2,3
amazonaws.com:sts,1,1,1,1,1,1,1,1,1,1,0,1,1,0,1,13,2,3
amazonaws.com:support,1,1,1,1,1,1,1,1,1,1,0,1,1,0,1,13,2,3
amazonaws.com:swf,1,1,1,1,1,1,1,1,1,1,0,1,1,0,1,13,2,3
amazonaws.com:transcribe,1,1,1,1,1,1,1,1,1,1,0,1,1,0,1,13,2,3
amazonaws.com:translate,1,1,1,1,1,1,1,1,1,1,0,1,1,0,1,13,2,3
amazonaws.com:waf,1,1,1,1,1,1,1,1,1,1,0,1,1,0,1,13,2,3
amazonaws.com:waf-regional,1,1,1,1,1,1,1,1,1,1,0,1,1,0,1,13,2,3
amazonaws.com:workdocs,1,1,1,1,1,1,1,1,1,1,0,1,1,0,1,13,2,3
amazonaws.com:workmail,1,1,1,1,1,1,1,1,1,1,0,1,1,0,1,13,2,3
amazonaws.com:workspaces,1,1,1,1,1,1,1,1,1,1,0,1,1,0,1,13,2,3
amazonaws.com:xray,1,1,1,1,1,1,1,1,1,1,0,1,1,0,1,13,2,3
anchore.io,1,1,1,1,1,1,1,1,1,0,0,1,1,1,0,12,3,1
apache.org:qakka,1,1,1,0,1,0,0,1,1,0,0,0,0,1,0,7,8,6
apacta.com,1,1,1,1,1,1,1,1,1,0,0,1,0,1,0,11,4,1
api2cart.com,1,1,1,1,1,0,1,1,1,0,0,1,0,1,1,11,4,6
apigee.net:marketcheck-cars,1,1,1,1,1,0,1,1,1,1,0,0,0,0,1,10,5,7
apimatic.io,1,1,1,1,1,1,1,1,0,0,0,1,1,0,1,11,4,3
apis.guru,1,1,1,1,1,0,1,1,1,0,0,0,1,1,1,11,4,6
apitore.com:2chMatomeFeedsApis,1,1,1,1,1,1,1,1,1,0,0,0,0,1,0,10,5,1
apitore.com:certificateFeedsApis,1,1,1,1,1,1,1,1,1,0,0,0,0,1,0,10,5,1
apitore.com:cosineSimilarity,1,1,1,1,1,1,1,1,1,0,0,0,0,1,0,10,5,1
apitore.com:designFeedsApis,1,1,1,1,1,1,1,1,1,0,0,0,0,1,0,10,5,1
apitore.com:documentFrequencyApis,1,1,1,1,1,1,1,1,1,0,0,0,0,1,0,10,5,1
apitore.com:gameFeedsApis,1,1,1,1,1,1,1,1,1,0,0,0,0,1,0,10,5,1
apitore.com:japaneseWordnetApis,1,1,1,1,1,1,1,1,1,0,0,0,0,1,0,10,5,1
apitore.com:kmeansClusteringByWord2vec,1,1,1,1,1,1,1,1,1,0,0,0,0,1,0,10,5,1
apitore.com:kuromojiApis,1,1,1,1,1,1,1,1,1,0,0,0,0,1,0,10,5,1
apitore.com:languageDetectionApis,1,1,1,1,1,1,1,1,1,0,0,0,0,1,0,10,5,1
apitore.com:newsFeedsApis,1,1,1,1,1,1,1,1,1,0,0,0,0,1,0,10,5,1
apitore.com:pioneerBlogFeedsApis,1,1,1,1,1,1,1,1,1,0,0,0,0,1,0,10,5,1
apitore.com:rss2jsonApis,1,1,1,1,1,1,1,1,1,0,0,0,0,1,0,10,5,1
apitore.com:sentenceSeparatorApis,1,1,1,1,1,1,1,1,1,0,0,0,0,1,0,10,5,1
apitore.com:sentenceSimilarity,1,1,1,1,1,1,1,1,1,0,0,0,0,1,0,10,5,1
apitore.com:sentencepieceApis_tweet_,1,1,1,1,1,1,1,1,1,0,0,0,0,1,0,10,5,1
apitore.com:sentencepieceApis_wikipedia_,1,1,1,1,1,1,1,1,1,0,0,0,0,1,0,10,5,1
apitore.com:sentimentApis,1,1,1,1,1,1,1,1,1,0,0,0,0,1,0,10,5,1
apitore.com:synonymApis,1,1,1,1,1,1,1,1,1,0,0,0,0,1,0,10,5,1
apitore.com:techFeedsApis,1,1,1,1,1,1,1,1,1,0,0,0,0,1,0,10,5,1
apitore.com:text2labelByTfidfApis,1,1,1,1,1,1,1,1,1,0,0,0,0,1,0,10,5,1
apitore.com:text2labelByWordVectorApis,1,1,1,1,1,1,1,1,1,0,0,0,0,1,0,10,5,1
apitore.com:travelFeedsApis,1,1,1,1,1,1,1,1,1,0,0,0,0,1,0,10,5,1
apitore.com:tweetSummarizationApis,1,1,1,1,1,1,1,1,1,0,0,0,0,1,0,10,5,1
apitore.com:twitterApis,1,1,1,1,1,1,1,1,1,0,0,0,0,1,0,10,5,1
apitore.com:twitterApisWithSentimentByApitoreSentimentApi,1,1,1,1,1,1,1,1,1,0,0,0,0,1,0,10,5,1
apitore.com:twitterApisWithWord2vecQueryExpansion,1,1,1,1,1,1,1,1,1,0,0,0,0,1,0,10,5,1
"apitore.com:twitterApisWithWord2vecQueryExpansion,AndAddSentimentByApitoreSentimentApi",1,1,1,1,1,1,1,1,1,0,0,0,0,1,0,10,5,1
apitore.com:url2hrefApis,1,1,1,1,1,1,1,1,1,0,0,0,0,1,0,10,5,1
apitore.com:url2htmlApis,1,1,1,1,1,1,1,1,1,0,0,0,0,1,0,10,5,1
apitore.com:url2labelByTfidfApis,1,1,1,1,1,1,1,1,1,0,0,0,0,1,0,10,5,1
apitore.com:url2labelByWordVectorApis,1,1,1,1,1,1,1,1,1,0,0,0,0,1,0,10,5,1
apitore.com:url2srcApis,1,1,1,1,1,1,1,1,1,0,0,0,0,1,0,10,5,1
apitore.com:url2textApis,1,1,1,1,1,1,1,1,1,0,0,0,0,1,0,10,5,1
apitore.com:word2vecApis,1,1,1,1,1,1,1,1,1,0,0,0,0,1,0,10,5,1
apitore.com:wordnetApis,1,1,1,1,1,1,1,1,1,0,0,0,0,1,0,10,5,1
apitore.com:wordnetHypernymApis,1,1,1,1,1,1,1,1,1,0,0,0,0,1,0,10,5,1
apitore.com:wordnetHyponymApis,1,1,1,1,1,1,1,1,1,0,0,0,0,1,0,10,5,1
apitore.com:wordnetSimilarityApis,1,1,1,1,1,1,1,1,1,0,0,0,0,1,0,10,5,1
apitore.com:wordnetSynonymApis,1,1,1,1,1,1,1,1,1,0,0,0,0,1,0,10,5,1
apitore.com:wordnetTranslationApis,1,1,1,1,1,1,1,1,1,0,0,0,0,1,0,10,5,1
apitore.com:wordsToVectorsApis,1,1,1,1,1,1,1,1,1,0,0,0,0,1,0,10,5,1
applicationinsights.io:applicationinsights-AppInsights,1,1,1,1,1,1,1,1,1,1,0,1,1,0,0,12,3,3
appveyor.com,1,1,1,1,1,1,1,1,1,1,1,1,1,1,1,15,0,3
archive.org:search,1,1,1,1,1,0,1,1,1,1,0,0,0,0,0,9,6,6
archive.org:wayback,1,1,1,1,1,0,1,1,1,1,1,0,0,0,0,10,5,6
art19.com,1,1,1,1,1,1,1,1,1,0,0,1,1,0,0,11,4,5
ato.gov.au,1,1,1,1,1,1,1,1,1,1,1,0,0,1,0,12,3,1
aucklandmuseum.com,1,1,1,0,1,0,0,1,0,0,0,0,0,1,0,6,9,6
authentiq.io,1,1,1,1,1,1,1,1,1,1,1,1,0,0,1,13,2,3
avaza.com,1,1,1,0,1,0,1,1,1,0,0,1,0,0,0,8,7,9
aviationdata.systems,1,1,1,0,1,1,1,1,1,0,0,1,0,0,0,9,6,0
azure.com:advisor,1,1,1,0,1,1,1,1,1,1,0,1,1,0,0,11,4,4
azure.com:analysisservices,1,1,1,0,1,1,1,1,1,1,0,1,1,0,0,11,4,4
azure.com:apimanagement,1,1,1,0,1,1,1,1,1,1,0,1,1,0,0,11,4,4
azure.com:apimanagement-apimapis,1,1,1,0,1,1,1,1,1,1,0,1,1,0,0,11,4,4
azure.com:apimanagement-apimauthorizationservers,1,1,1,0,1,1,1,1,1,1,0,1,1,0,0,11,4,4
azure.com:apimanagement-apimbackends,1,1,1,0,1,1,1,1,1,1,0,1,1,0,0,11,4,4
azure.com:apimanagement-apimcertificates,1,1,1,0,1,1,1,1,1,1,0,1,1,0,0,11,4,4
azure.com:apimanagement-apimdeployment,1,1,1,0,1,1,1,1,1,1,0,1,1,0,0,11,4,4
azure.com:apimanagement-apimdiagnostics,1,1,1,0,1,1,1,1,1,1,0,1,1,0,0,11,4,4
azure.com:apimanagement-apimemailtemplate,1,1,1,0,1,1,1,1,1,1,0,1,1,0,0,11,4,4
azure.com:apimanagement-apimgroups,1,1,1,0,1,1,1,1,1,1,0,1,1,0,0,11,4,4
azure.com:apimanagement-apimidentityprovider,1,1,1,0,1,1,1,1,1,1,0,1,1,0,0,11,4,4
azure.com:apimanagement-apimloggers,1,1,1,0,1,1,1,1,1,1,0,1,1,0,0,11,4,4
azure.com:apimanagement-apimnetworkstatus,1,1,1,0,1,1,1,1,1,1,0,1,1,0,0,11,4,4
azure.com:apimanagement-apimnotifications,1,1,1,0,1,1,1,1,1,1,0,1,1,0,0,11,4,4
azure.com:apimanagement-apimopenidconnectproviders,1,1,1,0,1,1,1,1,1,1,0,1,1,0,0,11,4,4
azure.com:apimanagement-apimproducts,1,1,1,0,1,1,1,1,1,1,0,1,1,0,0,11,4,4
azure.com:apimanagement-apimproperties,1,1,1,0,1,1,1,1,1,1,0,1,1,0,0,11,4,4
azure.com:apimanagement-apimquotas,1,1,1,0,1,1,1,1,1,1,0,1,1,0,0,11,4,4
azure.com:apimanagement-apimreports,1,1,1,0,1,1,1,1,1,1,0,1,1,0,0,11,4,4
azure.com:apimanagement-apimsubscriptions,1,1,1,0,1,1,1,1,1,1,0,1,1,0,0,11,4,4
azure.com:apimanagement-apimtagresources,1,1,1,0,1,1,1,1,1,1,0,1,1,0,0,11,4,4
azure.com:apimanagement-apimtags,1,1,1,0,1,1,1,1,1,1,0,1,1,0,0,11,4,4
azure.com:apimanagement-apimtenant,1,1,1,0,1,1,1,1,1,1,0,1,1,0,0,11,4,4
azure.com:apimanagement-apimusers,1,1,1,0,1,1,1,1,1,1,0,1,1,0,0,11,4,4
azure.com:apimanagement-apimversionsets,1,1,1,0,1,1,1,1,1,1,0,1,1,0,0,11,4,4
azure.com:applicationinsights-aiOperations_API,1,1,1,0,1,1,1,1,1,1,0,1,1,0,0,11,4,4
azure.com:applicationinsights-componentAnnotations_API,1,1,1,0,1,1,1,1,1,1,0,1,1,0,0,11,4,4
azure.com:applicationinsights-componentApiKeys_API,1,1,1,0,1,1,1,1,1,1,0,1,1,0,0,11,4,4
azure.com:applicationinsights-componentContinuousExport_API,1,1,1,0,1,1,1,1,1,1,0,1,1,0,0,11,4,4
azure.com:applicationinsights-componentFeaturesAndPricing_API,1,1,1,0,1,1,1,1,1,1,0,1,1,0,0,11,4,4
azure.com:applicationinsights-componentProactiveDetection_API,1,1,1,0,1,1,1,1,1,1,0,1,1,0,0,11,4,4
azure.com:applicationinsights-componentWorkItemConfigs_API,1,1,1,0,1,1,1,1,1,1,0,1,1,0,0,11,4,4
azure.com:applicationinsights-components_API,1,1,1,0,1,1,1,1,1,1,0,1,1,0,0,11,4,4
azure.com:applicationinsights-favorites_API,1,1,1,0,1,1,1,1,1,1,0,1,1,0,0,11,4,4
azure.com:applicationinsights-webTestLocations_API,1,1,1,0,1,1,1,1,1,1,0,1,1,0,0,11,4,4
azure.com:applicationinsights-webTests_API,1,1,1,0,1,1,1,1,1,1,0,1,1,0,0,11,4,4
azure.com:authorization,1,1,1,0,1,1,1,1,1,1,0,1,1,0,0,11,4,4
azure.com:authorization-authorization-ClassicAdminCalls,1,1,1,0,1,1,1,1,1,1,0,1,1,0,0,11,4,4
azure.com:authorization-authorization-RACalls,1,1,1,0,1,1,1,1,1,1,0,1,1,0,0,11,4,4
azure.com:authorization-authorization-RoleBasedCalls,1,1,1,0,1,1,1,1,1,1,0,1,1,0,0,11,4,4
azure.com:automation-account,1,1,1,0,1,1,1,1,1,1,0,1,1,0,0,11,4,4
azure.com:automation-certificate,1,1,1,0,1,1,1,1,1,1,0,1,1,0,0,11,4,4
azure.com:automation-connection,1,1,1,0,1,1,1,1,1,1,0,1,1,0,0,11,4,4
azure.com:automation-connectionType,1,1,1,0,1,1,1,1,1,1,0,1,1,0,0,11,4,4
azure.com:automation-credential,1,1,1,0,1,1,1,1,1,1,0,1,1,0,0,11,4,4
azure.com:automation-dscCompilationJob,1,1,1,0,1,1,1,1,1,1,0,1,1,0,0,11,4,4
azure.com:automation-dscConfiguration,1,1,1,0,1,1,1,1,1,1,0,1,1,0,0,11,4,4
azure.com:automation-dscNode,1,1,1,0,1,1,1,1,1,1,0,1,1,0,0,11,4,4
azure.com:automation-dscNodeConfiguration,1,1,1,0,1,1,1,1,1,1,0,1,1,0,0,11,4,4
azure.com:automation-hybridRunbookWorkerGroup,1,1,1,0,1,1,1,1,1,1,0,1,1,0,0,11,4,4
azure.com:automation-job,1,1,1,0,1,1,1,1,1,1,0,1,1,0,0,11,4,4
azure.com:automation-jobSchedule,1,1,1,0,1,1,1,1,1,1,0,1,1,0,0,11,4,4
azure.com:automation-linkedWorkspace,1,1,1,0,1,1,1,1,1,1,0,1,1,0,0,11,4,4
azure.com:automation-module,1,1,1,0,1,1,1,1,1,1,0,1,1,0,0,11,4,4
azure.com:automation-runbook,1,1,1,0,1,1,1,1,1,1,0,1,1,0,0,11,4,4
azure.com:automation-schedule,1,1,1,0,1,1,1,1,1,1,0,1,1,0,0,11,4,4
azure.com:automation-softwareUpdateConfiguration,1,1,1,1,1,1,1,1,0,0,0,1,1,0,0,10,5,2
azure.com:automation-softwareUpdateConfigurationMachineRun,1,1,1,1,1,1,1,1,0,0,0,1,1,0,0,10,5,2
azure.com:automation-softwareUpdateConfigurationRun,1,1,1,1,1,1,1,1,0,0,0,1,1,0,0,10,5,2
azure.com:automation-sourceControl,1,1,1,0,1,1,1,1,0,0,0,1,1,0,0,9,6,4
azure.com:automation-sourceControlSyncJob,1,1,1,0,1,1,1,1,0,0,0,1,1,0,0,9,6,4
azure.com:automation-variable,1,1,1,0,1,1,1,1,1,1,0,1,1,0,0,11,4,4
azure.com:automation-webhook,1,1,1,0,1,1,1,1,1,1,0,1,1,0,0,11,4,4
azure.com:azsadmin-Alert,1,1,1,0,1,1,1,1,1,1,0,1,1,0,0,11,4,4
azure.com:azsadmin-CommerceAdmin,1,1,1,0,1,1,1,1,1,1,0,1,1,0,0,11,4,4
azure.com:azsadmin-EdgeGateway,1,1,1,0,1,1,1,1,1,1,0,1,1,0,0,11,4,4
azure.com:azsadmin-EdgeGatewayPool,1,1,1,0,1,1,1,1,1,1,0,1,1,0,0,11,4,4
azure.com:azsadmin-FabricLocation,1,1,1,0,1,1,1,1,1,1,0,1,1,0,0,11,4,4
azure.com:azsadmin-FileShare,1,1,1,0,1,1,1,1,1,1,0,1,1,0,0,11,4,4
azure.com:azsadmin-InfraRole,1,1,1,0,1,1,1,1,1,1,0,1,1,0,0,11,4,4
azure.com:azsadmin-InfraRoleInstance,1,1,1,0,1,1,1,1,1,1,0,1,1,0,0,11,4,4
azure.com:azsadmin-IpPool,1,1,1,0,1,1,1,1,1,1,0,1,1,0,0,11,4,4
azure.com:azsadmin-LogicalNetwork,1,1,1,0,1,1,1,1,1,1,0,1,1,0,0,11,4,4
azure.com:azsadmin-LogicalSubnet,1,1,1,0,1,1,1,1,1,1,0,1,1,0,0,11,4,4
azure.com:azsadmin-MacAddressPool,1,1,1,0,1,1,1,1,1,1,0,1,1,0,0,11,4,4
azure.com:azsadmin-Operations,1,1,1,0,1,1,1,1,1,1,0,1,1,0,0,11,4,4
azure.com:azsadmin-RegionHealth,1,1,1,0,1,1,1,1,1,1,0,1,1,0,0,11,4,4
azure.com:azsadmin-ResourceHealth,1,1,1,0,1,1,1,1,1,0,0,1,1,0,0,10,5,4
azure.com:azsadmin-ScaleUnit,1,1,1,0,1,1,1,1,1,1,0,1,1,0,0,11,4,4
azure.com:azsadmin-ScaleUnitNode,1,1,1,0,1,1,1,1,1,1,0,1,1,0,0,11,4,4
azure.com:azsadmin-ServiceHealth,1,1,1,0,1,1,1,1,1,1,0,1,1,0,0,11,4,4
azure.com:azsadmin-SlbMuxInstance,1,1,1,0,1,1,1,1,1,1,0,1,1,0,0,11,4,4
azure.com:azsadmin-StoragePool,1,1,1,0,1,1,1,1,1,1,0,1,1,0,0,11,4,4
azure.com:azsadmin-StorageSystem,1,1,1,0,1,1,1,1,1,1,0,1,1,0,0,11,4,4
azure.com:azsadmin-Volume,1,1,1,0,1,1,1,1,1,1,0,1,1,0,0,11,4,4
azure.com:azurestack-AzureStack,1,1,1,0,1,1,1,1,1,1,0,1,1,0,0,11,4,4
azure.com:azurestack-CustomerSubscription,1,1,1,0,1,1,1,1,1,1,0,1,1,0,0,11,4,4
azure.com:azurestack-Product,1,1,1,0,1,1,1,1,1,1,0,1,1,0,0,11,4,4
azure.com:azurestack-Registration,1,1,1,0,1,1,1,1,1,1,0,1,1,0,0,11,4,4
azure.com:batch-BatchManagement,1,1,1,0,1,1,1,1,1,1,0,1,1,0,0,11,4,4
azure.com:batchai-BatchAI,1,1,1,0,1,1,1,1,1,1,0,1,1,0,0,11,4,4
azure.com:billing,1,1,1,0,1,1,1,1,1,1,0,1,1,0,0,11,4,4
azure.com:cdn,1,1,1,0,1,1,1,1,1,1,0,1,1,0,0,11,4,4
azure.com:cognitiveservices,1,1,1,0,1,1,1,1,1,1,0,1,0,0,0,10,5,0
azure.com:cognitiveservices-ComputerVision,1,1,1,1,1,0,0,1,1,1,0,1,1,0,0,10,5,2
azure.com:cognitiveservices-ContentModerator,1,1,1,1,1,0,0,1,1,1,0,1,1,0,0,10,5,2
azure.com:cognitiveservices-Face,1,1,1,1,1,0,0,1,1,1,0,1,1,0,0,10,5,2
azure.com:cognitiveservices-LUIS-Programmatic,1,1,1,1,1,0,0,1,1,1,0,1,1,0,0,10,5,2
azure.com:cognitiveservices-LUIS-Runtime,1,1,1,1,1,0,1,1,1,0,0,1,1,0,0,10,5,5
azure.com:cognitiveservices-TextAnalytics,1,1,1,1,1,1,1,1,1,0,0,1,1,0,0,11,4,5
azure.com:commerce,1,1,1,0,1,1,1,1,1,1,0,0,0,0,0,9,6,0
azure.com:compute,1,1,1,0,1,1,1,1,1,1,0,1,1,0,0,11,4,4
azure.com:compute-containerService,1,1,1,0,1,1,1,1,1,1,0,1,1,0,0,11,4,4
azure.com:compute-disk,1,1,1,0,1,1,1,1,1,1,0,1,1,0,0,11,4,4
azure.com:compute-runCommands,1,1,1,0,1,1,1,1,1,1,0,1,1,0,0,11,4,4
azure.com:compute-skus,1,1,1,0,1,1,1,1,1,1,0,1,1,0,0,11,4,4
azure.com:compute-swagger,1,1,1,0,1,1,1,1,1,1,0,1,1,0,0,11,4,4
azure.com:consumption,1,1,1,0,1,1,1,1,1,1,0,1,1,1,0,12,3,4
azure.com:containerinstance-containerInstance,1,1,1,0,1,1,1,1,1,1,0,1,1,0,0,11,4,4
azure.com:containerregistry,1,1,1,0,1,1,1,1,1,1,0,1,1,0,0,11,4,4
azure.com:containerservices-containerService,1,1,1,0,1,1,1,1,1,1,0,1,1,0,0,11,4,4
azure.com:containerservices-location,1,1,1,0,1,1,1,1,1,1,0,1,1,0,0,11,4,4
azure.com:containerservices-managedClusters,1,1,1,0,1,1,1,1,1,1,0,1,1,0,0,11,4,4
azure.com:cosmos-db,1,1,1,0,1,1,1,1,1,1,0,1,1,0,0,11,4,4
azure.com:customer-insights,1,1,1,0,1,1,1,1,1,1,0,1,1,0,0,11,4,4
azure.com:datacatalog,1,1,1,0,1,1,1,1,1,1,0,1,0,0,0,10,5,0
azure.com:datafactory,1,1,1,0,1,1,1,1,1,1,0,1,1,0,0,11,4,4
azure.com:datalake-analytics-account,1,1,1,0,1,1,1,1,1,1,0,1,1,0,0,11,4,4
azure.com:datalake-analytics-catalog,1,1,1,0,1,1,1,1,1,1,0,0,0,0,0,9,6,0
azure.com:datalake-analytics-job,1,1,1,0,1,1,1,1,1,1,0,0,0,0,0,9,6,0
azure.com:datalake-store-account,1,1,1,0,1,1,1,1,1,1,0,1,1,0,0,11,4,4
azure.com:datalake-store-filesystem,1,1,1,0,1,1,1,1,1,1,0,0,0,0,0,9,6,0
azure.com:datamigration,1,1,1,0,1,1,1,1,1,1,0,1,1,0,0,11,4,4
azure.com:deviceprovisioningservices-iotdps,1,1,1,0,1,1,1,1,1,1,0,1,1,0,0,11,4,4
azure.com:devtestlabs-DTL,1,1,1,0,1,1,1,1,1,1,0,1,1,0,0,11,4,4
azure.com:dns,1,1,1,0,1,1,1,1,1,1,0,1,0,0,0,10,5,0
azure.com:domainservices,1,1,1,0,1,1,1,1,1,1,0,1,0,0,0,10,5,0
azure.com:eventgrid-EventGrid,1,1,1,0,1,1,1,1,1,1,0,1,0,0,0,10,5,0
azure.com:eventhub-EventHub,1,1,1,0,1,1,1,1,1,1,0,1,1,0,0,11,4,4
azure.com:hanaonazure,1,1,1,0,1,1,1,1,1,1,0,1,0,0,0,10,5,0
azure.com:hdinsight-applications,1,1,1,0,1,1,1,1,1,1,0,1,1,0,0,11,4,4
azure.com:hdinsight-capabilities,1,1,1,0,1,1,1,1,1,1,0,1,1,0,0,11,4,4
azure.com:hdinsight-cluster,1,1,1,0,1,1,1,1,1,1,0,1,1,0,0,11,4,4
azure.com:hdinsight-configurations,1,1,1,0,1,1,1,1,1,1,0,1,1,0,0,11,4,4
azure.com:hdinsight-extensions,1,1,1,0,1,1,1,1,1,1,0,1,1,0,0,11,4,4
azure.com:hdinsight-operations,1,1,1,0,1,1,1,1,1,1,0,1,1,0,0,11,4,4
azure.com:hdinsight-scriptActions,1,1,1,0,1,1,1,1,1,1,0,1,1,0,0,11,4,4
azure.com:intune,1,1,1,0,1,1,1,1,1,1,0,0,0,0,0,9,6,0
azure.com:iothub,1,1,1,0,1,1,1,1,1,1,0,1,1,0,0,11,4,4
azure.com:keyvault,1,1,1,0,1,1,1,1,1,1,0,0,0,0,0,9,6,0
azure.com:keyvault-providers,1,1,1,0,1,1,1,1,1,1,0,1,0,0,0,10,5,0
azure.com:keyvault-secrets,1,1,1,0,1,1,1,1,1,1,0,1,0,0,0,10,5,0
azure.com:locationbasedservices,1,1,1,0,1,1,1,1,1,1,0,1,1,0,0,11,4,4
azure.com:logic,1,1,1,0,1,1,1,1,1,1,0,1,1,0,0,11,4,4
azure.com:machinelearning-commitmentPlans,1,1,1,0,1,1,1,1,1,1,0,1,0,0,0,10,5,0
azure.com:machinelearning-webservices,1,1,1,0,1,1,1,1,1,1,0,1,0,0,0,10,5,0
azure.com:machinelearning-workspaces,1,1,1,0,1,1,1,1,1,1,0,1,1,0,0,11,4,4
azure.com:machinelearningcompute-machineLearningCompute,1,1,1,0,1,1,1,1,1,1,0,1,0,0,0,10,5,0
azure.com:machinelearningexperimentation-machineLearningExperimentation,1,1,1,0,1,1,1,1,1,1,0,1,1,0,0,11,4,4
azure.com:managementgroups-management,1,1,1,0,1,1,1,1,1,1,0,1,1,1,0,12,3,4
azure.com:managementpartner-ManagementPartner,1,1,1,0,1,1,1,1,1,1,0,1,0,0,0,10,5,0
azure.com:marketplaceordering-Agreements,1,1,1,0,1,1,1,1,1,1,0,1,1,0,0,11,4,4
azure.com:mediaservices-media,1,1,1,0,1,1,1,1,1,1,0,1,1,0,0,11,4,4
azure.com:migrate,1,1,1,0,1,1,1,1,1,1,0,1,1,0,0,11,4,4
azure.com:mobileengagement-mobile-engagement,1,1,1,0,1,1,1,1,1,1,0,1,1,0,0,11,4,4
azure.com:monitor-actionGroups_API,1,1,1,0,1,1,1,1,1,1,0,1,1,0,0,11,4,4
azure.com:monitor-activityLogAlerts_API,1,1,1,0,1,1,1,1,1,1,0,1,1,0,0,11,4,4
azure.com:monitor-activityLogs_API,1,1,1,0,1,1,1,1,1,1,0,1,1,0,0,11,4,4
azure.com:monitor-alertRulesIncidents_API,1,1,1,0,1,1,1,1,1,1,0,1,1,0,0,11,4,4
azure.com:monitor-alertRules_API,1,1,1,0,1,1,1,1,1,1,0,1,1,0,0,11,4,4
azure.com:monitor-autoscale_API,1,1,1,0,1,1,1,1,1,1,0,1,1,0,0,11,4,4
azure.com:monitor-baseline_API,1,1,1,0,1,1,1,1,1,1,0,1,1,0,0,11,4,4
azure.com:monitor-calculateBaseline_API,1,1,1,0,1,1,1,1,1,1,0,1,1,0,0,11,4,4
azure.com:monitor-diagnosticsSettingsCategories_API,1,1,1,0,1,1,1,1,1,1,0,1,1,0,0,11,4,4
azure.com:monitor-diagnosticsSettings_API,1,1,1,0,1,1,1,1,1,1,0,1,1,0,0,11,4,4
azure.com:monitor-eventCategories_API,1,1,1,0,1,1,1,1,1,1,0,1,1,0,0,11,4,4
azure.com:monitor-logProfiles_API,1,1,1,0,1,1,1,1,1,1,0,1,1,0,0,11,4,4
azure.com:monitor-metricDefinitions_API,1,1,1,0,1,1,1,1,1,1,0,1,1,0,0,11,4,4
azure.com:monitor-metrics_API,1,1,1,0,1,1,1,1,1,1,0,1,1,0,0,11,4,4
azure.com:monitor-operations_API,1,1,1,0,1,1,1,1,1,1,0,1,1,0,0,11,4,4
azure.com:monitor-serviceDiagnosticsSettings_API,1,1,1,0,1,1,1,1,1,1,0,1,1,0,0,11,4,4
azure.com:monitor-tenantActivityLogs_API,1,1,1,0,1,1,1,1,1,1,0,1,1,0,0,11,4,4
azure.com:msi-ManagedIdentity,1,1,1,0,1,1,1,1,1,1,0,1,1,0,0,11,4,4
azure.com:mysql,1,1,1,0,1,1,1,1,1,1,0,1,1,0,0,11,4,4
azure.com:network,1,1,1,0,1,1,1,1,1,1,0,1,1,0,0,11,4,4
azure.com:network-applicationGateway,1,1,1,0,1,1,1,1,1,1,0,1,1,0,0,11,4,4
azure.com:network-applicationSecurityGroup,1,1,1,0,1,1,1,1,1,1,0,1,1,0,0,11,4,4
azure.com:network-checkDnsAvailability,1,1,1,0,1,1,1,1,1,1,0,1,1,0,0,11,4,4
azure.com:network-endpointService,1,1,1,0,1,1,1,1,1,1,0,1,1,0,0,11,4,4
azure.com:network-expressRouteCircuit,1,1,1,0,1,1,1,1,1,1,0,1,1,0,0,11,4,4
azure.com:network-loadBalancer,1,1,1,0,1,1,1,1,1,1,0,1,1,0,0,11,4,4
azure.com:network-networkInterface,1,1,1,0,1,1,1,1,1,1,0,1,1,0,0,11,4,4
azure.com:network-networkSecurityGroup,1,1,1,0,1,1,1,1,1,1,0,1,1,0,0,11,4,4
azure.com:network-networkWatcher,1,1,1,0,1,1,1,1,1,1,0,1,1,0,0,11,4,4
azure.com:network-operation,1,1,1,0,1,1,1,1,1,1,0,1,1,0,0,11,4,4
azure.com:network-publicIpAddress,1,1,1,0,1,1,1,1,1,1,0,1,1,0,0,11,4,4
azure.com:network-routeFilter,1,1,1,0,1,1,1,1,1,1,0,1,1,0,0,11,4,4
azure.com:network-routeTable,1,1,1,0,1,1,1,1,1,1,0,1,1,0,0,11,4,4
azure.com:network-serviceCommunity,1,1,1,0,1,1,1,1,1,1,0,1,1,0,0,11,4,4
azure.com:network-usage,1,1,1,0,1,1,1,1,1,1,0,1,1,0,0,11,4,4
azure.com:network-virtualNetwork,1,1,1,0,1,1,1,1,1,1,0,1,1,0,0,11,4,4
azure.com:network-virtualNetworkGateway,1,1,1,0,1,1,1,1,1,1,0,1,1,0,0,11,4,4
azure.com:network-vmssNetworkInterface,1,1,1,0,1,1,1,1,1,1,0,1,1,0,0,11,4,4
azure.com:network-vmssPublicIpAddress,1,1,1,0,1,1,1,1,1,1,0,1,1,0,0,11,4,4
azure.com:notificationhubs,1,1,1,0,1,1,1,1,1,1,0,1,1,0,0,11,4,4
azure.com:operationalinsights-OperationalInsights,1,1,1,0,1,1,1,1,1,1,0,1,1,0,0,11,4,4
azure.com:operationsmanagement-OperationsManagement,1,1,1,0,1,1,1,1,1,1,0,1,1,0,0,11,4,4
azure.com:policyinsights-policyEvents,1,1,1,0,1,0,1,1,1,1,0,1,1,0,0,10,5,4
azure.com:policyinsights-policyStates,1,1,1,0,1,0,1,1,1,1,0,1,1,0,0,10,5,4
azure.com:postgresql,1,1,1,0,1,1,1,1,1,1,0,1,1,0,0,11,4,4
azure.com:powerbidedicated,1,1,1,0,1,1,1,1,1,1,0,1,1,0,0,11,4,4
azure.com:powerbiembedded,1,1,1,0,1,1,1,1,1,1,0,0,0,0,0,9,6,0
azure.com:provisioningservices-iotdps,1,1,1,0,1,1,1,1,1,1,0,1,1,0,0,11,4,4
azure.com:recoveryservices-backup,1,1,1,0,1,1,1,1,1,1,0,1,1,0,0,11,4,4
azure.com:recoveryservices-registeredidentities,1,1,1,0,1,1,1,1,1,1,0,1,1,0,0,11,4,4
azure.com:recoveryservices-replicationusages,1,1,1,0,1,1,1,1,1,1,0,1,1,0,0,11,4,4
azure.com:recoveryservices-vaults,1,1,1,0,1,1,1,1,1,1,0,1,1,0,0,11,4,4
azure.com:recoveryservices-vaultusages,1,1,1,0,1,1,1,1,1,1,0,1,1,0,0,11,4,4
azure.com:recoveryservicesbackup,1,1,1,0,1,1,1,1,1,1,0,1,1,0,0,11,4,4
azure.com:recoveryservicesbackup-backupManagement,1,1,1,0,1,1,1,1,1,1,0,1,1,0,0,11,4,4
azure.com:recoveryservicesbackup-bms,1,1,1,0,1,1,1,1,1,1,0,1,1,0,0,11,4,4
azure.com:recoveryservicesbackup-jobs,1,1,1,0,1,1,1,1,1,1,0,1,1,0,0,11,4,4
azure.com:recoveryservicesbackup-operations,1,1,1,0,1,1,1,1,1,1,0,1,1,0,0,11,4,4
azure.com:recoveryservicesbackup-registeredIdentities,1,1,1,0,1,1,1,1,1,1,0,1,1,0,0,11,4,4
azure.com:recoveryservicessiterecovery-service,1,1,1,0,1,1,1,1,1,1,0,1,1,0,0,11,4,4
azure.com:redis,1,1,1,0,1,1,1,1,1,1,0,1,1,0,0,11,4,4
azure.com:relay,1,1,1,0,1,1,1,1,1,1,0,1,1,0,0,11,4,4
azure.com:reservations,1,1,1,0,1,1,1,1,1,1,0,1,0,0,0,10,5,0
azure.com:resourcehealth,1,1,1,0,1,0,1,1,1,1,0,1,1,0,0,10,5,4
azure.com:resources,1,1,1,0,1,1,1,1,1,1,0,1,1,0,0,11,4,4
azure.com:resources-features,1,1,1,0,1,1,1,1,1,1,0,1,1,0,0,11,4,4
azure.com:resources-links,1,1,1,0,1,1,1,1,1,1,0,1,1,0,0,11,4,4
azure.com:resources-locks,1,1,1,0,1,1,1,1,1,1,0,1,1,0,0,11,4,4
azure.com:resources-managedapplications,1,1,1,0,1,1,1,1,1,1,0,1,1,0,0,11,4,4
azure.com:resources-management,1,1,1,0,1,1,1,1,1,1,0,1,1,1,0,12,3,4
azure.com:resources-policy,1,1,1,0,1,1,1,1,1,1,0,1,1,0,0,11,4,4
azure.com:resources-policyAssignments,1,1,1,0,1,1,1,1,1,1,0,1,1,0,0,11,4,4
azure.com:resources-policyDefinitions,1,1,1,0,1,1,1,1,1,1,0,1,1,0,0,11,4,4
azure.com:resources-policySetDefinitions,1,1,1,0,1,1,1,1,1,1,0,1,1,0,0,11,4,4
azure.com:resources-subscriptions,1,1,1,0,1,1,1,1,1,1,0,1,1,0,0,11,4,4
azure.com:scheduler,1,1,1,0,1,1,1,1,1,1,0,0,0,0,0,9,6,0
azure.com:search,1,1,1,0,1,1,1,1,1,1,0,1,1,0,0,11,4,4
azure.com:search-searchindex,1,1,1,0,1,1,1,1,1,1,0,0,0,0,0,9,6,0
azure.com:search-searchservice,1,1,1,0,1,1,1,1,1,1,0,0,0,0,0,9,6,0
azure.com:servermanagement,1,1,1,0,1,1,1,1,1,1,0,1,1,0,0,11,4,4
azure.com:service-map-arm-service-map,1,1,1,0,1,1,1,1,1,1,0,1,1,0,0,11,4,4
azure.com:servicebus,1,1,1,0,1,1,1,1,1,1,0,1,1,0,0,11,4,4
azure.com:servicefabric,1,1,1,0,1,0,1,1,1,1,0,0,0,0,0,8,7,9
azure.com:sql-Databases,1,1,1,0,1,1,1,1,1,1,0,1,0,0,0,10,5,0
azure.com:sql-advisors,1,1,1,0,1,1,1,1,1,1,0,1,0,0,0,10,5,0
azure.com:sql-backupLongTermRetentionPolicies,1,1,1,0,1,1,1,1,1,1,0,1,0,0,0,10,5,0
azure.com:sql-backupLongTermRetentionVaults,1,1,1,0,1,1,1,1,1,1,0,1,0,0,0,10,5,0
azure.com:sql-backups,1,1,1,0,1,1,1,1,1,1,0,1,0,0,0,10,5,0
azure.com:sql-blobAuditingPolicies,1,1,1,0,1,1,1,1,1,1,0,1,0,0,0,10,5,0
azure.com:sql-cancelOperations,1,1,1,0,1,1,1,1,1,1,0,1,0,0,0,10,5,0
azure.com:sql-cancelPoolOperations,1,1,1,0,1,1,1,1,1,1,0,1,0,0,0,10,5,0
azure.com:sql-capabilities,1,1,1,0,1,1,1,1,1,1,0,1,0,0,0,10,5,0
azure.com:sql-checkNameAvailability,1,1,1,0,1,1,1,1,1,1,0,1,0,0,0,10,5,0
azure.com:sql-connectionPolicies,1,1,1,0,1,1,1,1,1,1,0,1,0,0,0,10,5,0
azure.com:sql-dataMasking,1,1,1,0,1,1,1,1,1,1,0,1,0,0,0,10,5,0
azure.com:sql-dataWarehouseUserActivities,1,1,1,0,1,1,1,1,1,1,0,1,0,0,0,10,5,0
azure.com:sql-databaseAutomaticTuning,1,1,1,0,1,1,1,1,1,1,0,1,0,0,0,10,5,0
azure.com:sql-databaseSecurityAlertPolicies,1,1,1,0,1,1,1,1,1,1,0,1,0,0,0,10,5,0
azure.com:sql-databases,1,1,1,0,1,1,1,1,1,1,0,1,0,0,0,10,5,0
azure.com:sql-deprecated,1,1,1,0,1,1,1,1,1,1,0,1,0,0,0,10,5,0
azure.com:sql-disasterRecoveryConfigurations,1,1,1,0,1,1,1,1,1,1,0,1,0,0,0,10,5,0
azure.com:sql-elasticPools,1,1,1,0,1,1,1,1,1,1,0,1,0,0,0,10,5,0
azure.com:sql-encryptionProtectors,1,1,1,0,1,1,1,1,1,1,0,1,0,0,0,10,5,0
azure.com:sql-failoverGroups,1,1,1,0,1,1,1,1,1,1,0,1,0,0,0,10,5,0
azure.com:sql-firewallRules,1,1,1,0,1,1,1,1,1,1,0,1,0,0,0,10,5,0
azure.com:sql-geoBackupPolicies,1,1,1,0,1,1,1,1,1,1,0,1,0,0,0,10,5,0
azure.com:sql-importExport,1,1,1,0,1,1,1,1,1,1,0,1,0,0,0,10,5,0
azure.com:sql-managedDatabases,1,1,1,0,1,1,1,1,1,1,0,1,0,0,0,10,5,0
azure.com:sql-metrics,1,1,1,0,1,1,1,1,1,1,0,1,0,0,0,10,5,0
azure.com:sql-operations,1,1,1,0,1,1,1,1,1,1,0,1,0,0,0,10,5,0
azure.com:sql-queries,1,1,1,0,1,1,1,1,1,1,0,1,0,0,0,10,5,0
azure.com:sql-renameDatabase,1,1,1,0,1,1,1,1,1,1,0,1,0,0,0,10,5,0
azure.com:sql-replicationLinks,1,1,1,0,1,1,1,1,1,1,0,1,0,0,0,10,5,0
azure.com:sql-restorePoints,1,1,1,0,1,1,1,1,1,1,0,1,0,0,0,10,5,0
azure.com:sql-serverAutomaticTuning,1,1,1,0,1,1,1,1,1,1,0,1,0,0,0,10,5,0
azure.com:sql-serverAzureADAdministrators,1,1,1,0,1,1,1,1,1,1,0,1,0,0,0,10,5,0
azure.com:sql-serverCommunicationLinks,1,1,1,0,1,1,1,1,1,1,0,1,0,0,0,10,5,0
azure.com:sql-serverDnsAliases,1,1,1,0,1,1,1,1,1,1,0,1,0,0,0,10,5,0
azure.com:sql-serverKeys,1,1,1,0,1,1,1,1,1,1,0,1,0,0,0,10,5,0
azure.com:sql-servers,1,1,1,0,1,1,1,1,1,1,0,1,0,0,0,10,5,0
azure.com:sql-serviceObjectives,1,1,1,0,1,1,1,1,1,1,0,1,0,0,0,10,5,0
azure.com:sql-sql.core,1,1,1,0,1,1,1,1,1,1,0,1,0,0,0,10,5,0
azure.com:sql-syncAgents,1,1,1,0,1,1,1,1,1,1,0,1,0,0,0,10,5,0
azure.com:sql-syncGroups,1,1,1,0,1,1,1,1,1,1,0,1,0,0,0,10,5,0
azure.com:sql-syncMembers,1,1,1,0,1,1,1,1,1,1,0,1,0,0,0,10,5,0
azure.com:sql-tableAuditing,1,1,1,0,1,1,1,1,1,1,0,1,0,0,0,10,5,0
azure.com:sql-usages,1,1,1,0,1,1,1,1,1,1,0,1,0,0,0,10,5,0
azure.com:sql-virtualNetworkRules,1,1,1,0,1,1,1,1,1,1,0,1,0,0,0,10,5,0
azure.com:storage,1,1,1,0,1,1,1,1,1,1,0,1,1,0,0,11,4,4
azure.com:storageimportexport,1,1,1,0,1,1,1,1,1,1,0,1,1,0,0,11,4,4
azure.com:storsimple8000series-storsimple,1,1,1,0,1,1,1,1,1,1,0,1,1,0,0,11,4,4
azure.com:streamanalytics-functions,1,1,1,0,1,1,1,1,1,1,0,1,1,0,0,11,4,4
azure.com:streamanalytics-inputs,1,1,1,0,1,1,1,1,1,1,0,1,1,0,0,11,4,4
azure.com:streamanalytics-outputs,1,1,1,0,1,1,1,1,1,1,0,1,1,0,0,11,4,4
azure.com:streamanalytics-streamingjobs,1,1,1,0,1,1,1,1,1,1,0,1,1,0,0,11,4,4
azure.com:streamanalytics-subscriptions,1,1,1,0,1,1,1,1,1,1,0,1,1,0,0,11,4,4
azure.com:streamanalytics-transformations,1,1,1,0,1,1,1,1,1,1,0,1,1,0,0,11,4,4
azure.com:subscription-subscriptionDefinitions,1,1,1,0,1,1,1,1,1,1,0,1,1,0,0,11,4,4
azure.com:timeseriesinsights,1,1,1,0,1,1,1,1,1,1,0,1,1,0,0,11,4,4
azure.com:trafficmanager,1,1,1,0,1,1,1,1,1,1,0,1,1,0,0,11,4,4
azure.com:trafficmanager-trafficmanageranalytics,1,1,1,0,1,1,1,1,1,1,0,1,1,0,0,11,4,4
azure.com:visualstudio-Csm,1,1,1,0,1,1,1,1,1,1,0,1,1,0,0,11,4,4
azure.com:web-AppServiceCertificateOrders,1,1,1,0,1,1,1,1,1,1,0,1,1,0,0,11,4,4
azure.com:web-AppServiceEnvironments,1,1,1,0,1,1,1,1,1,1,0,1,1,0,0,11,4,4
azure.com:web-AppServicePlans,1,1,1,0,1,1,1,1,1,1,0,1,1,0,0,11,4,4
azure.com:web-CertificateRegistrationProvider,1,1,1,0,1,1,1,1,1,1,0,1,1,0,0,11,4,4
azure.com:web-Certificates,1,1,1,0,1,1,1,1,1,1,0,1,1,0,0,11,4,4
azure.com:web-DeletedWebApps,1,1,1,0,1,1,1,1,1,1,0,1,1,0,0,11,4,4
azure.com:web-Diagnostics,1,1,1,0,1,1,1,1,1,1,0,1,1,0,0,11,4,4
azure.com:web-DomainRegistrationProvider,1,1,1,0,1,1,1,1,1,1,0,1,1,0,0,11,4,4
azure.com:web-Domains,1,1,1,0,1,1,1,1,1,1,0,1,1,0,0,11,4,4
azure.com:web-Provider,1,1,1,0,1,1,1,1,1,1,0,1,1,0,0,11,4,4
azure.com:web-Recommendations,1,1,1,0,1,1,1,1,1,1,0,1,1,0,0,11,4,4
azure.com:web-ResourceProvider,1,1,1,0,1,1,1,1,1,1,0,1,1,0,0,11,4,4
azure.com:web-TopLevelDomains,1,1,1,0,1,1,1,1,1,1,0,1,1,0,0,11,4,4
azure.com:web-WebApps,1,1,1,0,1,1,1,1,1,1,0,1,1,0,0,11,4,4
azure.com:web-logicAppsManagementClient,1,1,1,0,1,1,1,1,1,1,0,1,1,0,0,11,4,4
azure.com:web-service,1,1,1,0,1,0,0,1,1,1,0,1,1,0,0,9,6,4
bbc.co.uk,1,1,1,1,1,1,1,1,1,1,0,0,0,1,0,11,4,1
bbc.com,1,1,1,1,1,1,1,1,1,0,0,1,1,1,1,13,2,3
bbci.co.uk,1,1,1,1,1,1,1,1,1,1,0,1,1,0,1,13,2,3
bclaws.ca:bclaws,1,1,1,1,1,0,1,1,0,0,0,0,0,1,1,9,6,6
beanstream.com,1,1,1,1,1,0,1,1,1,0,0,0,0,0,0,8,7,6
beezup.com,1,1,1,1,1,1,1,1,1,1,1,1,0,1,1,14,1,3
betfair.com,1,1,1,1,1,1,1,1,1,0,0,0,0,0,0,9,6,1
bigoven.com,1,1,1,0,1,0,1,1,1,0,0,1,0,0,1,9,6,9
bikewise.org,1,1,1,1,1,0,1,1,0,0,0,0,0,1,1,9,6,6
bitbucket.org,1,1,1,1,1,1,1,1,1,0,0,1,0,1,1,12,3,1
blazemeter.com,1,1,1,1,1,1,1,1,1,0,0,1,0,1,0,11,4,1
bluemix.net:containers,1,1,1,1,1,0,1,1,1,0,0,0,0,0,0,8,7,6
botify.com,1,1,1,1,1,0,1,1,1,0,0,1,1,0,1,11,4,5
box.com:authorization,1,1,1,1,1,1,1,1,1,0,0,0,0,0,0,9,6,1
box.com:content,1,1,1,1,1,1,1,1,1,0,1,1,1,1,0,13,2,1
box.com:token,1,1,1,1,1,1,1,1,1,0,0,0,0,0,0,9,6,1
box.com:upload,1,1,1,1,1,1,1,1,1,0,0,1,1,0,0,11,4,5
brandlovers.com,1,1,1,1,1,1,1,1,1,0,0,1,0,1,0,11,4,1
brex.io,0,1,0,0,0,0,0,1,0,0,0,0,0,1,0,3,12,6
browshot.com,1,1,1,1,1,0,1,1,1,0,0,1,1,0,0,10,5,5
bufferapp.com,1,1,1,1,1,1,1,1,1,0,0,1,0,0,1,11,4,3
bungie.net,1,1,1,1,1,0,0,1,1,0,0,1,0,1,1,10,5,8
callfire.com,1,1,1,1,1,1,1,1,1,0,0,1,0,1,0,11,4,1
cambase.io,1,1,1,1,1,0,0,1,0,0,0,0,0,1,0,7,8,6
carbondoomsday.com,1,1,1,1,1,1,1,1,1,0,0,1,1,0,0,11,4,5
ccp.is,1,1,1,1,1,0,1,1,1,1,0,1,0,0,0,10,5,0
cenit.io,1,1,1,1,1,1,1,1,1,0,0,1,1,1,1,13,2,3
channel4.com,1,1,1,1,1,1,1,1,1,1,0,1,1,1,1,14,1,3
circleci.com,1,1,1,1,1,0,1,1,1,1,1,1,1,0,0,12,3,5
circuitsandbox.net,1,1,1,1,1,0,0,1,1,0,0,1,0,0,0,8,7,2
cisco.com,1,1,1,0,1,0,1,1,0,0,0,1,0,0,0,7,8,9
citrixonline.com:gotomeeting,1,1,1,1,1,1,1,1,1,1,0,0,0,1,1,12,3,1
citrixonline.com:scim,1,1,1,1,1,1,1,1,1,1,0,0,0,1,1,12,3,1
citycontext.com,1,1,1,1,1,0,1,1,1,0,0,1,1,1,0,11,4,5
clarify.io,1,1,1,1,1,0,0,1,1,0,0,0,0,1,0,8,7,6
clever-cloud.com,1,1,1,1,1,0,0,1,1,0,0,0,0,1,0,8,7,6
clever.com,1,1,1,1,1,0,1,1,1,0,1,1,1,0,0,11,4,5
clickmeter.com,1,1,1,0,1,0,0,1,1,0,0,1,1,0,0,8,7,2
cloudmersive.com:ocr,1,1,1,0,1,1,1,1,1,0,0,1,0,0,0,9,6,0
cnab-online.herokuapp.com,1,1,1,1,1,0,1,1,1,0,0,0,0,0,0,8,7,6
code-scan.com,1,1,1,1,1,1,1,1,1,0,0,1,0,0,0,10,5,0
consumerfinance.gov,1,1,1,1,1,0,0,1,1,0,0,0,0,1,1,9,6,7
core.ac.uk,1,1,1,1,1,0,0,1,1,0,0,1,1,1,0,10,5,2
cybertaxonomy.eu,1,1,1,1,1,0,1,1,1,0,0,0,0,1,0,9,6,6
data.gov,1,1,1,1,1,0,0,1,0,0,0,1,1,1,1,10,5,2
data2crm.com,1,1,1,1,1,1,1,1,1,0,1,0,0,1,1,12,3,1
dataatwork.org,1,1,1,1,1,1,1,1,1,0,0,0,0,0,0,9,6,1
datumbox.com,1,1,1,1,1,0,1,1,0,0,0,0,0,1,0,8,7,6
deeparteffects.com,1,1,1,1,1,0,1,1,1,0,0,1,0,0,0,9,6,5
deutschebahn.com:betriebsstellen,1,1,1,1,1,0,0,1,1,0,0,1,0,1,0,9,6,6
deutschebahn.com:fahrplan,1,1,1,1,1,1,1,1,1,0,0,0,0,0,0,9,6,1
deutschebahn.com:fasta,1,1,1,1,1,1,1,1,1,0,0,1,1,0,0,11,4,5
deutschebahn.com:flinkster,1,1,1,1,1,0,1,1,1,0,0,0,0,1,0,9,6,6
deutschebahn.com:reisezentren,1,1,1,1,1,0,0,1,1,0,0,1,0,1,0,9,6,6
deutschebahn.com:stada,1,1,1,1,1,0,0,1,1,0,0,0,0,0,0,7,8,6
digitallinguistics.io,1,1,1,1,1,1,1,1,1,1,1,1,1,1,1,15,0,3
docker.com:engine,1,1,1,1,1,1,1,1,1,0,0,0,0,1,0,10,5,1
docusign.net,1,1,1,1,1,1,1,1,1,1,1,1,0,1,1,14,1,3
domainsdb.info,1,1,1,1,1,1,1,1,1,0,0,1,0,1,0,11,4,1
dracoon.team,1,1,1,1,1,0,0,1,1,0,0,0,0,1,0,8,7,6
dropx.io,1,1,1,1,1,0,1,1,0,0,0,1,0,0,0,8,7,2
dweet.io,1,1,1,1,1,0,0,1,0,0,0,0,0,1,0,7,8,6
ebay.com:buy-browse,1,1,1,1,1,0,0,1,1,0,0,1,0,0,0,8,7,2
ebay.com:buy-feed,1,1,1,1,1,0,1,1,1,0,0,1,0,0,0,9,6,5
ebay.com:buy-marketing,1,1,1,1,1,0,0,1,1,0,0,1,0,0,0,8,7,2
ebay.com:commerce-taxonomy,1,1,1,1,1,0,1,1,1,0,0,1,0,0,0,9,6,5
ebay.com:sell-fulfillment,1,1,1,1,1,0,1,1,1,0,0,1,0,0,0,9,6,5
envoice.in,1,1,1,0,1,0,0,1,1,0,0,1,0,0,0,7,8,9
epa.gov:air,1,1,1,1,1,1,1,1,1,1,0,0,0,0,0,10,5,0
epa.gov:case,1,1,1,1,1,1,1,1,1,1,0,0,0,0,0,10,5,0
epa.gov:cwa,1,1,1,1,1,1,1,1,1,1,0,0,0,0,0,10,5,0
epa.gov:dfr,1,1,1,1,1,1,1,1,1,1,0,0,0,0,0,10,5,0
epa.gov:echo,1,1,1,1,1,1,1,1,1,1,0,0,0,0,0,10,5,0
epa.gov:eff,1,1,1,1,1,1,1,1,1,1,0,0,0,0,0,10,5,0
epa.gov:rcra,1,1,1,1,1,1,1,1,1,1,0,0,0,0,0,10,5,0
epa.gov:sdw,1,1,1,1,1,1,1,1,1,1,0,0,0,0,0,10,5,0
etmdb.com,1,1,1,0,1,0,0,1,0,0,0,1,0,0,0,6,9,2
europeana.eu,1,1,1,1,1,1,0,1,1,0,0,0,0,1,0,9,6,1
exavault.com,1,1,1,1,1,0,0,1,1,0,0,0,0,1,1,9,6,7
fantasydata.net:cbb-v3-scores,1,1,1,1,1,0,1,1,1,0,0,1,1,0,0,10,5,5
fantasydata.net:cbb-v3-stats,1,1,1,1,1,0,1,1,1,0,0,1,1,0,0,10,5,5
fantasydata.net:cfb-v3-scores,1,1,1,1,1,0,1,1,1,0,0,1,1,0,0,10,5,5
fantasydata.net:golf-v2,1,1,1,1,1,0,1,1,1,0,0,1,1,0,0,10,5,5
fantasydata.net:mlb-v3-play-by-play,1,1,1,1,1,0,1,1,1,0,0,1,1,0,0,10,5,5
fantasydata.net:mlb-v3-projections,1,1,1,1,1,0,1,1,1,0,0,1,1,0,0,10,5,5
fantasydata.net:mlb-v3-projections-dfsr,1,1,1,1,1,0,1,1,1,0,0,1,1,0,0,10,5,5
fantasydata.net:mlb-v3-rotoballer-articles,1,1,1,1,1,0,1,1,1,0,0,1,1,0,0,10,5,5
fantasydata.net:mlb-v3-rotoballer-premium-news,1,1,1,1,1,0,1,1,1,0,0,1,1,0,0,10,5,5
fantasydata.net:mlb-v3-scores,1,1,1,1,1,0,1,1,1,0,0,1,1,0,0,10,5,5
fantasydata.net:mlb-v3-stats,1,1,1,1,1,0,1,1,1,0,0,1,1,0,0,10,5,5
fantasydata.net:nascar-v2,1,1,1,1,1,0,1,1,1,0,0,1,1,0,0,10,5,5
fantasydata.net:nba-v3-play-by-play,1,1,1,1,1,0,1,1,1,0,0,1,1,0,0,10,5,5
fantasydata.net:nba-v3-projections,1,1,1,1,1,0,1,1,1,0,0,1,1,0,0,10,5,5
fantasydata.net:nba-v3-rotoballer-articles,1,1,1,1,1,0,1,1,1,0,0,1,1,0,0,10,5,5
fantasydata.net:nba-v3-rotoballer-premium-news,1,1,1,1,1,0,1,1,1,0,0,1,1,0,0,10,5,5
fantasydata.net:nba-v3-scores,1,1,1,1,1,0,1,1,1,0,0,1,1,0,0,10,5,5
fantasydata.net:nba-v3-stats,1,1,1,1,1,0,1,1,1,0,0,1,1,0,0,10,5,5
fantasydata.net:nfl-v3-play-by-play,1,1,1,1,1,0,1,1,1,0,0,1,1,0,0,10,5,5
fantasydata.net:nfl-v3-projections,1,1,1,1,1,0,1,1,1,0,0,1,1,0,0,10,5,5
fantasydata.net:nfl-v3-projections-dfsr,1,1,1,1,1,0,1,1,1,0,0,1,1,0,0,10,5,5
fantasydata.net:nfl-v3-rotoballer-articles,1,1,1,1,1,0,1,1,1,0,0,1,1,0,0,10,5,5
fantasydata.net:nfl-v3-rotoballer-premium-news,1,1,1,1,1,0,1,1,1,0,0,1,1,0,0,10,5,5
fantasydata.net:nfl-v3-scores,1,1,1,1,1,0,1,1,1,0,0,1,1,0,0,10,5,5
fantasydata.net:nfl-v3-stats,1,1,1,1,1,0,1,1,1,0,0,1,1,0,0,10,5,5
fantasydata.net:nhl-v3-play-by-play,1,1,1,1,1,0,1,1,1,0,0,1,1,0,0,10,5,5
fantasydata.net:nhl-v3-projections,1,1,1,1,1,0,1,1,1,0,0,1,1,0,0,10,5,5
fantasydata.net:nhl-v3-scores,1,1,1,1,1,0,1,1,1,0,0,1,1,0,0,10,5,5
fantasydata.net:nhl-v3-stats,1,1,1,1,1,0,1,1,1,0,0,1,1,0,0,10,5,5
fantasydata.net:soccer-v3-projections,1,1,1,1,1,0,1,1,1,0,0,1,1,0,0,10,5,5
fantasydata.net:soccer-v3-scores,1,1,1,1,1,0,1,1,1,0,0,1,1,0,0,10,5,5
fantasydata.net:soccer-v3-stats,1,1,1,1,1,0,1,1,1,0,0,1,1,0,0,10,5,5
figshare.com,1,1,1,1,1,0,1,1,1,0,0,1,0,0,0,9,6,5
firebrowse.org,1,1,1,1,1,0,1,1,0,0,0,0,0,1,0,8,7,6
flat.io,1,1,1,1,1,1,1,1,1,1,0,1,0,1,0,12,3,0
flickr.com,1,1,1,1,1,1,1,1,1,0,0,0,0,0,0,9,6,1
formapi.io,1,1,1,1,1,0,1,1,0,0,0,1,0,0,0,8,7,2
freesound.org,1,1,1,1,1,0,1,1,1,0,0,0,0,1,1,10,5,6
funtranslations.com,1,1,1,0,1,1,1,1,0,0,0,1,0,1,0,9,6,0
furkot.com,1,1,1,1,1,0,1,1,1,0,0,1,1,0,1,11,4,5
geneea.com,1,1,1,1,1,1,1,1,1,0,0,1,1,1,0,12,3,1
geodesystems.com,1,1,1,1,1,0,0,1,0,0,0,1,0,1,0,8,7,2
getgo.com:gototraining,1,1,1,1,1,1,1,1,1,1,0,0,0,1,0,11,4,1
getgo.com:gotowebinar,1,1,1,1,1,1,1,1,1,1,0,0,0,1,0,11,4,1
getsandbox.com,1,1,1,1,1,1,1,1,1,0,0,1,0,1,1,12,3,1
gettyimages.com,1,1,1,1,1,0,0,1,1,0,0,1,1,0,0,9,6,2
giphy.com,1,1,1,1,1,1,1,1,1,1,1,1,1,1,1,15,0,3
gisgraphy.com,1,1,1,1,1,0,0,1,1,0,0,1,0,0,0,8,7,2
github.com,1,1,1,1,1,1,1,1,1,0,0,1,0,0,1,11,4,3
gitlab.com,1,1,1,1,1,0,1,1,1,0,0,1,1,1,0,11,4,5
googleapis.com:abusiveexperiencereport,1,1,1,1,1,0,0,1,1,1,0,1,0,1,1,11,4,8
googleapis.com:acceleratedmobilepageurl,1,1,1,1,1,0,0,1,1,1,0,0,0,1,1,10,5,7
googleapis.com:adexchangebuyer,1,1,1,1,1,0,0,1,1,1,0,1,0,1,1,11,4,8
googleapis.com:adexchangebuyer2,1,1,1,1,1,0,0,1,1,1,0,1,0,1,1,11,4,8
googleapis.com:adexchangeseller,1,1,1,1,1,0,0,1,1,1,0,1,0,1,1,11,4,8
googleapis.com:adexperiencereport,1,1,1,1,1,0,0,1,1,1,0,1,0,1,1,11,4,8
googleapis.com:admin,1,1,1,1,1,0,0,1,1,1,0,1,0,1,1,11,4,8
googleapis.com:adsense,1,1,1,1,1,0,0,1,1,1,0,1,0,1,1,11,4,8
googleapis.com:adsensehost,1,1,1,1,1,0,0,1,1,1,0,1,0,1,1,11,4,8
googleapis.com:analytics,1,1,1,1,1,0,0,1,1,1,0,1,0,1,1,11,4,8
googleapis.com:analyticsreporting,1,1,1,1,1,0,0,1,1,1,0,1,0,1,1,11,4,8
googleapis.com:androiddeviceprovisioning,1,1,1,1,1,0,0,1,1,1,0,0,0,1,1,10,5,7
googleapis.com:androidenterprise,1,1,1,1,1,0,0,1,1,1,0,1,0,1,1,11,4,8
googleapis.com:androidmanagement,1,1,1,1,1,0,0,1,1,1,0,1,0,1,1,11,4,8
googleapis.com:androidpublisher,1,1,1,1,1,0,0,1,1,1,0,1,0,1,1,11,4,8
googleapis.com:appengine,1,1,1,1,1,0,0,1,1,1,0,1,0,1,1,11,4,8
googleapis.com:appsactivity,1,1,1,1,1,0,0,1,1,1,0,1,0,1,1,11,4,8
googleapis.com:appstate,1,1,1,1,1,0,0,1,1,1,0,1,0,1,1,11,4,8
googleapis.com:bigquery,1,1,1,1,1,0,0,1,1,1,0,1,0,1,1,11,4,8
googleapis.com:bigquerydatatransfer,1,1,1,1,1,0,0,1,1,1,0,1,0,1,1,11,4,8
googleapis.com:blogger,1,1,1,1,1,0,0,1,1,1,0,1,0,1,1,11,4,8
googleapis.com:books,1,1,1,1,1,0,0,1,1,1,0,1,0,1,1,11,4,8
googleapis.com:calendar,1,1,1,1,1,0,0,1,1,1,0,1,0,1,1,11,4,8
googleapis.com:chat,1,1,1,1,1,0,0,1,1,1,0,0,0,1,1,10,5,7
googleapis.com:civicinfo,1,1,1,1,1,0,0,1,1,1,0,0,0,1,1,10,5,7
googleapis.com:classroom,1,1,1,1,1,0,0,1,1,1,0,1,0,1,1,11,4,8
googleapis.com:cloudbilling,1,1,1,1,1,0,0,1,1,1,0,1,0,1,1,11,4,8
googleapis.com:cloudbuild,1,1,1,1,1,0,0,1,1,1,0,1,0,1,1,11,4,8
googleapis.com:clouddebugger,1,1,1,1,1,0,0,1,1,1,0,1,0,1,1,11,4,8
googleapis.com:clouderrorreporting,1,1,1,1,1,0,0,1,1,1,0,1,0,1,1,11,4,8
googleapis.com:cloudfunctions,1,1,1,1,1,0,0,1,1,1,0,1,0,1,1,11,4,8
googleapis.com:cloudiot,1,1,1,1,1,0,0,1,1,1,0,1,0,1,1,11,4,8
googleapis.com:cloudkms,1,1,1,1,1,0,0,1,1,1,0,1,0,1,1,11,4,8
googleapis.com:cloudmonitoring,1,1,1,1,1,0,0,1,1,1,0,1,0,1,1,11,4,8
googleapis.com:cloudresourcemanager,1,1,1,1,1,0,0,1,1,1,0,1,0,1,1,11,4,8
googleapis.com:cloudshell,1,1,1,1,1,0,0,1,1,1,0,1,0,1,1,11,4,8
googleapis.com:cloudtasks,1,1,1,1,1,0,0,1,1,1,0,1,0,1,1,11,4,8
googleapis.com:cloudtrace,1,1,1,1,1,0,0,1,1,1,0,1,0,1,1,11,4,8
googleapis.com:clouduseraccounts,1,1,1,1,1,0,0,1,1,1,0,1,0,1,1,11,4,8
googleapis.com:compute,1,1,1,1,1,0,0,1,1,1,0,1,0,1,1,11,4,8
googleapis.com:consumersurveys,1,1,1,1,1,0,0,1,1,1,0,1,0,1,0,10,5,8
googleapis.com:container,1,1,1,1,1,0,0,1,1,1,0,1,0,1,1,11,4,8
googleapis.com:content,1,1,1,1,1,0,0,1,1,1,0,1,0,1,1,11,4,8
googleapis.com:customsearch,1,1,1,1,1,0,0,1,1,1,0,0,0,1,1,10,5,7
googleapis.com:dataflow,1,1,1,1,1,0,0,1,1,1,0,1,0,1,1,11,4,8
googleapis.com:dataproc,1,1,1,1,1,0,0,1,1,1,0,1,0,1,1,11,4,8
googleapis.com:datastore,1,1,1,1,1,0,0,1,1,1,0,1,0,1,1,11,4,8
googleapis.com:deploymentmanager,1,1,1,1,1,0,0,1,1,1,0,1,0,1,1,11,4,8
googleapis.com:dfareporting,1,1,1,1,1,0,0,1,1,1,0,1,0,1,1,11,4,8
googleapis.com:digitalassetlinks,1,1,1,1,1,0,0,1,1,1,0,0,0,1,1,10,5,7
googleapis.com:discovery,1,1,1,1,1,0,0,1,1,1,0,0,0,1,1,10,5,7
googleapis.com:dlp,1,1,1,1,1,0,0,1,1,1,0,1,0,1,1,11,4,8
googleapis.com:dns,1,1,1,1,1,0,0,1,1,1,0,1,0,1,1,11,4,8
googleapis.com:doubleclickbidmanager,1,1,1,1,1,0,0,1,1,1,0,1,0,1,1,11,4,8
googleapis.com:doubleclicksearch,1,1,1,1,1,0,0,1,1,1,0,1,0,1,1,11,4,8
googleapis.com:drive,1,1,1,1,1,0,0,1,1,1,0,1,0,1,1,11,4,8
googleapis.com:firebasedynamiclinks,1,1,1,1,1,0,0,1,1,1,0,1,0,1,1,11,4,8
googleapis.com:firebaseremoteconfig,1,1,1,1,1,0,0,1,1,1,0,0,0,1,1,10,5,7
googleapis.com:firebaserules,1,1,1,1,1,0,0,1,1,1,0,1,0,1,1,11,4,8
googleapis.com:firestore,1,1,1,1,1,0,0,1,1,1,0,1,0,1,1,11,4,8
googleapis.com:fitness,1,1,1,1,1,0,0,1,1,1,0,1,0,1,1,11,4,8
googleapis.com:fusiontables,1,1,1,1,1,0,0,1,1,1,0,1,0,1,1,11,4,8
googleapis.com:games,1,1,1,1,1,0,0,1,1,1,0,1,0,1,1,11,4,8
googleapis.com:gamesConfiguration,1,1,1,1,1,0,0,1,1,1,0,1,0,1,1,11,4,8
googleapis.com:gamesManagement,1,1,1,1,1,0,0,1,1,1,0,1,0,1,1,11,4,8
googleapis.com:genomics,1,1,1,1,1,0,0,1,1,1,0,1,0,1,1,11,4,8
googleapis.com:gmail,1,1,1,1,1,0,0,1,1,1,0,1,0,1,1,11,4,8
googleapis.com:groupsmigration,1,1,1,1,1,1,0,1,1,1,0,1,0,1,1,12,3,8
googleapis.com:groupssettings,1,1,1,1,1,0,0,1,1,1,0,1,0,1,1,11,4,8
googleapis.com:iam,1,1,1,1,1,0,0,1,1,1,0,1,0,1,1,11,4,8
googleapis.com:identitytoolkit,1,1,1,1,1,0,0,1,1,1,0,1,0,1,1,11,4,8
googleapis.com:kgsearch,1,1,1,1,1,0,0,1,1,1,0,0,0,1,1,10,5,7
googleapis.com:language,1,1,1,1,1,0,0,1,1,1,0,1,0,1,1,11,4,8
googleapis.com:licensing,1,1,1,1,1,0,0,1,1,1,0,1,0,1,1,11,4,8
googleapis.com:logging,1,1,1,1,1,0,0,1,1,1,0,1,0,1,1,11,4,8
googleapis.com:manufacturers,1,1,1,1,1,0,0,1,1,1,0,1,0,1,1,11,4,8
googleapis.com:mirror,1,1,1,1,1,0,0,1,1,1,0,1,0,1,1,11,4,8
googleapis.com:ml,1,1,1,1,1,0,0,1,1,1,0,1,0,1,1,11,4,8
googleapis.com:monitoring,1,1,1,1,1,0,0,1,1,1,0,1,0,1,1,11,4,8
googleapis.com:oauth2,1,1,1,1,1,0,0,1,1,1,0,1,0,1,1,11,4,8
googleapis.com:oslogin,1,1,1,1,1,0,0,1,1,1,0,1,0,1,1,11,4,8
googleapis.com:pagespeedonline,1,1,1,1,1,0,0,1,1,1,0,0,0,1,0,9,6,7
googleapis.com:partners,1,1,1,1,1,0,0,1,1,1,0,0,0,1,1,10,5,7
googleapis.com:people,1,1,1,1,1,0,0,1,1,1,0,1,0,1,1,11,4,8
googleapis.com:playcustomapp,1,1,1,1,1,1,0,1,1,1,0,1,0,1,1,12,3,8
googleapis.com:playmoviespartner,1,1,1,1,1,0,0,1,1,1,0,1,0,1,1,11,4,8
googleapis.com:plus,1,1,1,1,1,0,0,1,1,1,0,1,0,1,1,11,4,8
googleapis.com:plusDomains,1,1,1,1,1,0,0,1,1,1,0,1,0,1,1,11,4,8
googleapis.com:poly,1,1,1,1,1,0,0,1,1,1,0,0,0,1,1,10,5,7
googleapis.com:prediction,1,1,1,1,1,0,0,1,1,1,0,1,0,1,1,11,4,8
googleapis.com:proximitybeacon,1,1,1,1,1,0,0,1,1,1,0,1,0,1,1,11,4,8
googleapis.com:pubsub,1,1,1,1,1,0,0,1,1,1,0,1,0,1,1,11,4,8
googleapis.com:qpxExpress,1,1,1,1,1,0,0,1,1,1,0,0,0,1,1,10,5,7
googleapis.com:replicapool,1,1,1,1,1,0,0,1,1,1,0,1,0,1,1,11,4,8
googleapis.com:replicapoolupdater,1,1,1,1,1,0,0,1,1,1,0,1,0,1,1,11,4,8
googleapis.com:reseller,1,1,1,1,1,0,0,1,1,1,0,1,0,1,1,11,4,8
googleapis.com:resourceviews,1,1,1,1,1,0,0,1,1,1,0,1,0,1,1,11,4,8
googleapis.com:runtimeconfig,1,1,1,1,1,0,0,1,1,1,0,1,0,1,1,11,4,8
googleapis.com:safebrowsing,1,1,1,1,1,0,0,1,1,1,0,0,0,1,1,10,5,7
googleapis.com:script,1,1,1,1,1,0,0,1,1,1,0,1,0,1,1,11,4,8
googleapis.com:searchconsole,1,1,1,1,1,0,0,1,1,1,0,0,0,1,1,10,5,7
googleapis.com:serviceconsumermanagement,1,1,1,1,1,0,0,1,1,1,0,1,0,1,1,11,4,8
googleapis.com:servicecontrol,1,1,1,1,1,0,0,1,1,1,0,1,0,1,1,11,4,8
googleapis.com:servicemanagement,1,1,1,1,1,0,0,1,1,1,0,1,0,1,1,11,4,8
googleapis.com:serviceusage,1,1,1,1,1,0,0,1,1,1,0,1,0,1,1,11,4,8
googleapis.com:serviceuser,1,1,1,1,1,0,0,1,1,1,0,1,0,1,1,11,4,8
googleapis.com:sheets,1,1,1,1,1,0,0,1,1,1,0,1,0,1,1,11,4,8
googleapis.com:siteVerification,1,1,1,1,1,0,0,1,1,1,0,1,0,1,1,11,4,8
googleapis.com:slides,1,1,1,1,1,0,0,1,1,1,0,1,0,1,1,11,4,8
googleapis.com:sourcerepo,1,1,1,1,1,0,0,1,1,1,0,1,0,1,1,11,4,8
googleapis.com:spanner,1,1,1,1,1,0,0,1,1,1,0,1,0,1,1,11,4,8
googleapis.com:spectrum,1,1,1,1,1,0,0,1,1,1,0,0,0,1,1,10,5,7
googleapis.com:speech,1,1,1,1,1,0,0,1,1,1,0,1,0,1,1,11,4,8
googleapis.com:sqladmin,1,1,1,1,1,0,0,1,1,1,0,1,0,1,1,11,4,8
googleapis.com:storage,1,1,1,1,1,0,0,1,1,1,0,1,0,1,1,11,4,8
googleapis.com:storagetransfer,1,1,1,1,1,0,0,1,1,1,0,1,0,1,1,11,4,8
googleapis.com:streetviewpublish,1,1,1,1,1,0,0,1,1,1,0,1,0,1,1,11,4,8
googleapis.com:surveys,1,1,1,1,1,0,0,1,1,1,0,1,0,1,0,10,5,8
googleapis.com:tagmanager,1,1,1,1,1,0,0,1,1,1,0,1,0,1,1,11,4,8
googleapis.com:taskqueue,1,1,1,1,1,0,0,1,1,1,0,1,0,1,1,11,4,8
googleapis.com:tasks,1,1,1,1,1,0,0,1,1,1,0,1,0,1,1,11,4,8
googleapis.com:testing,1,1,1,1,1,0,0,1,1,1,0,1,0,1,1,11,4,8
googleapis.com:toolresults,1,1,1,1,1,0,0,1,1,1,0,1,0,1,1,11,4,8
googleapis.com:tpu,1,1,1,1,1,0,0,1,1,1,0,1,0,1,1,11,4,8
googleapis.com:tracing,1,1,1,1,1,0,0,1,1,1,0,1,0,1,1,11,4,8
googleapis.com:translate,1,1,1,1,1,0,0,1,1,1,0,1,0,1,1,11,4,8
googleapis.com:urlshortener,1,1,1,1,1,0,0,1,1,1,0,1,0,1,1,11,4,8
googleapis.com:vault,1,1,1,1,1,0,0,1,1,1,0,1,0,1,1,11,4,8
googleapis.com:videointelligence,1,1,1,1,1,0,0,1,1,1,0,1,0,1,1,11,4,8
googleapis.com:vision,1,1,1,1,1,0,0,1,1,1,0,1,0,1,1,11,4,8
googleapis.com:webfonts,1,1,1,1,1,0,0,1,1,1,0,0,0,1,1,10,5,7
googleapis.com:webmasters,1,1,1,1,1,0,0,1,1,1,0,1,0,1,1,11,4,8
googleapis.com:youtube,1,1,1,1,1,0,0,1,1,1,0,1,0,1,1,11,4,8
googleapis.com:youtubeAnalytics,1,1,1,1,1,0,0,1,1,1,0,1,0,1,1,11,4,8
googleapis.com:youtubereporting,1,1,1,1,1,0,0,1,1,1,0,1,0,1,1,11,4,8
gov.bc.ca:bcdc,1,1,1,1,1,1,1,1,0,0,0,1,1,1,0,11,4,1
gov.bc.ca:bcgnws,1,1,1,1,1,0,1,1,0,0,0,0,0,1,1,9,6,6
gov.bc.ca:geocoder,1,1,1,1,1,0,1,1,0,0,0,0,0,1,1,9,6,6
gov.bc.ca:geomark,1,1,1,1,1,0,0,1,0,0,0,0,0,1,1,8,7,7
gov.bc.ca:jobposting,1,1,1,1,1,0,1,1,1,0,0,0,0,0,0,8,7,6
gov.bc.ca:news,1,1,1,1,1,1,1,1,1,0,0,1,0,0,0,10,5,0
gov.bc.ca:open511,1,1,1,1,1,0,1,1,0,0,0,0,0,1,1,9,6,6
gov.bc.ca:router,1,1,1,1,1,0,1,1,0,0,0,1,1,1,1,11,4,2
graphhopper.com,1,1,1,1,1,1,1,1,1,0,0,1,1,0,0,11,4,5
greenpeace.org,1,1,1,1,1,1,1,1,1,0,0,0,0,0,0,9,6,1
gsa.gov,1,1,1,1,1,0,0,1,0,0,0,0,0,1,0,7,8,6
hackathonwatch.com,1,1,1,1,1,0,1,1,0,0,0,0,0,1,0,8,7,6
haloapi.com:metadata,1,1,1,1,1,0,1,1,0,0,0,1,1,0,0,9,6,2
haloapi.com:profile,1,1,1,1,1,0,0,1,0,0,0,1,1,0,0,8,7,2
haloapi.com:stats,1,1,1,1,1,0,1,1,0,0,0,1,1,0,0,9,6,2
haloapi.com:ugc,1,1,1,1,1,0,1,1,0,0,0,1,1,0,0,9,6,2
healthcare.gov,1,1,1,1,1,0,0,1,1,0,0,1,0,0,1,9,6,8
hetras-certification.net:booking,1,1,1,1,1,0,1,1,1,0,0,0,0,0,0,8,7,6
hetras-certification.net:hotel,1,1,1,1,1,0,1,1,1,0,0,0,0,0,0,8,7,6
hhs.gov,1,1,1,1,1,1,0,1,1,0,0,0,0,1,0,9,6,1
highwaysengland.co.uk,1,1,1,1,1,1,1,1,1,0,0,0,0,0,0,9,6,1
hsbc.com,1,1,1,0,1,1,1,1,1,0,0,0,0,0,0,8,7,9
icons8.com,1,1,1,1,1,0,1,1,1,0,0,0,0,0,0,8,7,6
idtbeyond.com,1,1,1,1,1,1,1,1,1,0,0,0,0,0,0,9,6,1
ijenko.net,1,1,1,0,1,1,1,1,1,1,1,1,1,1,0,13,2,4
illumidesk.com,1,1,1,0,1,1,1,1,1,0,0,1,1,0,0,10,5,4
import.io:data,1,1,1,1,1,0,0,1,1,0,0,1,0,1,1,10,5,8
import.io:extraction,1,1,1,1,1,0,1,1,1,0,0,1,0,1,1,11,4,6
import.io:rss,1,1,1,1,1,0,1,1,1,0,0,1,0,1,1,11,4,6
import.io:run,1,1,1,1,1,1,1,1,1,0,0,1,0,1,1,12,3,1
import.io:schedule,1,1,1,1,1,1,1,1,1,0,0,1,0,1,1,12,3,1
inboxroute.com,1,1,1,1,1,1,1,1,1,0,1,1,1,0,0,12,3,5
infermedica.com,1,1,1,1,1,0,1,1,1,0,0,0,0,1,0,9,6,6
instagram.com,1,1,1,1,1,0,1,1,1,0,0,1,0,1,1,11,4,6
instawell.com,1,1,1,1,1,1,1,1,1,0,0,0,0,0,0,9,6,1
iqualify.com,1,1,1,1,1,0,0,1,1,1,1,1,1,1,0,12,3,8
isbndb.com,1,1,1,0,1,0,1,1,1,0,0,1,0,0,0,8,7,9
isendpro.com,1,1,1,1,1,0,0,1,1,0,0,0,0,0,0,7,8,6
iva-api.com,1,1,1,0,1,0,1,1,1,0,0,1,0,1,1,10,5,6
je-apis.com,1,1,1,1,1,0,0,1,1,0,0,0,0,1,0,8,7,6
jirafe.com,1,1,1,1,1,0,1,1,1,0,0,1,0,1,1,11,4,6
jumpseller.com,1,1,1,1,1,1,1,1,1,1,0,0,0,0,0,10,5,0
just-eat.co.uk,1,1,1,0,1,0,1,1,1,0,0,0,0,0,0,7,8,9
koomalooma.com,1,1,1,1,1,0,1,1,1,0,0,1,1,0,1,11,4,5
kubernetes.io,1,1,1,0,1,0,0,1,1,0,0,1,1,0,0,8,7,2
landregistry.gov.uk:deed,1,1,1,1,1,0,1,1,1,0,0,0,0,0,0,8,7,6
launchdarkly.com,1,1,1,1,1,1,1,1,1,1,1,1,1,0,0,13,2,3
learnifier.com,1,1,1,0,1,0,1,1,1,0,0,0,0,0,1,8,7,9
letmc.com:basic-tier,1,1,1,0,1,0,1,1,1,0,0,1,0,0,0,8,7,9
letmc.com:customer,1,1,1,0,1,1,0,1,1,0,0,1,0,0,0,8,7,0
letmc.com:diary,1,1,1,0,1,0,1,1,1,0,0,1,0,0,0,8,7,9
letmc.com:free-tier,1,1,1,0,1,1,1,1,1,0,0,1,0,0,0,9,6,0
letmc.com:maintenance,1,1,1,0,1,1,1,1,1,0,0,1,0,0,0,9,6,0
letmc.com:reporting,1,1,1,0,1,1,1,1,1,0,0,1,0,0,0,9,6,0
link.fish,1,1,1,1,1,1,0,1,1,0,0,1,0,1,0,10,5,1
loganalytics.io:operationalinsights-OperationalInsights,1,1,1,1,1,1,1,1,1,1,0,1,1,0,0,12,3,3
lotadata.com,1,1,1,1,1,0,1,1,1,0,0,1,1,0,0,10,5,5
lufthansa.com:partner,1,1,1,1,1,1,1,1,0,0,0,1,0,0,0,9,6,0
lufthansa.com:public,1,1,1,1,1,1,1,1,1,0,0,1,0,0,0,10,5,0
lyft.com,1,1,1,1,1,1,1,1,1,1,0,1,1,1,0,13,2,3
magento.com,1,1,1,1,1,0,0,1,1,0,0,0,0,1,0,8,7,6
magick.nu,1,1,1,1,1,0,0,1,1,0,0,0,0,1,0,8,7,6
mandrillapp.com,1,1,1,1,1,0,0,1,1,0,0,1,0,0,1,9,6,8
mashape.com:geodb,1,1,1,1,1,1,1,1,1,0,0,1,1,1,0,12,3,1
mcw.edu,1,1,1,1,1,1,1,1,1,0,0,0,0,1,0,10,5,1
medium.com,1,1,1,1,1,0,1,1,1,0,0,1,0,0,1,10,5,5
miataru.com,1,1,1,1,1,1,1,1,1,0,0,0,0,0,0,9,6,1
microsoft.com:cognitiveservices-CustomSearch,1,1,1,1,1,0,1,1,1,1,0,1,1,0,0,11,4,5
microsoft.com:cognitiveservices-EntitySearch,1,1,1,1,1,0,1,1,1,1,0,1,1,0,0,11,4,5
microsoft.com:cognitiveservices-ImageSearch,1,1,1,1,1,0,1,1,1,1,0,1,1,0,0,11,4,5
microsoft.com:cognitiveservices-NewsSearch,1,1,1,1,1,0,1,1,1,1,0,1,1,0,0,11,4,5
microsoft.com:cognitiveservices-Prediction,1,1,1,1,1,0,1,1,1,1,0,0,0,0,0,9,6,6
microsoft.com:cognitiveservices-SpellCheck,1,1,1,1,1,1,1,1,1,1,0,1,1,0,0,12,3,3
microsoft.com:cognitiveservices-Training,1,1,1,1,1,0,0,1,1,1,0,0,0,0,0,8,7,7
microsoft.com:cognitiveservices-VideoSearch,1,1,1,1,1,0,1,1,1,1,0,1,1,0,0,11,4,5
microsoft.com:cognitiveservices-WebSearch,1,1,1,1,1,0,1,1,1,1,0,1,1,0,0,11,4,5
moonmoonmoonmoon.com,1,1,1,1,1,0,0,1,0,0,0,0,0,1,0,7,8,6
motaword.com,1,1,1,1,1,1,1,1,1,0,0,1,0,0,1,11,4,3
mozilla.com:kinto,1,1,1,1,1,0,1,1,0,0,0,1,0,1,0,9,6,6
nativeads.com,1,1,1,0,1,0,1,1,1,0,0,0,0,0,0,7,8,9
naviplancentral.com:factfinder,1,1,1,1,1,0,1,1,1,0,0,0,0,0,0,8,7,6
naviplancentral.com:plan,1,1,1,1,1,0,1,1,1,0,0,0,0,0,0,8,7,6
nba.com,1,1,1,1,1,0,1,1,0,0,0,0,0,0,0,7,8,6
neowsapp.com,1,1,1,1,1,1,1,1,1,0,0,0,0,1,0,10,5,1
netatmo.net,1,1,1,1,1,1,1,1,1,0,0,1,0,1,1,12,3,1
netlicensing.io,1,1,1,1,1,0,1,1,1,0,0,1,0,1,0,10,5,6
netlify.com,1,1,1,1,1,1,1,1,1,0,1,1,1,0,0,12,3,5
neutrinoapi.com,1,1,1,1,1,1,1,1,1,0,0,1,0,0,0,10,5,0
nfusionsolutions.biz,1,1,1,1,1,1,1,1,1,0,0,1,0,0,0,10,5,0
noosh.com,1,1,1,1,1,0,1,1,1,0,0,1,0,1,0,10,5,6
npr.org,1,1,1,0,1,1,1,1,1,1,1,1,0,1,1,13,2,0
nrel.gov:building-case-studies,1,1,1,1,1,0,1,1,0,0,0,1,1,1,0,10,5,2
nrel.gov:transportation-incentives-laws,1,1,1,1,1,0,0,1,1,0,0,1,1,1,0,10,5,2
nsidc.org,1,1,1,1,1,0,0,1,0,0,0,0,0,1,0,7,8,6
nytimes.com:archive,1,1,1,1,1,0,1,1,1,0,0,1,1,0,1,11,4,5
nytimes.com:article_search,1,1,1,1,1,0,1,1,1,0,0,1,1,0,1,11,4,5
nytimes.com:books_api,1,1,1,1,1,1,1,1,1,0,0,1,0,0,1,11,4,3
nytimes.com:community,1,1,1,1,1,1,1,1,1,0,0,1,0,0,1,11,4,3
nytimes.com:geo_api,1,1,1,1,1,0,1,1,1,0,0,1,1,0,1,11,4,5
nytimes.com:most_popular_api,1,1,1,1,1,1,1,1,1,1,0,1,0,0,1,12,3,3
nytimes.com:movie_reviews,1,1,1,1,1,0,1,1,1,0,0,1,1,0,1,11,4,5
nytimes.com:semantic_api,1,1,1,1,1,0,1,1,1,0,0,1,1,0,1,11,4,5
nytimes.com:times_tags,1,1,1,1,1,0,1,1,0,0,0,1,1,0,1,10,5,2
nytimes.com:timeswire,1,1,1,1,1,0,1,1,1,0,0,1,1,0,1,11,4,5
nytimes.com:top_stories,1,1,1,1,1,0,1,1,1,0,0,1,1,0,1,11,4,5
o2.cz:mobility,1,1,1,1,1,0,1,1,1,0,0,0,0,1,0,9,6,6
o2.cz:sociodemo,1,1,1,1,1,0,1,1,1,0,0,0,0,1,0,9,6,6
oceandrivers.com,1,1,1,1,1,0,1,1,0,0,0,0,0,1,0,8,7,6
omdbapi.com,1,1,1,1,1,1,1,1,1,0,0,1,0,0,1,11,4,3
openapi-converter.herokuapp.com,1,1,1,1,1,1,1,1,0,0,0,0,1,1,1,11,4,1
openbanking.org.uk,1,1,1,1,1,0,1,1,0,0,0,0,0,1,0,8,7,6
opencagedata.com,1,1,1,1,1,1,1,1,1,0,0,0,0,0,1,10,5,1
opendatasoft.com,1,1,1,1,1,0,1,1,1,1,0,1,1,1,0,12,3,5
openfintech.io,1,1,1,1,1,0,1,1,1,1,0,0,0,1,0,10,5,6
openstf.io,1,1,1,1,1,1,1,1,1,0,0,1,0,1,0,11,4,1
opentargets.io,1,1,1,1,1,1,1,1,0,0,0,0,0,1,0,9,6,1
orghunter.com,1,1,1,1,1,0,0,1,0,0,0,1,1,1,0,9,6,2
osf.io,1,1,1,1,1,0,0,1,0,0,0,0,0,1,0,7,8,6
osisoft.com,1,1,1,1,1,0,1,1,1,0,0,0,0,0,0,8,7,6
owler.com,1,1,1,1,1,0,1,1,1,0,0,1,1,1,0,11,4,5
oxforddictionaries.com,1,1,1,1,1,0,1,1,1,1,0,0,0,0,0,9,6,6
paccurate.io,1,1,1,0,1,1,1,1,1,0,0,0,0,0,0,8,7,9
pandorabots.com,1,1,1,1,1,0,0,1,0,0,0,1,1,1,0,9,6,2
passwordutility.net,1,1,1,0,1,1,1,1,1,0,0,0,0,0,0,8,7,9
patientview.org,1,1,1,1,1,1,0,1,1,0,0,0,0,1,0,9,6,1
paylocity.com,1,1,1,1,1,1,1,1,1,0,0,1,0,0,0,10,5,0
payments.service.gov.uk:payments,1,1,1,0,1,0,1,1,1,0,0,0,0,1,0,8,7,6
payrun.io,1,1,1,1,1,1,1,1,1,0,0,0,0,0,1,10,5,1
peel-ci.com,1,1,1,1,1,0,1,1,0,0,0,0,0,1,0,8,7,6
personio.de:authentication,1,1,1,1,1,1,1,1,1,0,0,0,0,0,0,9,6,1
personio.de:personnel,1,1,1,1,1,1,1,1,1,0,0,1,0,0,0,10,5,0
phila.gov:pollingplaces,1,1,1,1,1,0,1,1,1,0,0,0,0,0,0,8,7,6
polygon.io,1,1,1,0,1,0,1,1,1,0,0,1,1,0,0,9,6,5
postmarkapp.com:account,1,1,1,1,1,1,1,1,1,0,1,0,0,0,0,10,5,1
postmarkapp.com:server,1,1,1,1,1,1,1,1,1,0,1,0,0,0,0,10,5,1
posty-api.herokuapp.com,1,1,1,1,1,0,1,1,0,0,0,0,0,1,0,8,7,6
ptv.vic.gov.au,1,1,1,0,1,1,1,1,1,0,0,0,0,0,0,8,7,9
qualpay.com,1,1,1,1,1,1,1,1,1,0,0,1,0,1,0,11,4,1
quotes.rest,1,1,1,0,1,1,1,1,1,0,0,0,0,1,0,9,6,1
rbaskets.in,1,1,1,1,1,1,1,1,1,0,0,1,0,1,0,11,4,1
rebilly.com,1,1,1,1,1,1,1,1,1,1,1,1,1,1,0,14,1,3
receptive.io,1,1,1,0,1,0,1,1,1,1,1,1,1,0,0,11,4,4
refugerestrooms.org,1,1,1,1,1,0,1,1,0,0,0,0,0,1,0,8,7,6
reverb.com,1,1,1,1,1,1,1,1,1,0,0,1,0,0,1,11,4,3
ritc.io,1,1,1,1,1,1,1,1,1,0,0,1,0,0,0,10,5,0
ritekit.com,1,1,1,1,1,0,0,1,1,0,0,0,0,0,0,7,8,6
roaring.io,1,1,1,1,1,0,0,1,1,0,0,1,0,0,0,8,7,2
rottentomatoes.com,1,1,1,1,1,1,1,1,1,0,0,1,1,1,1,13,2,3
rummblelabs.com,1,1,1,0,1,0,1,1,1,0,0,0,0,0,0,7,8,9
runscope.com,1,1,1,1,1,0,1,1,1,1,1,1,1,0,0,12,3,5
salesloft.com,1,1,1,0,1,0,0,1,1,0,0,1,0,1,0,8,7,6
schooldigger.com,1,1,1,0,1,1,1,1,1,0,0,0,0,0,0,8,7,9
scrapewebsite.email,1,1,1,1,1,0,1,1,0,0,0,0,0,1,0,8,7,6
selectpdf.com,1,1,1,1,1,1,1,1,1,0,0,0,0,0,0,9,6,1
semantria.com,1,1,1,1,1,0,1,1,1,0,0,0,0,1,1,10,5,6
sendgrid.com,1,1,1,1,1,0,0,1,1,1,0,1,0,0,1,10,5,8
shipstation.com,1,1,1,1,1,0,0,1,1,0,0,0,0,0,0,7,8,6
simplyrets.com,1,1,1,1,1,1,1,1,1,0,0,1,0,0,0,10,5,0
slack.com,1,1,1,1,1,0,1,1,1,0,0,1,0,0,1,10,5,5
slicebox.local,1,1,1,1,1,1,1,1,1,0,0,0,0,1,0,10,5,1
slideroom.com,1,1,1,0,1,0,1,1,1,0,0,0,0,0,0,7,8,9
smart-me.com,1,1,1,0,1,0,0,1,1,0,0,1,0,0,0,7,8,9
solarvps.com,1,1,1,1,1,0,1,1,0,0,0,1,0,1,0,9,6,6
spectrocoin.com,1,1,1,1,1,1,1,1,1,0,0,0,0,1,0,10,5,1
spinbot.net,1,1,1,1,1,1,1,1,0,0,0,1,1,1,1,12,3,3
spinitron.com,1,1,1,1,1,0,1,1,1,1,0,1,0,1,0,11,4,6
spotify.com,1,1,1,1,1,1,1,1,1,0,0,1,0,0,1,11,4,3
squareup.com,1,1,1,0,1,1,1,1,1,0,0,1,0,0,1,10,5,0
stackexchange.com,1,1,1,1,1,0,0,1,1,0,0,1,0,0,1,9,6,8
staging-ecotaco.com,1,1,1,1,1,0,0,1,1,0,0,0,0,0,0,7,8,6
statsocial.com,1,1,1,1,1,0,1,1,1,0,0,1,1,0,1,11,4,5
stoplight.io,1,1,1,1,1,1,1,1,1,0,1,1,0,0,0,11,4,0
storecove.com,1,1,1,1,1,1,1,1,1,0,0,1,1,1,0,12,3,1
stripe.com,1,1,1,0,1,1,1,1,1,0,0,0,0,0,0,8,7,9
surrey.ca:open511,1,1,1,1,1,0,1,1,0,0,0,0,0,1,0,8,7,6
surrey.ca:trafficloops,1,1,1,1,1,0,1,1,0,0,0,0,0,1,0,8,7,6
swagger.io:generator,1,1,1,1,1,0,0,1,1,0,0,0,0,1,0,8,7,6
swaggerhub.com,1,1,1,0,1,0,1,1,1,0,0,1,0,1,0,9,6,6
synq.fm,1,1,1,1,1,1,0,1,1,0,1,0,0,0,0,9,6,1
taggun.io,1,1,1,1,1,0,0,1,1,0,0,1,0,1,0,9,6,6
taxamo.com,1,1,1,1,1,1,1,1,1,0,0,1,0,1,0,11,4,1
taxrates.io,1,1,1,1,1,1,1,1,1,0,0,1,0,0,0,10,5,0
tfl.gov.uk,1,1,1,0,1,1,0,1,1,0,0,1,0,0,0,8,7,0
thenounproject.com,1,1,1,1,1,0,1,1,0,0,0,0,0,1,1,9,6,6
thesmsworks.co.uk,1,1,1,1,1,1,1,1,1,0,0,1,0,0,0,10,5,0
thetvdb.com,1,1,1,1,1,1,1,1,1,1,0,1,0,1,0,12,3,0
traccar.org,1,1,1,1,1,1,1,1,1,1,0,1,1,0,0,12,3,3
transavia.com,1,1,1,1,1,0,1,1,1,0,0,1,1,0,0,10,5,5
trello.com,1,1,1,1,1,0,0,1,1,0,0,1,0,1,1,10,5,8
turbinelabs.io,1,1,1,1,1,0,1,1,1,0,0,1,1,1,0,11,4,5
tvmaze.com,1,1,1,1,1,1,1,1,1,0,0,1,1,0,0,11,4,5
twilio.com,1,1,1,1,1,0,0,1,1,0,0,1,0,0,1,9,6,8
twinehealth.com,1,1,1,1,1,1,1,1,1,0,0,1,0,1,0,11,4,1
twitter.com,1,1,1,1,1,0,0,1,0,0,0,0,0,0,0,6,9,2
tyk.com,1,1,1,0,1,0,0,1,1,0,0,0,0,0,0,6,9,9
uebermaps.com,1,1,1,1,1,1,1,1,1,0,0,0,0,0,0,9,6,1
vatapi.com,1,1,1,1,1,0,0,1,1,0,0,1,1,1,0,10,5,2
versioneye.com,1,1,1,1,1,0,1,1,0,0,0,0,0,1,0,8,7,6
vestorly.com,1,1,1,1,1,0,0,1,1,0,0,1,0,1,1,10,5,8
victorops.com,1,1,1,1,1,0,1,1,1,1,1,0,0,1,0,11,4,6
visagecloud.com,1,1,1,1,1,0,0,1,1,0,0,0,0,1,0,8,7,6
vocadb.net,1,1,1,0,1,0,0,1,1,0,0,0,0,0,0,6,9,9
voodoomfg.com,1,1,1,1,1,0,1,1,1,0,0,1,1,0,0,10,5,5
waag.org,1,1,1,1,1,0,1,1,0,0,0,0,0,1,0,8,7,6
watchful.li,1,1,1,1,1,0,0,1,1,0,0,0,0,1,1,9,6,7
waterlinked.com,1,1,1,0,1,1,1,1,1,0,1,0,0,0,0,9,6,9
wavecell.com,1,1,1,1,1,0,1,1,1,0,0,1,0,0,0,9,6,5
wealthport.com,1,1,1,1,1,0,0,1,1,0,0,1,0,1,0,9,6,6
weatherbit.io,1,1,1,1,1,0,1,1,1,0,0,0,0,0,0,8,7,6
weber-gesamtausgabe.de,1,1,1,1,1,0,1,1,1,1,0,0,0,1,0,10,5,6
whapi.com:accounts,1,1,1,1,1,1,1,1,1,1,0,1,1,0,0,12,3,3
whapi.com:bets,1,1,1,1,1,1,1,1,1,1,0,1,1,0,0,12,3,3
whapi.com:locations,1,1,1,1,1,1,1,1,1,1,0,1,1,0,0,12,3,3
whapi.com:numbers,1,1,1,1,1,1,1,1,1,0,0,1,1,0,0,11,4,5
whapi.com:sessions,1,1,1,1,1,0,0,1,1,1,0,1,1,0,0,10,5,2
whapi.com:sportsdata,1,1,1,1,1,1,1,1,1,1,0,0,0,0,0,10,5,0
who-hosts-this.com,1,1,1,1,1,0,1,1,0,0,0,1,1,0,1,10,5,2
wikimedia.org,1,1,1,1,1,0,0,1,1,0,0,1,0,1,0,9,6,6
windows.net:batch-BatchService,1,1,1,0,1,1,1,1,1,1,0,0,0,0,0,9,6,0
windows.net:graphrbac,1,1,1,0,1,1,1,1,1,1,0,1,1,0,0,11,4,4
winning.email,1,1,1,1,1,1,1,1,1,0,0,1,1,1,0,12,3,1
winsms.co.za,1,1,1,1,1,1,1,1,1,0,0,1,1,0,0,11,4,5
wmata.com:bus-realtime,1,1,1,1,1,0,0,1,0,0,0,1,1,0,0,8,7,2
wmata.com:bus-route,1,1,1,1,1,0,0,1,0,0,0,1,1,0,0,8,7,2
wmata.com:incidents,1,1,1,1,1,0,0,1,0,0,0,1,1,0,0,8,7,2
wmata.com:rail-realtime,1,1,1,1,1,0,0,1,0,0,0,1,1,0,0,8,7,2
wmata.com:rail-station,1,1,1,1,1,0,0,1,0,0,0,1,1,0,0,8,7,2
wordassociations.net,1,1,1,1,1,1,1,1,1,0,0,1,1,0,0,11,4,5
wordnik.com,1,1,1,1,1,0,0,1,1,0,0,1,1,1,1,11,4,8
wowza.com,1,1,1,1,1,1,1,1,1,1,0,1,1,1,1,14,1,3
wso2apistore.com:transform,1,1,1,1,1,0,0,1,0,0,0,1,0,0,0,7,8,2
xero.com,1,1,1,1,1,1,1,1,1,1,1,0,0,1,0,12,3,1
xkcd.com,1,1,1,1,1,0,0,1,1,0,0,1,0,0,1,9,6,8
yunbi.com,1,1,1,1,1,0,1,1,0,0,0,0,0,1,0,8,7,6
zalando.com,1,1,1,1,1,0,1,1,1,1,0,0,0,0,0,9,6,6
zappiti.com,1,1,1,1,1,1,1,1,1,0,0,0,0,0,0,9,6,1
zoom.us,1,1,1,1,1,1,1,1,1,1,0,1,1,1,1,14,1,3
zoomconnect.com,1,1,1,1,1,0,1,1,1,0,0,1,0,1,0,10,5,6
zuora.com,1,1,1,1,1,1,1,1,1,1,0,0,0,1,0,11,4,1
