"","X","swagger","info","host","basePath","schemes","consumes","produces","paths","definitions","parameters","responses","securityDefinitions","security","tags","externalDocs","implemented.fields","missing.fields","cluster","pam_fit$clustering"
"1","1forge.com",1,1,1,1,1,0,1,1,0,0,0,0,0,0,0,7,8,0,1
"2","6-dot-authentiqio.appspot.com",1,1,1,1,1,0,0,1,1,1,1,0,0,0,0,9,6,1,2
"3","adafruit.com",1,1,1,1,1,0,1,1,1,1,0,1,1,0,0,11,4,2,3
"4","adobe.com:aem",1,1,1,1,1,0,0,1,1,0,0,1,1,0,0,9,6,2,2
"5","afterbanks.com",1,1,1,1,1,0,1,1,1,0,0,0,0,0,0,8,7,0,1
"6","agco-ats.com",1,1,1,0,1,0,0,1,1,0,0,0,0,0,0,6,9,0,1
"7","airport-web.appspot.com",1,1,1,1,1,1,1,1,1,0,0,1,0,0,0,10,5,0,4
"8","amadeus.com",1,1,1,1,1,0,1,1,1,0,0,1,1,0,0,10,5,2,4
"9","amazonaws.com:AWSMigrationHub",1,1,1,1,1,1,1,1,1,1,0,1,1,0,1,13,2,4,5
"10","amazonaws.com:acm",1,1,1,1,1,1,1,1,1,1,0,1,1,0,1,13,2,4,5
"11","amazonaws.com:alexaforbusiness",1,1,1,1,1,1,1,1,1,1,0,1,1,0,1,13,2,4,5
"12","amazonaws.com:apigateway",1,1,1,1,1,1,1,1,1,1,0,1,1,0,1,13,2,4,5
"13","amazonaws.com:application-autoscaling",1,1,1,1,1,1,1,1,1,1,0,1,1,0,1,13,2,4,5
"14","amazonaws.com:appstream",1,1,1,1,1,1,1,1,1,1,0,1,1,0,1,13,2,4,5
"15","amazonaws.com:appsync",1,1,1,1,1,1,1,1,1,1,0,1,1,0,1,13,2,4,5
"16","amazonaws.com:athena",1,1,1,1,1,1,1,1,1,1,0,1,1,0,1,13,2,4,5
"17","amazonaws.com:autoscaling",1,1,1,1,1,1,1,1,1,1,0,1,1,0,1,13,2,4,5
"18","amazonaws.com:autoscaling-plans",1,1,1,1,1,1,1,1,1,1,0,1,1,0,1,13,2,4,5
"19","amazonaws.com:batch",1,1,1,1,1,1,1,1,1,1,0,1,1,0,1,13,2,4,5
"20","amazonaws.com:budgets",1,1,1,1,1,1,1,1,1,1,0,1,1,0,1,13,2,4,5
"21","amazonaws.com:ce",1,1,1,1,1,1,1,1,1,1,0,1,1,0,1,13,2,4,5
"22","amazonaws.com:cloud9",1,1,1,1,1,1,1,1,1,1,0,1,1,0,1,13,2,4,5
"23","amazonaws.com:clouddirectory",1,1,1,1,1,1,1,1,1,1,0,1,1,0,1,13,2,4,5
"24","amazonaws.com:cloudformation",1,1,1,1,1,1,1,1,1,1,0,1,1,0,1,13,2,4,5
"25","amazonaws.com:cloudfront",1,1,1,1,1,1,1,1,1,1,0,1,1,0,1,13,2,4,5
"26","amazonaws.com:cloudhsm",1,1,1,1,1,1,1,1,1,1,0,1,1,0,1,13,2,4,5
"27","amazonaws.com:cloudhsmv2",1,1,1,1,1,1,1,1,1,1,0,1,1,0,1,13,2,4,5
"28","amazonaws.com:cloudsearch",1,1,1,1,1,1,1,1,1,1,0,1,1,0,1,13,2,4,5
"29","amazonaws.com:cloudsearchdomain",1,1,1,1,1,1,1,1,1,1,0,1,1,0,1,13,2,4,5
"30","amazonaws.com:cloudtrail",1,1,1,1,1,1,1,1,1,1,0,1,1,0,1,13,2,4,5
"31","amazonaws.com:codebuild",1,1,1,1,1,1,1,1,1,1,0,1,1,0,1,13,2,4,5
"32","amazonaws.com:codecommit",1,1,1,1,1,1,1,1,1,1,0,1,1,0,1,13,2,4,5
"33","amazonaws.com:codedeploy",1,1,1,1,1,1,1,1,1,1,0,1,1,0,1,13,2,4,5
"34","amazonaws.com:codepipeline",1,1,1,1,1,1,1,1,1,1,0,1,1,0,1,13,2,4,5
"35","amazonaws.com:codestar",1,1,1,1,1,1,1,1,1,1,0,1,1,0,1,13,2,4,5
"36","amazonaws.com:cognito-identity",1,1,1,1,1,1,1,1,1,1,0,1,1,0,1,13,2,4,5
"37","amazonaws.com:cognito-idp",1,1,1,1,1,1,1,1,1,1,0,1,1,0,1,13,2,4,5
"38","amazonaws.com:cognito-sync",1,1,1,1,1,1,1,1,1,1,0,1,1,0,1,13,2,4,5
"39","amazonaws.com:comprehend",1,1,1,1,1,1,1,1,1,1,0,1,1,0,1,13,2,4,5
"40","amazonaws.com:config",1,1,1,1,1,1,1,1,1,1,0,1,1,0,1,13,2,4,5
"41","amazonaws.com:cur",1,1,1,1,1,1,1,1,1,1,0,1,1,0,1,13,2,4,5
"42","amazonaws.com:datapipeline",1,1,1,1,1,1,1,1,1,1,0,1,1,0,1,13,2,4,5
"43","amazonaws.com:dax",1,1,1,1,1,1,1,1,1,1,0,1,1,0,1,13,2,4,5
"44","amazonaws.com:devicefarm",1,1,1,1,1,1,1,1,1,1,0,1,1,0,1,13,2,4,5
"45","amazonaws.com:directconnect",1,1,1,1,1,1,1,1,1,1,0,1,1,0,1,13,2,4,5
"46","amazonaws.com:discovery",1,1,1,1,1,1,1,1,1,1,0,1,1,0,1,13,2,4,5
"47","amazonaws.com:dms",1,1,1,1,1,1,1,1,1,1,0,1,1,0,1,13,2,4,5
"48","amazonaws.com:ds",1,1,1,1,1,1,1,1,1,1,0,1,1,0,1,13,2,4,5
"49","amazonaws.com:dynamodb",1,1,1,1,1,1,1,1,1,1,0,1,1,0,1,13,2,4,5
"50","amazonaws.com:ec2",1,1,1,1,1,1,1,1,1,1,0,1,1,0,1,13,2,4,5
"51","amazonaws.com:ecr",1,1,1,1,1,1,1,1,1,1,0,1,1,0,1,13,2,4,5
"52","amazonaws.com:ecs",1,1,1,1,1,1,1,1,1,1,0,1,1,0,1,13,2,4,5
"53","amazonaws.com:elasticache",1,1,1,1,1,1,1,1,1,1,0,1,1,0,1,13,2,4,5
"54","amazonaws.com:elasticbeanstalk",1,1,1,1,1,1,1,1,1,1,0,1,1,0,1,13,2,4,5
"55","amazonaws.com:elasticfilesystem",1,1,1,1,1,1,1,1,1,1,0,1,1,0,1,13,2,4,5
"56","amazonaws.com:elasticloadbalancing",1,1,1,1,1,1,1,1,1,1,0,1,1,0,1,13,2,4,5
"57","amazonaws.com:elasticloadbalancingv2",1,1,1,1,1,1,1,1,1,1,0,1,1,0,1,13,2,4,5
"58","amazonaws.com:elasticmapreduce",1,1,1,1,1,1,1,1,1,1,0,1,1,0,1,13,2,4,5
"59","amazonaws.com:elastictranscoder",1,1,1,1,1,1,1,1,1,1,0,1,1,0,1,13,2,4,5
"60","amazonaws.com:email",1,1,1,1,1,1,1,1,1,1,0,1,1,0,1,13,2,4,5
"61","amazonaws.com:entitlement.marketplace",1,1,1,1,1,1,1,1,1,1,0,1,1,0,1,13,2,4,5
"62","amazonaws.com:es",1,1,1,1,1,1,1,1,1,1,0,1,1,0,1,13,2,4,5
"63","amazonaws.com:events",1,1,1,1,1,1,1,1,1,1,0,1,1,0,1,13,2,4,5
"64","amazonaws.com:firehose",1,1,1,1,1,1,1,1,1,1,0,1,1,0,1,13,2,4,5
"65","amazonaws.com:gamelift",1,1,1,1,1,1,1,1,1,1,0,1,1,0,1,13,2,4,5
"66","amazonaws.com:glacier",1,1,1,1,1,1,1,1,1,1,0,1,1,0,1,13,2,4,5
"67","amazonaws.com:glue",1,1,1,1,1,1,1,1,1,1,0,1,1,0,1,13,2,4,5
"68","amazonaws.com:greengrass",1,1,1,1,1,1,1,1,1,1,0,1,1,0,1,13,2,4,5
"69","amazonaws.com:guardduty",1,1,1,1,1,1,1,1,1,1,0,1,1,0,1,13,2,4,5
"70","amazonaws.com:health",1,1,1,1,1,1,1,1,1,1,0,1,1,0,1,13,2,4,5
"71","amazonaws.com:iam",1,1,1,1,1,1,1,1,1,1,0,1,1,0,1,13,2,4,5
"72","amazonaws.com:importexport",1,1,1,1,1,1,1,1,1,1,0,1,1,0,1,13,2,4,5
"73","amazonaws.com:inspector",1,1,1,1,1,1,1,1,1,1,0,1,1,0,1,13,2,4,5
"74","amazonaws.com:iot",1,1,1,1,1,1,1,1,1,1,0,1,1,0,1,13,2,4,5
"75","amazonaws.com:iot-data",1,1,1,1,1,1,1,1,1,1,0,1,1,0,1,13,2,4,5
"76","amazonaws.com:iot-jobs-data",1,1,1,1,1,1,1,1,1,1,0,1,1,0,1,13,2,4,5
"77","amazonaws.com:kinesis",1,1,1,1,1,1,1,1,1,1,0,1,1,0,1,13,2,4,5
"78","amazonaws.com:kinesis-video-archived-media",1,1,1,1,1,1,1,1,1,1,0,1,1,0,1,13,2,4,5
"79","amazonaws.com:kinesis-video-media",1,1,1,1,1,1,1,1,1,1,0,1,1,0,1,13,2,4,5
"80","amazonaws.com:kinesisanalytics",1,1,1,1,1,1,1,1,1,1,0,1,1,0,1,13,2,4,5
"81","amazonaws.com:kinesisvideo",1,1,1,1,1,1,1,1,1,1,0,1,1,0,1,13,2,4,5
"82","amazonaws.com:kms",1,1,1,1,1,1,1,1,1,1,0,1,1,0,1,13,2,4,5
"83","amazonaws.com:lambda",1,1,1,1,1,1,1,1,1,1,0,1,1,0,1,13,2,4,5
"84","amazonaws.com:lex-models",1,1,1,1,1,1,1,1,1,1,0,1,1,0,1,13,2,4,5
"85","amazonaws.com:lightsail",1,1,1,1,1,1,1,1,1,1,0,1,1,0,1,13,2,4,5
"86","amazonaws.com:logs",1,1,1,1,1,1,1,1,1,1,0,1,1,0,1,13,2,4,5
"87","amazonaws.com:machinelearning",1,1,1,1,1,1,1,1,1,1,0,1,1,0,1,13,2,4,5
"88","amazonaws.com:marketplacecommerceanalytics",1,1,1,1,1,1,1,1,1,1,0,1,1,0,1,13,2,4,5
"89","amazonaws.com:mediaconvert",1,1,1,1,1,1,1,1,1,1,0,1,1,0,1,13,2,4,5
"90","amazonaws.com:medialive",1,1,1,1,1,1,1,1,1,1,0,1,1,0,1,13,2,4,5
"91","amazonaws.com:mediapackage",1,1,1,1,1,1,1,1,1,1,0,1,1,0,1,13,2,4,5
"92","amazonaws.com:mediastore",1,1,1,1,1,1,1,1,1,1,0,1,1,0,1,13,2,4,5
"93","amazonaws.com:mediastore-data",1,1,1,1,1,1,1,1,1,1,0,1,1,0,1,13,2,4,5
"94","amazonaws.com:meteringmarketplace",1,1,1,1,1,1,1,1,1,1,0,1,1,0,1,13,2,4,5
"95","amazonaws.com:mobile",1,1,1,1,1,1,1,1,1,1,0,1,1,0,1,13,2,4,5
"96","amazonaws.com:mobileanalytics",1,1,1,1,1,1,1,1,1,1,0,1,1,0,1,13,2,4,5
"97","amazonaws.com:monitoring",1,1,1,1,1,1,1,1,1,1,0,1,1,0,1,13,2,4,5
"98","amazonaws.com:mq",1,1,1,1,1,1,1,1,1,1,0,1,1,0,1,13,2,4,5
"99","amazonaws.com:mturk-requester",1,1,1,1,1,1,1,1,1,1,0,1,1,0,1,13,2,4,5
"100","amazonaws.com:opsworks",1,1,1,1,1,1,1,1,1,1,0,1,1,0,1,13,2,4,5
"101","amazonaws.com:opsworkscm",1,1,1,1,1,1,1,1,1,1,0,1,1,0,1,13,2,4,5
"102","amazonaws.com:organizations",1,1,1,1,1,1,1,1,1,1,0,1,1,0,1,13,2,4,5
"103","amazonaws.com:pinpoint",1,1,1,1,1,1,1,1,1,1,0,1,1,0,1,13,2,4,5
"104","amazonaws.com:polly",1,1,1,1,1,1,1,1,1,1,0,1,1,0,1,13,2,4,5
"105","amazonaws.com:pricing",1,1,1,1,1,1,1,1,1,1,0,1,1,0,1,13,2,4,5
"106","amazonaws.com:rds",1,1,1,1,1,1,1,1,1,1,0,1,1,0,1,13,2,4,5
"107","amazonaws.com:redshift",1,1,1,1,1,1,1,1,1,1,0,1,1,0,1,13,2,4,5
"108","amazonaws.com:rekognition",1,1,1,1,1,1,1,1,1,1,0,1,1,0,1,13,2,4,5
"109","amazonaws.com:resource-groups",1,1,1,1,1,1,1,1,1,1,0,1,1,0,1,13,2,4,5
"110","amazonaws.com:resourcegroupstaggingapi",1,1,1,1,1,1,1,1,1,1,0,1,1,0,1,13,2,4,5
"111","amazonaws.com:route53",1,1,1,1,1,1,1,1,1,1,0,1,1,0,1,13,2,4,5
"112","amazonaws.com:route53domains",1,1,1,1,1,1,1,1,1,1,0,1,1,0,1,13,2,4,5
"113","amazonaws.com:runtime.lex",1,1,1,1,1,1,1,1,1,1,0,1,1,0,1,13,2,4,5
"114","amazonaws.com:runtime.sagemaker",1,1,1,1,1,1,1,1,1,1,0,1,1,0,1,13,2,4,5
"115","amazonaws.com:s3",1,1,1,1,1,1,1,1,1,1,0,1,1,0,1,13,2,4,5
"116","amazonaws.com:sagemaker",1,1,1,1,1,1,1,1,1,1,0,1,1,0,1,13,2,4,5
"117","amazonaws.com:sdb",1,1,1,1,1,1,1,1,1,1,0,1,1,0,1,13,2,4,5
"118","amazonaws.com:serverlessrepo",1,1,1,1,1,1,1,1,1,1,0,1,1,0,1,13,2,4,5
"119","amazonaws.com:servicecatalog",1,1,1,1,1,1,1,1,1,1,0,1,1,0,1,13,2,4,5
"120","amazonaws.com:servicediscovery",1,1,1,1,1,1,1,1,1,1,0,1,1,0,1,13,2,4,5
"121","amazonaws.com:shield",1,1,1,1,1,1,1,1,1,1,0,1,1,0,1,13,2,4,5
"122","amazonaws.com:sms",1,1,1,1,1,1,1,1,1,1,0,1,1,0,1,13,2,4,5
"123","amazonaws.com:snowball",1,1,1,1,1,1,1,1,1,1,0,1,1,0,1,13,2,4,5
"124","amazonaws.com:sns",1,1,1,1,1,1,1,1,1,1,0,1,1,0,1,13,2,4,5
"125","amazonaws.com:sqs",1,1,1,1,1,1,1,1,1,1,0,1,1,0,1,13,2,4,5
"126","amazonaws.com:ssm",1,1,1,1,1,1,1,1,1,1,0,1,1,0,1,13,2,4,5
"127","amazonaws.com:states",1,1,1,1,1,1,1,1,1,1,0,1,1,0,1,13,2,4,5
"128","amazonaws.com:storagegateway",1,1,1,1,1,1,1,1,1,1,0,1,1,0,1,13,2,4,5
"129","amazonaws.com:streams.dynamodb",1,1,1,1,1,1,1,1,1,1,0,1,1,0,1,13,2,4,5
"130","amazonaws.com:sts",1,1,1,1,1,1,1,1,1,1,0,1,1,0,1,13,2,4,5
"131","amazonaws.com:support",1,1,1,1,1,1,1,1,1,1,0,1,1,0,1,13,2,4,5
"132","amazonaws.com:swf",1,1,1,1,1,1,1,1,1,1,0,1,1,0,1,13,2,4,5
"133","amazonaws.com:transcribe",1,1,1,1,1,1,1,1,1,1,0,1,1,0,1,13,2,4,5
"134","amazonaws.com:translate",1,1,1,1,1,1,1,1,1,1,0,1,1,0,1,13,2,4,5
"135","amazonaws.com:waf",1,1,1,1,1,1,1,1,1,1,0,1,1,0,1,13,2,4,5
"136","amazonaws.com:waf-regional",1,1,1,1,1,1,1,1,1,1,0,1,1,0,1,13,2,4,5
"137","amazonaws.com:workdocs",1,1,1,1,1,1,1,1,1,1,0,1,1,0,1,13,2,4,5
"138","amazonaws.com:workmail",1,1,1,1,1,1,1,1,1,1,0,1,1,0,1,13,2,4,5
"139","amazonaws.com:workspaces",1,1,1,1,1,1,1,1,1,1,0,1,1,0,1,13,2,4,5
"140","amazonaws.com:xray",1,1,1,1,1,1,1,1,1,1,0,1,1,0,1,13,2,4,5
"141","anchore.io",1,1,1,1,1,1,1,1,1,0,0,1,1,1,0,12,3,0,5
"142","apache.org:qakka",1,1,1,0,1,0,0,1,1,0,0,0,0,1,0,7,8,0,1
"143","apacta.com",1,1,1,1,1,1,1,1,1,0,0,1,0,1,0,11,4,0,3
"144","api2cart.com",1,1,1,1,1,0,1,1,1,0,0,1,0,1,1,11,4,1,3
"145","apigee.net:marketcheck-cars",1,1,1,1,1,0,1,1,1,1,0,0,0,0,1,10,5,1,4
"146","apimatic.io",1,1,1,1,1,1,1,1,0,0,0,1,1,0,1,11,4,4,3
"147","apis.guru",1,1,1,1,1,0,1,1,1,0,0,0,1,1,1,11,4,0,3
"148","apitore.com:2chMatomeFeedsApis",1,1,1,1,1,1,1,1,1,0,0,0,0,1,0,10,5,0,4
"149","apitore.com:certificateFeedsApis",1,1,1,1,1,1,1,1,1,0,0,0,0,1,0,10,5,0,4
"150","apitore.com:cosineSimilarity",1,1,1,1,1,1,1,1,1,0,0,0,0,1,0,10,5,0,4
"151","apitore.com:designFeedsApis",1,1,1,1,1,1,1,1,1,0,0,0,0,1,0,10,5,0,4
"152","apitore.com:documentFrequencyApis",1,1,1,1,1,1,1,1,1,0,0,0,0,1,0,10,5,0,4
"153","apitore.com:gameFeedsApis",1,1,1,1,1,1,1,1,1,0,0,0,0,1,0,10,5,0,4
"154","apitore.com:japaneseWordnetApis",1,1,1,1,1,1,1,1,1,0,0,0,0,1,0,10,5,0,4
"155","apitore.com:kmeansClusteringByWord2vec",1,1,1,1,1,1,1,1,1,0,0,0,0,1,0,10,5,0,4
"156","apitore.com:kuromojiApis",1,1,1,1,1,1,1,1,1,0,0,0,0,1,0,10,5,0,4
"157","apitore.com:languageDetectionApis",1,1,1,1,1,1,1,1,1,0,0,0,0,1,0,10,5,0,4
"158","apitore.com:newsFeedsApis",1,1,1,1,1,1,1,1,1,0,0,0,0,1,0,10,5,0,4
"159","apitore.com:pioneerBlogFeedsApis",1,1,1,1,1,1,1,1,1,0,0,0,0,1,0,10,5,0,4
"160","apitore.com:rss2jsonApis",1,1,1,1,1,1,1,1,1,0,0,0,0,1,0,10,5,0,4
"161","apitore.com:sentenceSeparatorApis",1,1,1,1,1,1,1,1,1,0,0,0,0,1,0,10,5,0,4
"162","apitore.com:sentenceSimilarity",1,1,1,1,1,1,1,1,1,0,0,0,0,1,0,10,5,0,4
"163","apitore.com:sentencepieceApis_tweet_",1,1,1,1,1,1,1,1,1,0,0,0,0,1,0,10,5,0,4
"164","apitore.com:sentencepieceApis_wikipedia_",1,1,1,1,1,1,1,1,1,0,0,0,0,1,0,10,5,0,4
"165","apitore.com:sentimentApis",1,1,1,1,1,1,1,1,1,0,0,0,0,1,0,10,5,0,4
"166","apitore.com:synonymApis",1,1,1,1,1,1,1,1,1,0,0,0,0,1,0,10,5,0,4
"167","apitore.com:techFeedsApis",1,1,1,1,1,1,1,1,1,0,0,0,0,1,0,10,5,0,4
"168","apitore.com:text2labelByTfidfApis",1,1,1,1,1,1,1,1,1,0,0,0,0,1,0,10,5,0,4
"169","apitore.com:text2labelByWordVectorApis",1,1,1,1,1,1,1,1,1,0,0,0,0,1,0,10,5,0,4
"170","apitore.com:travelFeedsApis",1,1,1,1,1,1,1,1,1,0,0,0,0,1,0,10,5,0,4
"171","apitore.com:tweetSummarizationApis",1,1,1,1,1,1,1,1,1,0,0,0,0,1,0,10,5,0,4
"172","apitore.com:twitterApis",1,1,1,1,1,1,1,1,1,0,0,0,0,1,0,10,5,0,4
"173","apitore.com:twitterApisWithSentimentByApitoreSentimentApi",1,1,1,1,1,1,1,1,1,0,0,0,0,1,0,10,5,0,4
"174","apitore.com:twitterApisWithWord2vecQueryExpansion",1,1,1,1,1,1,1,1,1,0,0,0,0,1,0,10,5,0,4
"175","apitore.com:twitterApisWithWord2vecQueryExpansion,AndAddSentimentByApitoreSentimentApi",1,1,1,1,1,1,1,1,1,0,0,0,0,1,0,10,5,0,4
"176","apitore.com:url2hrefApis",1,1,1,1,1,1,1,1,1,0,0,0,0,1,0,10,5,0,4
"177","apitore.com:url2htmlApis",1,1,1,1,1,1,1,1,1,0,0,0,0,1,0,10,5,0,4
"178","apitore.com:url2labelByTfidfApis",1,1,1,1,1,1,1,1,1,0,0,0,0,1,0,10,5,0,4
"179","apitore.com:url2labelByWordVectorApis",1,1,1,1,1,1,1,1,1,0,0,0,0,1,0,10,5,0,4
"180","apitore.com:url2srcApis",1,1,1,1,1,1,1,1,1,0,0,0,0,1,0,10,5,0,4
"181","apitore.com:url2textApis",1,1,1,1,1,1,1,1,1,0,0,0,0,1,0,10,5,0,4
"182","apitore.com:word2vecApis",1,1,1,1,1,1,1,1,1,0,0,0,0,1,0,10,5,0,4
"183","apitore.com:wordnetApis",1,1,1,1,1,1,1,1,1,0,0,0,0,1,0,10,5,0,4
"184","apitore.com:wordnetHypernymApis",1,1,1,1,1,1,1,1,1,0,0,0,0,1,0,10,5,0,4
"185","apitore.com:wordnetHyponymApis",1,1,1,1,1,1,1,1,1,0,0,0,0,1,0,10,5,0,4
"186","apitore.com:wordnetSimilarityApis",1,1,1,1,1,1,1,1,1,0,0,0,0,1,0,10,5,0,4
"187","apitore.com:wordnetSynonymApis",1,1,1,1,1,1,1,1,1,0,0,0,0,1,0,10,5,0,4
"188","apitore.com:wordnetTranslationApis",1,1,1,1,1,1,1,1,1,0,0,0,0,1,0,10,5,0,4
"189","apitore.com:wordsToVectorsApis",1,1,1,1,1,1,1,1,1,0,0,0,0,1,0,10,5,0,4
"190","applicationinsights.io:applicationinsights-AppInsights",1,1,1,1,1,1,1,1,1,1,0,1,1,0,0,12,3,3,5
"191","appveyor.com",1,1,1,1,1,1,1,1,1,1,1,1,1,1,1,15,0,4,5
"192","archive.org:search",1,1,1,1,1,0,1,1,1,1,0,0,0,0,0,9,6,0,2
"193","archive.org:wayback",1,1,1,1,1,0,1,1,1,1,1,0,0,0,0,10,5,0,4
"194","art19.com",1,1,1,1,1,1,1,1,1,0,0,1,1,0,0,11,4,2,3
"195","ato.gov.au",1,1,1,1,1,1,1,1,1,1,1,0,0,1,0,12,3,0,5
"196","aucklandmuseum.com",1,1,1,0,1,0,0,1,0,0,0,0,0,1,0,6,9,0,1
"197","authentiq.io",1,1,1,1,1,1,1,1,1,1,1,1,0,0,1,13,2,4,5
"198","avaza.com",1,1,1,0,1,0,1,1,1,0,0,1,0,0,0,8,7,2,1
"199","aviationdata.systems",1,1,1,0,1,1,1,1,1,0,0,1,0,0,0,9,6,3,2
"200","azure.com:advisor",1,1,1,0,1,1,1,1,1,1,0,1,1,0,0,11,4,3,3
"201","azure.com:analysisservices",1,1,1,0,1,1,1,1,1,1,0,1,1,0,0,11,4,3,3
"202","azure.com:apimanagement",1,1,1,0,1,1,1,1,1,1,0,1,1,0,0,11,4,3,3
"203","azure.com:apimanagement-apimapis",1,1,1,0,1,1,1,1,1,1,0,1,1,0,0,11,4,3,3
"204","azure.com:apimanagement-apimauthorizationservers",1,1,1,0,1,1,1,1,1,1,0,1,1,0,0,11,4,3,3
"205","azure.com:apimanagement-apimbackends",1,1,1,0,1,1,1,1,1,1,0,1,1,0,0,11,4,3,3
"206","azure.com:apimanagement-apimcertificates",1,1,1,0,1,1,1,1,1,1,0,1,1,0,0,11,4,3,3
"207","azure.com:apimanagement-apimdeployment",1,1,1,0,1,1,1,1,1,1,0,1,1,0,0,11,4,3,3
"208","azure.com:apimanagement-apimdiagnostics",1,1,1,0,1,1,1,1,1,1,0,1,1,0,0,11,4,3,3
"209","azure.com:apimanagement-apimemailtemplate",1,1,1,0,1,1,1,1,1,1,0,1,1,0,0,11,4,3,3
"210","azure.com:apimanagement-apimgroups",1,1,1,0,1,1,1,1,1,1,0,1,1,0,0,11,4,3,3
"211","azure.com:apimanagement-apimidentityprovider",1,1,1,0,1,1,1,1,1,1,0,1,1,0,0,11,4,3,3
"212","azure.com:apimanagement-apimloggers",1,1,1,0,1,1,1,1,1,1,0,1,1,0,0,11,4,3,3
"213","azure.com:apimanagement-apimnetworkstatus",1,1,1,0,1,1,1,1,1,1,0,1,1,0,0,11,4,3,3
"214","azure.com:apimanagement-apimnotifications",1,1,1,0,1,1,1,1,1,1,0,1,1,0,0,11,4,3,3
"215","azure.com:apimanagement-apimopenidconnectproviders",1,1,1,0,1,1,1,1,1,1,0,1,1,0,0,11,4,3,3
"216","azure.com:apimanagement-apimproducts",1,1,1,0,1,1,1,1,1,1,0,1,1,0,0,11,4,3,3
"217","azure.com:apimanagement-apimproperties",1,1,1,0,1,1,1,1,1,1,0,1,1,0,0,11,4,3,3
"218","azure.com:apimanagement-apimquotas",1,1,1,0,1,1,1,1,1,1,0,1,1,0,0,11,4,3,3
"219","azure.com:apimanagement-apimreports",1,1,1,0,1,1,1,1,1,1,0,1,1,0,0,11,4,3,3
"220","azure.com:apimanagement-apimsubscriptions",1,1,1,0,1,1,1,1,1,1,0,1,1,0,0,11,4,3,3
"221","azure.com:apimanagement-apimtagresources",1,1,1,0,1,1,1,1,1,1,0,1,1,0,0,11,4,3,3
"222","azure.com:apimanagement-apimtags",1,1,1,0,1,1,1,1,1,1,0,1,1,0,0,11,4,3,3
"223","azure.com:apimanagement-apimtenant",1,1,1,0,1,1,1,1,1,1,0,1,1,0,0,11,4,3,3
"224","azure.com:apimanagement-apimusers",1,1,1,0,1,1,1,1,1,1,0,1,1,0,0,11,4,3,3
"225","azure.com:apimanagement-apimversionsets",1,1,1,0,1,1,1,1,1,1,0,1,1,0,0,11,4,3,3
"226","azure.com:applicationinsights-aiOperations_API",1,1,1,0,1,1,1,1,1,1,0,1,1,0,0,11,4,3,3
"227","azure.com:applicationinsights-componentAnnotations_API",1,1,1,0,1,1,1,1,1,1,0,1,1,0,0,11,4,3,3
"228","azure.com:applicationinsights-componentApiKeys_API",1,1,1,0,1,1,1,1,1,1,0,1,1,0,0,11,4,3,3
"229","azure.com:applicationinsights-componentContinuousExport_API",1,1,1,0,1,1,1,1,1,1,0,1,1,0,0,11,4,3,3
"230","azure.com:applicationinsights-componentFeaturesAndPricing_API",1,1,1,0,1,1,1,1,1,1,0,1,1,0,0,11,4,3,3
"231","azure.com:applicationinsights-componentProactiveDetection_API",1,1,1,0,1,1,1,1,1,1,0,1,1,0,0,11,4,3,3
"232","azure.com:applicationinsights-componentWorkItemConfigs_API",1,1,1,0,1,1,1,1,1,1,0,1,1,0,0,11,4,3,3
"233","azure.com:applicationinsights-components_API",1,1,1,0,1,1,1,1,1,1,0,1,1,0,0,11,4,3,3
"234","azure.com:applicationinsights-favorites_API",1,1,1,0,1,1,1,1,1,1,0,1,1,0,0,11,4,3,3
"235","azure.com:applicationinsights-webTestLocations_API",1,1,1,0,1,1,1,1,1,1,0,1,1,0,0,11,4,3,3
"236","azure.com:applicationinsights-webTests_API",1,1,1,0,1,1,1,1,1,1,0,1,1,0,0,11,4,3,3
"237","azure.com:authorization",1,1,1,0,1,1,1,1,1,1,0,1,1,0,0,11,4,3,3
"238","azure.com:authorization-authorization-ClassicAdminCalls",1,1,1,0,1,1,1,1,1,1,0,1,1,0,0,11,4,3,3
"239","azure.com:authorization-authorization-RACalls",1,1,1,0,1,1,1,1,1,1,0,1,1,0,0,11,4,3,3
"240","azure.com:authorization-authorization-RoleBasedCalls",1,1,1,0,1,1,1,1,1,1,0,1,1,0,0,11,4,3,3
"241","azure.com:automation-account",1,1,1,0,1,1,1,1,1,1,0,1,1,0,0,11,4,3,3
"242","azure.com:automation-certificate",1,1,1,0,1,1,1,1,1,1,0,1,1,0,0,11,4,3,3
"243","azure.com:automation-connection",1,1,1,0,1,1,1,1,1,1,0,1,1,0,0,11,4,3,3
"244","azure.com:automation-connectionType",1,1,1,0,1,1,1,1,1,1,0,1,1,0,0,11,4,3,3
"245","azure.com:automation-credential",1,1,1,0,1,1,1,1,1,1,0,1,1,0,0,11,4,3,3
"246","azure.com:automation-dscCompilationJob",1,1,1,0,1,1,1,1,1,1,0,1,1,0,0,11,4,3,3
"247","azure.com:automation-dscConfiguration",1,1,1,0,1,1,1,1,1,1,0,1,1,0,0,11,4,3,3
"248","azure.com:automation-dscNode",1,1,1,0,1,1,1,1,1,1,0,1,1,0,0,11,4,3,3
"249","azure.com:automation-dscNodeConfiguration",1,1,1,0,1,1,1,1,1,1,0,1,1,0,0,11,4,3,3
"250","azure.com:automation-hybridRunbookWorkerGroup",1,1,1,0,1,1,1,1,1,1,0,1,1,0,0,11,4,3,3
"251","azure.com:automation-job",1,1,1,0,1,1,1,1,1,1,0,1,1,0,0,11,4,3,3
"252","azure.com:automation-jobSchedule",1,1,1,0,1,1,1,1,1,1,0,1,1,0,0,11,4,3,3
"253","azure.com:automation-linkedWorkspace",1,1,1,0,1,1,1,1,1,1,0,1,1,0,0,11,4,3,3
"254","azure.com:automation-module",1,1,1,0,1,1,1,1,1,1,0,1,1,0,0,11,4,3,3
"255","azure.com:automation-runbook",1,1,1,0,1,1,1,1,1,1,0,1,1,0,0,11,4,3,3
"256","azure.com:automation-schedule",1,1,1,0,1,1,1,1,1,1,0,1,1,0,0,11,4,3,3
"257","azure.com:automation-softwareUpdateConfiguration",1,1,1,1,1,1,1,1,0,0,0,1,1,0,0,10,5,2,4
"258","azure.com:automation-softwareUpdateConfigurationMachineRun",1,1,1,1,1,1,1,1,0,0,0,1,1,0,0,10,5,2,4
"259","azure.com:automation-softwareUpdateConfigurationRun",1,1,1,1,1,1,1,1,0,0,0,1,1,0,0,10,5,2,4
"260","azure.com:automation-sourceControl",1,1,1,0,1,1,1,1,0,0,0,1,1,0,0,9,6,3,2
"261","azure.com:automation-sourceControlSyncJob",1,1,1,0,1,1,1,1,0,0,0,1,1,0,0,9,6,3,2
"262","azure.com:automation-variable",1,1,1,0,1,1,1,1,1,1,0,1,1,0,0,11,4,3,3
"263","azure.com:automation-webhook",1,1,1,0,1,1,1,1,1,1,0,1,1,0,0,11,4,3,3
"264","azure.com:azsadmin-Alert",1,1,1,0,1,1,1,1,1,1,0,1,1,0,0,11,4,3,3
"265","azure.com:azsadmin-CommerceAdmin",1,1,1,0,1,1,1,1,1,1,0,1,1,0,0,11,4,3,3
"266","azure.com:azsadmin-EdgeGateway",1,1,1,0,1,1,1,1,1,1,0,1,1,0,0,11,4,3,3
"267","azure.com:azsadmin-EdgeGatewayPool",1,1,1,0,1,1,1,1,1,1,0,1,1,0,0,11,4,3,3
"268","azure.com:azsadmin-FabricLocation",1,1,1,0,1,1,1,1,1,1,0,1,1,0,0,11,4,3,3
"269","azure.com:azsadmin-FileShare",1,1,1,0,1,1,1,1,1,1,0,1,1,0,0,11,4,3,3
"270","azure.com:azsadmin-InfraRole",1,1,1,0,1,1,1,1,1,1,0,1,1,0,0,11,4,3,3
"271","azure.com:azsadmin-InfraRoleInstance",1,1,1,0,1,1,1,1,1,1,0,1,1,0,0,11,4,3,3
"272","azure.com:azsadmin-IpPool",1,1,1,0,1,1,1,1,1,1,0,1,1,0,0,11,4,3,3
"273","azure.com:azsadmin-LogicalNetwork",1,1,1,0,1,1,1,1,1,1,0,1,1,0,0,11,4,3,3
"274","azure.com:azsadmin-LogicalSubnet",1,1,1,0,1,1,1,1,1,1,0,1,1,0,0,11,4,3,3
"275","azure.com:azsadmin-MacAddressPool",1,1,1,0,1,1,1,1,1,1,0,1,1,0,0,11,4,3,3
"276","azure.com:azsadmin-Operations",1,1,1,0,1,1,1,1,1,1,0,1,1,0,0,11,4,3,3
"277","azure.com:azsadmin-RegionHealth",1,1,1,0,1,1,1,1,1,1,0,1,1,0,0,11,4,3,3
"278","azure.com:azsadmin-ResourceHealth",1,1,1,0,1,1,1,1,1,0,0,1,1,0,0,10,5,3,4
"279","azure.com:azsadmin-ScaleUnit",1,1,1,0,1,1,1,1,1,1,0,1,1,0,0,11,4,3,3
"280","azure.com:azsadmin-ScaleUnitNode",1,1,1,0,1,1,1,1,1,1,0,1,1,0,0,11,4,3,3
"281","azure.com:azsadmin-ServiceHealth",1,1,1,0,1,1,1,1,1,1,0,1,1,0,0,11,4,3,3
"282","azure.com:azsadmin-SlbMuxInstance",1,1,1,0,1,1,1,1,1,1,0,1,1,0,0,11,4,3,3
"283","azure.com:azsadmin-StoragePool",1,1,1,0,1,1,1,1,1,1,0,1,1,0,0,11,4,3,3
"284","azure.com:azsadmin-StorageSystem",1,1,1,0,1,1,1,1,1,1,0,1,1,0,0,11,4,3,3
"285","azure.com:azsadmin-Volume",1,1,1,0,1,1,1,1,1,1,0,1,1,0,0,11,4,3,3
"286","azure.com:azurestack-AzureStack",1,1,1,0,1,1,1,1,1,1,0,1,1,0,0,11,4,3,3
"287","azure.com:azurestack-CustomerSubscription",1,1,1,0,1,1,1,1,1,1,0,1,1,0,0,11,4,3,3
"288","azure.com:azurestack-Product",1,1,1,0,1,1,1,1,1,1,0,1,1,0,0,11,4,3,3
"289","azure.com:azurestack-Registration",1,1,1,0,1,1,1,1,1,1,0,1,1,0,0,11,4,3,3
"290","azure.com:batch-BatchManagement",1,1,1,0,1,1,1,1,1,1,0,1,1,0,0,11,4,3,3
"291","azure.com:batchai-BatchAI",1,1,1,0,1,1,1,1,1,1,0,1,1,0,0,11,4,3,3
"292","azure.com:billing",1,1,1,0,1,1,1,1,1,1,0,1,1,0,0,11,4,3,3
"293","azure.com:cdn",1,1,1,0,1,1,1,1,1,1,0,1,1,0,0,11,4,3,3
"294","azure.com:cognitiveservices",1,1,1,0,1,1,1,1,1,1,0,1,0,0,0,10,5,3,4
"295","azure.com:cognitiveservices-ComputerVision",1,1,1,1,1,0,0,1,1,1,0,1,1,0,0,10,5,2,4
"296","azure.com:cognitiveservices-ContentModerator",1,1,1,1,1,0,0,1,1,1,0,1,1,0,0,10,5,2,4
"297","azure.com:cognitiveservices-Face",1,1,1,1,1,0,0,1,1,1,0,1,1,0,0,10,5,2,4
"298","azure.com:cognitiveservices-LUIS-Programmatic",1,1,1,1,1,0,0,1,1,1,0,1,1,0,0,10,5,2,4
"299","azure.com:cognitiveservices-LUIS-Runtime",1,1,1,1,1,0,1,1,1,0,0,1,1,0,0,10,5,2,4
"300","azure.com:cognitiveservices-TextAnalytics",1,1,1,1,1,1,1,1,1,0,0,1,1,0,0,11,4,2,3
"301","azure.com:commerce",1,1,1,0,1,1,1,1,1,1,0,0,0,0,0,9,6,3,2
"302","azure.com:compute",1,1,1,0,1,1,1,1,1,1,0,1,1,0,0,11,4,3,3
"303","azure.com:compute-containerService",1,1,1,0,1,1,1,1,1,1,0,1,1,0,0,11,4,3,3
"304","azure.com:compute-disk",1,1,1,0,1,1,1,1,1,1,0,1,1,0,0,11,4,3,3
"305","azure.com:compute-runCommands",1,1,1,0,1,1,1,1,1,1,0,1,1,0,0,11,4,3,3
"306","azure.com:compute-skus",1,1,1,0,1,1,1,1,1,1,0,1,1,0,0,11,4,3,3
"307","azure.com:compute-swagger",1,1,1,0,1,1,1,1,1,1,0,1,1,0,0,11,4,3,3
"308","azure.com:consumption",1,1,1,0,1,1,1,1,1,1,0,1,1,1,0,12,3,3,5
"309","azure.com:containerinstance-containerInstance",1,1,1,0,1,1,1,1,1,1,0,1,1,0,0,11,4,3,3
"310","azure.com:containerregistry",1,1,1,0,1,1,1,1,1,1,0,1,1,0,0,11,4,3,3
"311","azure.com:containerservices-containerService",1,1,1,0,1,1,1,1,1,1,0,1,1,0,0,11,4,3,3
"312","azure.com:containerservices-location",1,1,1,0,1,1,1,1,1,1,0,1,1,0,0,11,4,3,3
"313","azure.com:containerservices-managedClusters",1,1,1,0,1,1,1,1,1,1,0,1,1,0,0,11,4,3,3
"314","azure.com:cosmos-db",1,1,1,0,1,1,1,1,1,1,0,1,1,0,0,11,4,3,3
"315","azure.com:customer-insights",1,1,1,0,1,1,1,1,1,1,0,1,1,0,0,11,4,3,3
"316","azure.com:datacatalog",1,1,1,0,1,1,1,1,1,1,0,1,0,0,0,10,5,3,4
"317","azure.com:datafactory",1,1,1,0,1,1,1,1,1,1,0,1,1,0,0,11,4,3,3
"318","azure.com:datalake-analytics-account",1,1,1,0,1,1,1,1,1,1,0,1,1,0,0,11,4,3,3
"319","azure.com:datalake-analytics-catalog",1,1,1,0,1,1,1,1,1,1,0,0,0,0,0,9,6,3,2
"320","azure.com:datalake-analytics-job",1,1,1,0,1,1,1,1,1,1,0,0,0,0,0,9,6,3,2
"321","azure.com:datalake-store-account",1,1,1,0,1,1,1,1,1,1,0,1,1,0,0,11,4,3,3
"322","azure.com:datalake-store-filesystem",1,1,1,0,1,1,1,1,1,1,0,0,0,0,0,9,6,3,2
"323","azure.com:datamigration",1,1,1,0,1,1,1,1,1,1,0,1,1,0,0,11,4,3,3
"324","azure.com:deviceprovisioningservices-iotdps",1,1,1,0,1,1,1,1,1,1,0,1,1,0,0,11,4,3,3
"325","azure.com:devtestlabs-DTL",1,1,1,0,1,1,1,1,1,1,0,1,1,0,0,11,4,3,3
"326","azure.com:dns",1,1,1,0,1,1,1,1,1,1,0,1,0,0,0,10,5,3,4
"327","azure.com:domainservices",1,1,1,0,1,1,1,1,1,1,0,1,0,0,0,10,5,3,4
"328","azure.com:eventgrid-EventGrid",1,1,1,0,1,1,1,1,1,1,0,1,0,0,0,10,5,3,4
"329","azure.com:eventhub-EventHub",1,1,1,0,1,1,1,1,1,1,0,1,1,0,0,11,4,3,3
"330","azure.com:hanaonazure",1,1,1,0,1,1,1,1,1,1,0,1,0,0,0,10,5,3,4
"331","azure.com:hdinsight-applications",1,1,1,0,1,1,1,1,1,1,0,1,1,0,0,11,4,3,3
"332","azure.com:hdinsight-capabilities",1,1,1,0,1,1,1,1,1,1,0,1,1,0,0,11,4,3,3
"333","azure.com:hdinsight-cluster",1,1,1,0,1,1,1,1,1,1,0,1,1,0,0,11,4,3,3
"334","azure.com:hdinsight-configurations",1,1,1,0,1,1,1,1,1,1,0,1,1,0,0,11,4,3,3
"335","azure.com:hdinsight-extensions",1,1,1,0,1,1,1,1,1,1,0,1,1,0,0,11,4,3,3
"336","azure.com:hdinsight-operations",1,1,1,0,1,1,1,1,1,1,0,1,1,0,0,11,4,3,3
"337","azure.com:hdinsight-scriptActions",1,1,1,0,1,1,1,1,1,1,0,1,1,0,0,11,4,3,3
"338","azure.com:intune",1,1,1,0,1,1,1,1,1,1,0,0,0,0,0,9,6,3,2
"339","azure.com:iothub",1,1,1,0,1,1,1,1,1,1,0,1,1,0,0,11,4,3,3
"340","azure.com:keyvault",1,1,1,0,1,1,1,1,1,1,0,0,0,0,0,9,6,3,2
"341","azure.com:keyvault-providers",1,1,1,0,1,1,1,1,1,1,0,1,0,0,0,10,5,3,4
"342","azure.com:keyvault-secrets",1,1,1,0,1,1,1,1,1,1,0,1,0,0,0,10,5,3,4
"343","azure.com:locationbasedservices",1,1,1,0,1,1,1,1,1,1,0,1,1,0,0,11,4,3,3
"344","azure.com:logic",1,1,1,0,1,1,1,1,1,1,0,1,1,0,0,11,4,3,3
"345","azure.com:machinelearning-commitmentPlans",1,1,1,0,1,1,1,1,1,1,0,1,0,0,0,10,5,3,4
"346","azure.com:machinelearning-webservices",1,1,1,0,1,1,1,1,1,1,0,1,0,0,0,10,5,3,4
"347","azure.com:machinelearning-workspaces",1,1,1,0,1,1,1,1,1,1,0,1,1,0,0,11,4,3,3
"348","azure.com:machinelearningcompute-machineLearningCompute",1,1,1,0,1,1,1,1,1,1,0,1,0,0,0,10,5,3,4
"349","azure.com:machinelearningexperimentation-machineLearningExperimentation",1,1,1,0,1,1,1,1,1,1,0,1,1,0,0,11,4,3,3
"350","azure.com:managementgroups-management",1,1,1,0,1,1,1,1,1,1,0,1,1,1,0,12,3,3,5
"351","azure.com:managementpartner-ManagementPartner",1,1,1,0,1,1,1,1,1,1,0,1,0,0,0,10,5,3,4
"352","azure.com:marketplaceordering-Agreements",1,1,1,0,1,1,1,1,1,1,0,1,1,0,0,11,4,3,3
"353","azure.com:mediaservices-media",1,1,1,0,1,1,1,1,1,1,0,1,1,0,0,11,4,3,3
"354","azure.com:migrate",1,1,1,0,1,1,1,1,1,1,0,1,1,0,0,11,4,3,3
"355","azure.com:mobileengagement-mobile-engagement",1,1,1,0,1,1,1,1,1,1,0,1,1,0,0,11,4,3,3
"356","azure.com:monitor-actionGroups_API",1,1,1,0,1,1,1,1,1,1,0,1,1,0,0,11,4,3,3
"357","azure.com:monitor-activityLogAlerts_API",1,1,1,0,1,1,1,1,1,1,0,1,1,0,0,11,4,3,3
"358","azure.com:monitor-activityLogs_API",1,1,1,0,1,1,1,1,1,1,0,1,1,0,0,11,4,3,3
"359","azure.com:monitor-alertRulesIncidents_API",1,1,1,0,1,1,1,1,1,1,0,1,1,0,0,11,4,3,3
"360","azure.com:monitor-alertRules_API",1,1,1,0,1,1,1,1,1,1,0,1,1,0,0,11,4,3,3
"361","azure.com:monitor-autoscale_API",1,1,1,0,1,1,1,1,1,1,0,1,1,0,0,11,4,3,3
"362","azure.com:monitor-baseline_API",1,1,1,0,1,1,1,1,1,1,0,1,1,0,0,11,4,3,3
"363","azure.com:monitor-calculateBaseline_API",1,1,1,0,1,1,1,1,1,1,0,1,1,0,0,11,4,3,3
"364","azure.com:monitor-diagnosticsSettingsCategories_API",1,1,1,0,1,1,1,1,1,1,0,1,1,0,0,11,4,3,3
"365","azure.com:monitor-diagnosticsSettings_API",1,1,1,0,1,1,1,1,1,1,0,1,1,0,0,11,4,3,3
"366","azure.com:monitor-eventCategories_API",1,1,1,0,1,1,1,1,1,1,0,1,1,0,0,11,4,3,3
"367","azure.com:monitor-logProfiles_API",1,1,1,0,1,1,1,1,1,1,0,1,1,0,0,11,4,3,3
"368","azure.com:monitor-metricDefinitions_API",1,1,1,0,1,1,1,1,1,1,0,1,1,0,0,11,4,3,3
"369","azure.com:monitor-metrics_API",1,1,1,0,1,1,1,1,1,1,0,1,1,0,0,11,4,3,3
"370","azure.com:monitor-operations_API",1,1,1,0,1,1,1,1,1,1,0,1,1,0,0,11,4,3,3
"371","azure.com:monitor-serviceDiagnosticsSettings_API",1,1,1,0,1,1,1,1,1,1,0,1,1,0,0,11,4,3,3
"372","azure.com:monitor-tenantActivityLogs_API",1,1,1,0,1,1,1,1,1,1,0,1,1,0,0,11,4,3,3
"373","azure.com:msi-ManagedIdentity",1,1,1,0,1,1,1,1,1,1,0,1,1,0,0,11,4,3,3
"374","azure.com:mysql",1,1,1,0,1,1,1,1,1,1,0,1,1,0,0,11,4,3,3
"375","azure.com:network",1,1,1,0,1,1,1,1,1,1,0,1,1,0,0,11,4,3,3
"376","azure.com:network-applicationGateway",1,1,1,0,1,1,1,1,1,1,0,1,1,0,0,11,4,3,3
"377","azure.com:network-applicationSecurityGroup",1,1,1,0,1,1,1,1,1,1,0,1,1,0,0,11,4,3,3
"378","azure.com:network-checkDnsAvailability",1,1,1,0,1,1,1,1,1,1,0,1,1,0,0,11,4,3,3
"379","azure.com:network-endpointService",1,1,1,0,1,1,1,1,1,1,0,1,1,0,0,11,4,3,3
"380","azure.com:network-expressRouteCircuit",1,1,1,0,1,1,1,1,1,1,0,1,1,0,0,11,4,3,3
"381","azure.com:network-loadBalancer",1,1,1,0,1,1,1,1,1,1,0,1,1,0,0,11,4,3,3
"382","azure.com:network-networkInterface",1,1,1,0,1,1,1,1,1,1,0,1,1,0,0,11,4,3,3
"383","azure.com:network-networkSecurityGroup",1,1,1,0,1,1,1,1,1,1,0,1,1,0,0,11,4,3,3
"384","azure.com:network-networkWatcher",1,1,1,0,1,1,1,1,1,1,0,1,1,0,0,11,4,3,3
"385","azure.com:network-operation",1,1,1,0,1,1,1,1,1,1,0,1,1,0,0,11,4,3,3
"386","azure.com:network-publicIpAddress",1,1,1,0,1,1,1,1,1,1,0,1,1,0,0,11,4,3,3
"387","azure.com:network-routeFilter",1,1,1,0,1,1,1,1,1,1,0,1,1,0,0,11,4,3,3
"388","azure.com:network-routeTable",1,1,1,0,1,1,1,1,1,1,0,1,1,0,0,11,4,3,3
"389","azure.com:network-serviceCommunity",1,1,1,0,1,1,1,1,1,1,0,1,1,0,0,11,4,3,3
"390","azure.com:network-usage",1,1,1,0,1,1,1,1,1,1,0,1,1,0,0,11,4,3,3
"391","azure.com:network-virtualNetwork",1,1,1,0,1,1,1,1,1,1,0,1,1,0,0,11,4,3,3
"392","azure.com:network-virtualNetworkGateway",1,1,1,0,1,1,1,1,1,1,0,1,1,0,0,11,4,3,3
"393","azure.com:network-vmssNetworkInterface",1,1,1,0,1,1,1,1,1,1,0,1,1,0,0,11,4,3,3
"394","azure.com:network-vmssPublicIpAddress",1,1,1,0,1,1,1,1,1,1,0,1,1,0,0,11,4,3,3
"395","azure.com:notificationhubs",1,1,1,0,1,1,1,1,1,1,0,1,1,0,0,11,4,3,3
"396","azure.com:operationalinsights-OperationalInsights",1,1,1,0,1,1,1,1,1,1,0,1,1,0,0,11,4,3,3
"397","azure.com:operationsmanagement-OperationsManagement",1,1,1,0,1,1,1,1,1,1,0,1,1,0,0,11,4,3,3
"398","azure.com:policyinsights-policyEvents",1,1,1,0,1,0,1,1,1,1,0,1,1,0,0,10,5,3,4
"399","azure.com:policyinsights-policyStates",1,1,1,0,1,0,1,1,1,1,0,1,1,0,0,10,5,3,4
"400","azure.com:postgresql",1,1,1,0,1,1,1,1,1,1,0,1,1,0,0,11,4,3,3
"401","azure.com:powerbidedicated",1,1,1,0,1,1,1,1,1,1,0,1,1,0,0,11,4,3,3
"402","azure.com:powerbiembedded",1,1,1,0,1,1,1,1,1,1,0,0,0,0,0,9,6,3,2
"403","azure.com:provisioningservices-iotdps",1,1,1,0,1,1,1,1,1,1,0,1,1,0,0,11,4,3,3
"404","azure.com:recoveryservices-backup",1,1,1,0,1,1,1,1,1,1,0,1,1,0,0,11,4,3,3
"405","azure.com:recoveryservices-registeredidentities",1,1,1,0,1,1,1,1,1,1,0,1,1,0,0,11,4,3,3
"406","azure.com:recoveryservices-replicationusages",1,1,1,0,1,1,1,1,1,1,0,1,1,0,0,11,4,3,3
"407","azure.com:recoveryservices-vaults",1,1,1,0,1,1,1,1,1,1,0,1,1,0,0,11,4,3,3
"408","azure.com:recoveryservices-vaultusages",1,1,1,0,1,1,1,1,1,1,0,1,1,0,0,11,4,3,3
"409","azure.com:recoveryservicesbackup",1,1,1,0,1,1,1,1,1,1,0,1,1,0,0,11,4,3,3
"410","azure.com:recoveryservicesbackup-backupManagement",1,1,1,0,1,1,1,1,1,1,0,1,1,0,0,11,4,3,3
"411","azure.com:recoveryservicesbackup-bms",1,1,1,0,1,1,1,1,1,1,0,1,1,0,0,11,4,3,3
"412","azure.com:recoveryservicesbackup-jobs",1,1,1,0,1,1,1,1,1,1,0,1,1,0,0,11,4,3,3
"413","azure.com:recoveryservicesbackup-operations",1,1,1,0,1,1,1,1,1,1,0,1,1,0,0,11,4,3,3
"414","azure.com:recoveryservicesbackup-registeredIdentities",1,1,1,0,1,1,1,1,1,1,0,1,1,0,0,11,4,3,3
"415","azure.com:recoveryservicessiterecovery-service",1,1,1,0,1,1,1,1,1,1,0,1,1,0,0,11,4,3,3
"416","azure.com:redis",1,1,1,0,1,1,1,1,1,1,0,1,1,0,0,11,4,3,3
"417","azure.com:relay",1,1,1,0,1,1,1,1,1,1,0,1,1,0,0,11,4,3,3
"418","azure.com:reservations",1,1,1,0,1,1,1,1,1,1,0,1,0,0,0,10,5,3,4
"419","azure.com:resourcehealth",1,1,1,0,1,0,1,1,1,1,0,1,1,0,0,10,5,3,4
"420","azure.com:resources",1,1,1,0,1,1,1,1,1,1,0,1,1,0,0,11,4,3,3
"421","azure.com:resources-features",1,1,1,0,1,1,1,1,1,1,0,1,1,0,0,11,4,3,3
"422","azure.com:resources-links",1,1,1,0,1,1,1,1,1,1,0,1,1,0,0,11,4,3,3
"423","azure.com:resources-locks",1,1,1,0,1,1,1,1,1,1,0,1,1,0,0,11,4,3,3
"424","azure.com:resources-managedapplications",1,1,1,0,1,1,1,1,1,1,0,1,1,0,0,11,4,3,3
"425","azure.com:resources-management",1,1,1,0,1,1,1,1,1,1,0,1,1,1,0,12,3,3,5
"426","azure.com:resources-policy",1,1,1,0,1,1,1,1,1,1,0,1,1,0,0,11,4,3,3
"427","azure.com:resources-policyAssignments",1,1,1,0,1,1,1,1,1,1,0,1,1,0,0,11,4,3,3
"428","azure.com:resources-policyDefinitions",1,1,1,0,1,1,1,1,1,1,0,1,1,0,0,11,4,3,3
"429","azure.com:resources-policySetDefinitions",1,1,1,0,1,1,1,1,1,1,0,1,1,0,0,11,4,3,3
"430","azure.com:resources-subscriptions",1,1,1,0,1,1,1,1,1,1,0,1,1,0,0,11,4,3,3
"431","azure.com:scheduler",1,1,1,0,1,1,1,1,1,1,0,0,0,0,0,9,6,3,2
"432","azure.com:search",1,1,1,0,1,1,1,1,1,1,0,1,1,0,0,11,4,3,3
"433","azure.com:search-searchindex",1,1,1,0,1,1,1,1,1,1,0,0,0,0,0,9,6,3,2
"434","azure.com:search-searchservice",1,1,1,0,1,1,1,1,1,1,0,0,0,0,0,9,6,3,2
"435","azure.com:servermanagement",1,1,1,0,1,1,1,1,1,1,0,1,1,0,0,11,4,3,3
"436","azure.com:service-map-arm-service-map",1,1,1,0,1,1,1,1,1,1,0,1,1,0,0,11,4,3,3
"437","azure.com:servicebus",1,1,1,0,1,1,1,1,1,1,0,1,1,0,0,11,4,3,3
"438","azure.com:servicefabric",1,1,1,0,1,0,1,1,1,1,0,0,0,0,0,8,7,3,1
"439","azure.com:sql-Databases",1,1,1,0,1,1,1,1,1,1,0,1,0,0,0,10,5,3,4
"440","azure.com:sql-advisors",1,1,1,0,1,1,1,1,1,1,0,1,0,0,0,10,5,3,4
"441","azure.com:sql-backupLongTermRetentionPolicies",1,1,1,0,1,1,1,1,1,1,0,1,0,0,0,10,5,3,4
"442","azure.com:sql-backupLongTermRetentionVaults",1,1,1,0,1,1,1,1,1,1,0,1,0,0,0,10,5,3,4
"443","azure.com:sql-backups",1,1,1,0,1,1,1,1,1,1,0,1,0,0,0,10,5,3,4
"444","azure.com:sql-blobAuditingPolicies",1,1,1,0,1,1,1,1,1,1,0,1,0,0,0,10,5,3,4
"445","azure.com:sql-cancelOperations",1,1,1,0,1,1,1,1,1,1,0,1,0,0,0,10,5,3,4
"446","azure.com:sql-cancelPoolOperations",1,1,1,0,1,1,1,1,1,1,0,1,0,0,0,10,5,3,4
"447","azure.com:sql-capabilities",1,1,1,0,1,1,1,1,1,1,0,1,0,0,0,10,5,3,4
"448","azure.com:sql-checkNameAvailability",1,1,1,0,1,1,1,1,1,1,0,1,0,0,0,10,5,3,4
"449","azure.com:sql-connectionPolicies",1,1,1,0,1,1,1,1,1,1,0,1,0,0,0,10,5,3,4
"450","azure.com:sql-dataMasking",1,1,1,0,1,1,1,1,1,1,0,1,0,0,0,10,5,3,4
"451","azure.com:sql-dataWarehouseUserActivities",1,1,1,0,1,1,1,1,1,1,0,1,0,0,0,10,5,3,4
"452","azure.com:sql-databaseAutomaticTuning",1,1,1,0,1,1,1,1,1,1,0,1,0,0,0,10,5,3,4
"453","azure.com:sql-databaseSecurityAlertPolicies",1,1,1,0,1,1,1,1,1,1,0,1,0,0,0,10,5,3,4
"454","azure.com:sql-databases",1,1,1,0,1,1,1,1,1,1,0,1,0,0,0,10,5,3,4
"455","azure.com:sql-deprecated",1,1,1,0,1,1,1,1,1,1,0,1,0,0,0,10,5,3,4
"456","azure.com:sql-disasterRecoveryConfigurations",1,1,1,0,1,1,1,1,1,1,0,1,0,0,0,10,5,3,4
"457","azure.com:sql-elasticPools",1,1,1,0,1,1,1,1,1,1,0,1,0,0,0,10,5,3,4
"458","azure.com:sql-encryptionProtectors",1,1,1,0,1,1,1,1,1,1,0,1,0,0,0,10,5,3,4
"459","azure.com:sql-failoverGroups",1,1,1,0,1,1,1,1,1,1,0,1,0,0,0,10,5,3,4
"460","azure.com:sql-firewallRules",1,1,1,0,1,1,1,1,1,1,0,1,0,0,0,10,5,3,4
"461","azure.com:sql-geoBackupPolicies",1,1,1,0,1,1,1,1,1,1,0,1,0,0,0,10,5,3,4
"462","azure.com:sql-importExport",1,1,1,0,1,1,1,1,1,1,0,1,0,0,0,10,5,3,4
"463","azure.com:sql-managedDatabases",1,1,1,0,1,1,1,1,1,1,0,1,0,0,0,10,5,3,4
"464","azure.com:sql-metrics",1,1,1,0,1,1,1,1,1,1,0,1,0,0,0,10,5,3,4
"465","azure.com:sql-operations",1,1,1,0,1,1,1,1,1,1,0,1,0,0,0,10,5,3,4
"466","azure.com:sql-queries",1,1,1,0,1,1,1,1,1,1,0,1,0,0,0,10,5,3,4
"467","azure.com:sql-renameDatabase",1,1,1,0,1,1,1,1,1,1,0,1,0,0,0,10,5,3,4
"468","azure.com:sql-replicationLinks",1,1,1,0,1,1,1,1,1,1,0,1,0,0,0,10,5,3,4
"469","azure.com:sql-restorePoints",1,1,1,0,1,1,1,1,1,1,0,1,0,0,0,10,5,3,4
"470","azure.com:sql-serverAutomaticTuning",1,1,1,0,1,1,1,1,1,1,0,1,0,0,0,10,5,3,4
"471","azure.com:sql-serverAzureADAdministrators",1,1,1,0,1,1,1,1,1,1,0,1,0,0,0,10,5,3,4
"472","azure.com:sql-serverCommunicationLinks",1,1,1,0,1,1,1,1,1,1,0,1,0,0,0,10,5,3,4
"473","azure.com:sql-serverDnsAliases",1,1,1,0,1,1,1,1,1,1,0,1,0,0,0,10,5,3,4
"474","azure.com:sql-serverKeys",1,1,1,0,1,1,1,1,1,1,0,1,0,0,0,10,5,3,4
"475","azure.com:sql-servers",1,1,1,0,1,1,1,1,1,1,0,1,0,0,0,10,5,3,4
"476","azure.com:sql-serviceObjectives",1,1,1,0,1,1,1,1,1,1,0,1,0,0,0,10,5,3,4
"477","azure.com:sql-sql.core",1,1,1,0,1,1,1,1,1,1,0,1,0,0,0,10,5,3,4
"478","azure.com:sql-syncAgents",1,1,1,0,1,1,1,1,1,1,0,1,0,0,0,10,5,3,4
"479","azure.com:sql-syncGroups",1,1,1,0,1,1,1,1,1,1,0,1,0,0,0,10,5,3,4
"480","azure.com:sql-syncMembers",1,1,1,0,1,1,1,1,1,1,0,1,0,0,0,10,5,3,4
"481","azure.com:sql-tableAuditing",1,1,1,0,1,1,1,1,1,1,0,1,0,0,0,10,5,3,4
"482","azure.com:sql-usages",1,1,1,0,1,1,1,1,1,1,0,1,0,0,0,10,5,3,4
"483","azure.com:sql-virtualNetworkRules",1,1,1,0,1,1,1,1,1,1,0,1,0,0,0,10,5,3,4
"484","azure.com:storage",1,1,1,0,1,1,1,1,1,1,0,1,1,0,0,11,4,3,3
"485","azure.com:storageimportexport",1,1,1,0,1,1,1,1,1,1,0,1,1,0,0,11,4,3,3
"486","azure.com:storsimple8000series-storsimple",1,1,1,0,1,1,1,1,1,1,0,1,1,0,0,11,4,3,3
"487","azure.com:streamanalytics-functions",1,1,1,0,1,1,1,1,1,1,0,1,1,0,0,11,4,3,3
"488","azure.com:streamanalytics-inputs",1,1,1,0,1,1,1,1,1,1,0,1,1,0,0,11,4,3,3
"489","azure.com:streamanalytics-outputs",1,1,1,0,1,1,1,1,1,1,0,1,1,0,0,11,4,3,3
"490","azure.com:streamanalytics-streamingjobs",1,1,1,0,1,1,1,1,1,1,0,1,1,0,0,11,4,3,3
"491","azure.com:streamanalytics-subscriptions",1,1,1,0,1,1,1,1,1,1,0,1,1,0,0,11,4,3,3
"492","azure.com:streamanalytics-transformations",1,1,1,0,1,1,1,1,1,1,0,1,1,0,0,11,4,3,3
"493","azure.com:subscription-subscriptionDefinitions",1,1,1,0,1,1,1,1,1,1,0,1,1,0,0,11,4,3,3
"494","azure.com:timeseriesinsights",1,1,1,0,1,1,1,1,1,1,0,1,1,0,0,11,4,3,3
"495","azure.com:trafficmanager",1,1,1,0,1,1,1,1,1,1,0,1,1,0,0,11,4,3,3
"496","azure.com:trafficmanager-trafficmanageranalytics",1,1,1,0,1,1,1,1,1,1,0,1,1,0,0,11,4,3,3
"497","azure.com:visualstudio-Csm",1,1,1,0,1,1,1,1,1,1,0,1,1,0,0,11,4,3,3
"498","azure.com:web-AppServiceCertificateOrders",1,1,1,0,1,1,1,1,1,1,0,1,1,0,0,11,4,3,3
"499","azure.com:web-AppServiceEnvironments",1,1,1,0,1,1,1,1,1,1,0,1,1,0,0,11,4,3,3
"500","azure.com:web-AppServicePlans",1,1,1,0,1,1,1,1,1,1,0,1,1,0,0,11,4,3,3
"501","azure.com:web-CertificateRegistrationProvider",1,1,1,0,1,1,1,1,1,1,0,1,1,0,0,11,4,3,3
"502","azure.com:web-Certificates",1,1,1,0,1,1,1,1,1,1,0,1,1,0,0,11,4,3,3
"503","azure.com:web-DeletedWebApps",1,1,1,0,1,1,1,1,1,1,0,1,1,0,0,11,4,3,3
"504","azure.com:web-Diagnostics",1,1,1,0,1,1,1,1,1,1,0,1,1,0,0,11,4,3,3
"505","azure.com:web-DomainRegistrationProvider",1,1,1,0,1,1,1,1,1,1,0,1,1,0,0,11,4,3,3
"506","azure.com:web-Domains",1,1,1,0,1,1,1,1,1,1,0,1,1,0,0,11,4,3,3
"507","azure.com:web-Provider",1,1,1,0,1,1,1,1,1,1,0,1,1,0,0,11,4,3,3
"508","azure.com:web-Recommendations",1,1,1,0,1,1,1,1,1,1,0,1,1,0,0,11,4,3,3
"509","azure.com:web-ResourceProvider",1,1,1,0,1,1,1,1,1,1,0,1,1,0,0,11,4,3,3
"510","azure.com:web-TopLevelDomains",1,1,1,0,1,1,1,1,1,1,0,1,1,0,0,11,4,3,3
"511","azure.com:web-WebApps",1,1,1,0,1,1,1,1,1,1,0,1,1,0,0,11,4,3,3
"512","azure.com:web-logicAppsManagementClient",1,1,1,0,1,1,1,1,1,1,0,1,1,0,0,11,4,3,3
"513","azure.com:web-service",1,1,1,0,1,0,0,1,1,1,0,1,1,0,0,9,6,3,2
"514","bbc.co.uk",1,1,1,1,1,1,1,1,1,1,0,0,0,1,0,11,4,0,3
"515","bbc.com",1,1,1,1,1,1,1,1,1,0,0,1,1,1,1,13,2,4,5
"516","bbci.co.uk",1,1,1,1,1,1,1,1,1,1,0,1,1,0,1,13,2,4,5
"517","bclaws.ca:bclaws",1,1,1,1,1,0,1,1,0,0,0,0,0,1,1,9,6,0,2
"518","beanstream.com",1,1,1,1,1,0,1,1,1,0,0,0,0,0,0,8,7,0,1
"519","beezup.com",1,1,1,1,1,1,1,1,1,1,1,1,0,1,1,14,1,1,5
"520","betfair.com",1,1,1,1,1,1,1,1,1,0,0,0,0,0,0,9,6,0,2
"521","bigoven.com",1,1,1,0,1,0,1,1,1,0,0,1,0,0,1,9,6,2,2
"522","bikewise.org",1,1,1,1,1,0,1,1,0,0,0,0,0,1,1,9,6,0,2
"523","bitbucket.org",1,1,1,1,1,1,1,1,1,0,0,1,0,1,1,12,3,0,5
"524","blazemeter.com",1,1,1,1,1,1,1,1,1,0,0,1,0,1,0,11,4,0,3
"525","bluemix.net:containers",1,1,1,1,1,0,1,1,1,0,0,0,0,0,0,8,7,0,1
"526","botify.com",1,1,1,1,1,0,1,1,1,0,0,1,1,0,1,11,4,2,3
"527","box.com:authorization",1,1,1,1,1,1,1,1,1,0,0,0,0,0,0,9,6,0,2
"528","box.com:content",1,1,1,1,1,1,1,1,1,0,1,1,1,1,0,13,2,0,5
"529","box.com:token",1,1,1,1,1,1,1,1,1,0,0,0,0,0,0,9,6,0,2
"530","box.com:upload",1,1,1,1,1,1,1,1,1,0,0,1,1,0,0,11,4,2,3
"531","brandlovers.com",1,1,1,1,1,1,1,1,1,0,0,1,0,1,0,11,4,0,3
"532","brex.io",0,1,0,0,0,0,0,1,0,0,0,0,0,1,0,3,12,0,1
"533","browshot.com",1,1,1,1,1,0,1,1,1,0,0,1,1,0,0,10,5,2,4
"534","bufferapp.com",1,1,1,1,1,1,1,1,1,0,0,1,0,0,1,11,4,4,3
"535","bungie.net",1,1,1,1,1,0,0,1,1,0,0,1,0,1,1,10,5,1,4
"536","callfire.com",1,1,1,1,1,1,1,1,1,0,0,1,0,1,0,11,4,0,3
"537","cambase.io",1,1,1,1,1,0,0,1,0,0,0,0,0,1,0,7,8,0,1
"538","carbondoomsday.com",1,1,1,1,1,1,1,1,1,0,0,1,1,0,0,11,4,2,3
"539","ccp.is",1,1,1,1,1,0,1,1,1,1,0,1,0,0,0,10,5,2,4
"540","cenit.io",1,1,1,1,1,1,1,1,1,0,0,1,1,1,1,13,2,4,5
"541","channel4.com",1,1,1,1,1,1,1,1,1,1,0,1,1,1,1,14,1,4,5
"542","circleci.com",1,1,1,1,1,0,1,1,1,1,1,1,1,0,0,12,3,2,5
"543","circuitsandbox.net",1,1,1,1,1,0,0,1,1,0,0,1,0,0,0,8,7,2,1
"544","cisco.com",1,1,1,0,1,0,1,1,0,0,0,1,0,0,0,7,8,2,1
"545","citrixonline.com:gotomeeting",1,1,1,1,1,1,1,1,1,1,0,0,0,1,1,12,3,0,5
"546","citrixonline.com:scim",1,1,1,1,1,1,1,1,1,1,0,0,0,1,1,12,3,0,5
"547","citycontext.com",1,1,1,1,1,0,1,1,1,0,0,1,1,1,0,11,4,2,3
"548","clarify.io",1,1,1,1,1,0,0,1,1,0,0,0,0,1,0,8,7,0,1
"549","clever-cloud.com",1,1,1,1,1,0,0,1,1,0,0,0,0,1,0,8,7,0,1
"550","clever.com",1,1,1,1,1,0,1,1,1,0,1,1,1,0,0,11,4,2,3
"551","clickmeter.com",1,1,1,0,1,0,0,1,1,0,0,1,1,0,0,8,7,2,1
"552","cloudmersive.com:ocr",1,1,1,0,1,1,1,1,1,0,0,1,0,0,0,9,6,3,2
"553","cnab-online.herokuapp.com",1,1,1,1,1,0,1,1,1,0,0,0,0,0,0,8,7,0,1
"554","code-scan.com",1,1,1,1,1,1,1,1,1,0,0,1,0,0,0,10,5,0,4
"555","consumerfinance.gov",1,1,1,1,1,0,0,1,1,0,0,0,0,1,1,9,6,1,2
"556","core.ac.uk",1,1,1,1,1,0,0,1,1,0,0,1,1,1,0,10,5,2,4
"557","cybertaxonomy.eu",1,1,1,1,1,0,1,1,1,0,0,0,0,1,0,9,6,0,2
"558","data.gov",1,1,1,1,1,0,0,1,0,0,0,1,1,1,1,10,5,1,4
"559","data2crm.com",1,1,1,1,1,1,1,1,1,0,1,0,0,1,1,12,3,0,5
"560","dataatwork.org",1,1,1,1,1,1,1,1,1,0,0,0,0,0,0,9,6,0,2
"561","datumbox.com",1,1,1,1,1,0,1,1,0,0,0,0,0,1,0,8,7,0,1
"562","deeparteffects.com",1,1,1,1,1,0,1,1,1,0,0,1,0,0,0,9,6,2,2
"563","deutschebahn.com:betriebsstellen",1,1,1,1,1,0,0,1,1,0,0,1,0,1,0,9,6,1,2
"564","deutschebahn.com:fahrplan",1,1,1,1,1,1,1,1,1,0,0,0,0,0,0,9,6,0,2
"565","deutschebahn.com:fasta",1,1,1,1,1,1,1,1,1,0,0,1,1,0,0,11,4,2,3
"566","deutschebahn.com:flinkster",1,1,1,1,1,0,1,1,1,0,0,0,0,1,0,9,6,0,2
"567","deutschebahn.com:reisezentren",1,1,1,1,1,0,0,1,1,0,0,1,0,1,0,9,6,1,2
"568","deutschebahn.com:stada",1,1,1,1,1,0,0,1,1,0,0,0,0,0,0,7,8,0,1
"569","digitallinguistics.io",1,1,1,1,1,1,1,1,1,1,1,1,1,1,1,15,0,4,5
"570","docker.com:engine",1,1,1,1,1,1,1,1,1,0,0,0,0,1,0,10,5,0,4
"571","docusign.net",1,1,1,1,1,1,1,1,1,1,1,1,0,1,1,14,1,1,5
"572","domainsdb.info",1,1,1,1,1,1,1,1,1,0,0,1,0,1,0,11,4,0,3
"573","dracoon.team",1,1,1,1,1,0,0,1,1,0,0,0,0,1,0,8,7,0,1
"574","dropx.io",1,1,1,1,1,0,1,1,0,0,0,1,0,0,0,8,7,2,1
"575","dweet.io",1,1,1,1,1,0,0,1,0,0,0,0,0,1,0,7,8,0,1
"576","ebay.com:buy-browse",1,1,1,1,1,0,0,1,1,0,0,1,0,0,0,8,7,2,1
"577","ebay.com:buy-feed",1,1,1,1,1,0,1,1,1,0,0,1,0,0,0,9,6,2,2
"578","ebay.com:buy-marketing",1,1,1,1,1,0,0,1,1,0,0,1,0,0,0,8,7,2,1
"579","ebay.com:commerce-taxonomy",1,1,1,1,1,0,1,1,1,0,0,1,0,0,0,9,6,2,2
"580","ebay.com:sell-fulfillment",1,1,1,1,1,0,1,1,1,0,0,1,0,0,0,9,6,2,2
"581","envoice.in",1,1,1,0,1,0,0,1,1,0,0,1,0,0,0,7,8,2,1
"582","epa.gov:air",1,1,1,1,1,1,1,1,1,1,0,0,0,0,0,10,5,0,4
"583","epa.gov:case",1,1,1,1,1,1,1,1,1,1,0,0,0,0,0,10,5,0,4
"584","epa.gov:cwa",1,1,1,1,1,1,1,1,1,1,0,0,0,0,0,10,5,0,4
"585","epa.gov:dfr",1,1,1,1,1,1,1,1,1,1,0,0,0,0,0,10,5,0,4
"586","epa.gov:echo",1,1,1,1,1,1,1,1,1,1,0,0,0,0,0,10,5,0,4
"587","epa.gov:eff",1,1,1,1,1,1,1,1,1,1,0,0,0,0,0,10,5,0,4
"588","epa.gov:rcra",1,1,1,1,1,1,1,1,1,1,0,0,0,0,0,10,5,0,4
"589","epa.gov:sdw",1,1,1,1,1,1,1,1,1,1,0,0,0,0,0,10,5,0,4
"590","etmdb.com",1,1,1,0,1,0,0,1,0,0,0,1,0,0,0,6,9,2,1
"591","europeana.eu",1,1,1,1,1,1,0,1,1,0,0,0,0,1,0,9,6,0,2
"592","exavault.com",1,1,1,1,1,0,0,1,1,0,0,0,0,1,1,9,6,1,2
"593","fantasydata.net:cbb-v3-scores",1,1,1,1,1,0,1,1,1,0,0,1,1,0,0,10,5,2,4
"594","fantasydata.net:cbb-v3-stats",1,1,1,1,1,0,1,1,1,0,0,1,1,0,0,10,5,2,4
"595","fantasydata.net:cfb-v3-scores",1,1,1,1,1,0,1,1,1,0,0,1,1,0,0,10,5,2,4
"596","fantasydata.net:golf-v2",1,1,1,1,1,0,1,1,1,0,0,1,1,0,0,10,5,2,4
"597","fantasydata.net:mlb-v3-play-by-play",1,1,1,1,1,0,1,1,1,0,0,1,1,0,0,10,5,2,4
"598","fantasydata.net:mlb-v3-projections",1,1,1,1,1,0,1,1,1,0,0,1,1,0,0,10,5,2,4
"599","fantasydata.net:mlb-v3-projections-dfsr",1,1,1,1,1,0,1,1,1,0,0,1,1,0,0,10,5,2,4
"600","fantasydata.net:mlb-v3-rotoballer-articles",1,1,1,1,1,0,1,1,1,0,0,1,1,0,0,10,5,2,4
"601","fantasydata.net:mlb-v3-rotoballer-premium-news",1,1,1,1,1,0,1,1,1,0,0,1,1,0,0,10,5,2,4
"602","fantasydata.net:mlb-v3-scores",1,1,1,1,1,0,1,1,1,0,0,1,1,0,0,10,5,2,4
"603","fantasydata.net:mlb-v3-stats",1,1,1,1,1,0,1,1,1,0,0,1,1,0,0,10,5,2,4
"604","fantasydata.net:nascar-v2",1,1,1,1,1,0,1,1,1,0,0,1,1,0,0,10,5,2,4
"605","fantasydata.net:nba-v3-play-by-play",1,1,1,1,1,0,1,1,1,0,0,1,1,0,0,10,5,2,4
"606","fantasydata.net:nba-v3-projections",1,1,1,1,1,0,1,1,1,0,0,1,1,0,0,10,5,2,4
"607","fantasydata.net:nba-v3-rotoballer-articles",1,1,1,1,1,0,1,1,1,0,0,1,1,0,0,10,5,2,4
"608","fantasydata.net:nba-v3-rotoballer-premium-news",1,1,1,1,1,0,1,1,1,0,0,1,1,0,0,10,5,2,4
"609","fantasydata.net:nba-v3-scores",1,1,1,1,1,0,1,1,1,0,0,1,1,0,0,10,5,2,4
"610","fantasydata.net:nba-v3-stats",1,1,1,1,1,0,1,1,1,0,0,1,1,0,0,10,5,2,4
"611","fantasydata.net:nfl-v3-play-by-play",1,1,1,1,1,0,1,1,1,0,0,1,1,0,0,10,5,2,4
"612","fantasydata.net:nfl-v3-projections",1,1,1,1,1,0,1,1,1,0,0,1,1,0,0,10,5,2,4
"613","fantasydata.net:nfl-v3-projections-dfsr",1,1,1,1,1,0,1,1,1,0,0,1,1,0,0,10,5,2,4
"614","fantasydata.net:nfl-v3-rotoballer-articles",1,1,1,1,1,0,1,1,1,0,0,1,1,0,0,10,5,2,4
"615","fantasydata.net:nfl-v3-rotoballer-premium-news",1,1,1,1,1,0,1,1,1,0,0,1,1,0,0,10,5,2,4
"616","fantasydata.net:nfl-v3-scores",1,1,1,1,1,0,1,1,1,0,0,1,1,0,0,10,5,2,4
"617","fantasydata.net:nfl-v3-stats",1,1,1,1,1,0,1,1,1,0,0,1,1,0,0,10,5,2,4
"618","fantasydata.net:nhl-v3-play-by-play",1,1,1,1,1,0,1,1,1,0,0,1,1,0,0,10,5,2,4
"619","fantasydata.net:nhl-v3-projections",1,1,1,1,1,0,1,1,1,0,0,1,1,0,0,10,5,2,4
"620","fantasydata.net:nhl-v3-scores",1,1,1,1,1,0,1,1,1,0,0,1,1,0,0,10,5,2,4
"621","fantasydata.net:nhl-v3-stats",1,1,1,1,1,0,1,1,1,0,0,1,1,0,0,10,5,2,4
"622","fantasydata.net:soccer-v3-projections",1,1,1,1,1,0,1,1,1,0,0,1,1,0,0,10,5,2,4
"623","fantasydata.net:soccer-v3-scores",1,1,1,1,1,0,1,1,1,0,0,1,1,0,0,10,5,2,4
"624","fantasydata.net:soccer-v3-stats",1,1,1,1,1,0,1,1,1,0,0,1,1,0,0,10,5,2,4
"625","figshare.com",1,1,1,1,1,0,1,1,1,0,0,1,0,0,0,9,6,2,2
"626","firebrowse.org",1,1,1,1,1,0,1,1,0,0,0,0,0,1,0,8,7,0,1
"627","flat.io",1,1,1,1,1,1,1,1,1,1,0,1,0,1,0,12,3,0,5
"628","flickr.com",1,1,1,1,1,1,1,1,1,0,0,0,0,0,0,9,6,0,2
"629","formapi.io",1,1,1,1,1,0,1,1,0,0,0,1,0,0,0,8,7,2,1
"630","freesound.org",1,1,1,1,1,0,1,1,1,0,0,0,0,1,1,10,5,0,4
"631","funtranslations.com",1,1,1,0,1,1,1,1,0,0,0,1,0,1,0,9,6,0,2
"632","furkot.com",1,1,1,1,1,0,1,1,1,0,0,1,1,0,1,11,4,2,3
"633","geneea.com",1,1,1,1,1,1,1,1,1,0,0,1,1,1,0,12,3,0,5
"634","geodesystems.com",1,1,1,1,1,0,0,1,0,0,0,1,0,1,0,8,7,1,1
"635","getgo.com:gototraining",1,1,1,1,1,1,1,1,1,1,0,0,0,1,0,11,4,0,3
"636","getgo.com:gotowebinar",1,1,1,1,1,1,1,1,1,1,0,0,0,1,0,11,4,0,3
"637","getsandbox.com",1,1,1,1,1,1,1,1,1,0,0,1,0,1,1,12,3,0,5
"638","gettyimages.com",1,1,1,1,1,0,0,1,1,0,0,1,1,0,0,9,6,2,2
"639","giphy.com",1,1,1,1,1,1,1,1,1,1,1,1,1,1,1,15,0,4,5
"640","gisgraphy.com",1,1,1,1,1,0,0,1,1,0,0,1,0,0,0,8,7,2,1
"641","github.com",1,1,1,1,1,1,1,1,1,0,0,1,0,0,1,11,4,4,3
"642","gitlab.com",1,1,1,1,1,0,1,1,1,0,0,1,1,1,0,11,4,2,3
"643","googleapis.com:abusiveexperiencereport",1,1,1,1,1,0,0,1,1,1,0,1,0,1,1,11,4,1,3
"644","googleapis.com:acceleratedmobilepageurl",1,1,1,1,1,0,0,1,1,1,0,0,0,1,1,10,5,1,4
"645","googleapis.com:adexchangebuyer",1,1,1,1,1,0,0,1,1,1,0,1,0,1,1,11,4,1,3
"646","googleapis.com:adexchangebuyer2",1,1,1,1,1,0,0,1,1,1,0,1,0,1,1,11,4,1,3
"647","googleapis.com:adexchangeseller",1,1,1,1,1,0,0,1,1,1,0,1,0,1,1,11,4,1,3
"648","googleapis.com:adexperiencereport",1,1,1,1,1,0,0,1,1,1,0,1,0,1,1,11,4,1,3
"649","googleapis.com:admin",1,1,1,1,1,0,0,1,1,1,0,1,0,1,1,11,4,1,3
"650","googleapis.com:adsense",1,1,1,1,1,0,0,1,1,1,0,1,0,1,1,11,4,1,3
"651","googleapis.com:adsensehost",1,1,1,1,1,0,0,1,1,1,0,1,0,1,1,11,4,1,3
"652","googleapis.com:analytics",1,1,1,1,1,0,0,1,1,1,0,1,0,1,1,11,4,1,3
"653","googleapis.com:analyticsreporting",1,1,1,1,1,0,0,1,1,1,0,1,0,1,1,11,4,1,3
"654","googleapis.com:androiddeviceprovisioning",1,1,1,1,1,0,0,1,1,1,0,0,0,1,1,10,5,1,4
"655","googleapis.com:androidenterprise",1,1,1,1,1,0,0,1,1,1,0,1,0,1,1,11,4,1,3
"656","googleapis.com:androidmanagement",1,1,1,1,1,0,0,1,1,1,0,1,0,1,1,11,4,1,3
"657","googleapis.com:androidpublisher",1,1,1,1,1,0,0,1,1,1,0,1,0,1,1,11,4,1,3
"658","googleapis.com:appengine",1,1,1,1,1,0,0,1,1,1,0,1,0,1,1,11,4,1,3
"659","googleapis.com:appsactivity",1,1,1,1,1,0,0,1,1,1,0,1,0,1,1,11,4,1,3
"660","googleapis.com:appstate",1,1,1,1,1,0,0,1,1,1,0,1,0,1,1,11,4,1,3
"661","googleapis.com:bigquery",1,1,1,1,1,0,0,1,1,1,0,1,0,1,1,11,4,1,3
"662","googleapis.com:bigquerydatatransfer",1,1,1,1,1,0,0,1,1,1,0,1,0,1,1,11,4,1,3
"663","googleapis.com:blogger",1,1,1,1,1,0,0,1,1,1,0,1,0,1,1,11,4,1,3
"664","googleapis.com:books",1,1,1,1,1,0,0,1,1,1,0,1,0,1,1,11,4,1,3
"665","googleapis.com:calendar",1,1,1,1,1,0,0,1,1,1,0,1,0,1,1,11,4,1,3
"666","googleapis.com:chat",1,1,1,1,1,0,0,1,1,1,0,0,0,1,1,10,5,1,4
"667","googleapis.com:civicinfo",1,1,1,1,1,0,0,1,1,1,0,0,0,1,1,10,5,1,4
"668","googleapis.com:classroom",1,1,1,1,1,0,0,1,1,1,0,1,0,1,1,11,4,1,3
"669","googleapis.com:cloudbilling",1,1,1,1,1,0,0,1,1,1,0,1,0,1,1,11,4,1,3
"670","googleapis.com:cloudbuild",1,1,1,1,1,0,0,1,1,1,0,1,0,1,1,11,4,1,3
"671","googleapis.com:clouddebugger",1,1,1,1,1,0,0,1,1,1,0,1,0,1,1,11,4,1,3
"672","googleapis.com:clouderrorreporting",1,1,1,1,1,0,0,1,1,1,0,1,0,1,1,11,4,1,3
"673","googleapis.com:cloudfunctions",1,1,1,1,1,0,0,1,1,1,0,1,0,1,1,11,4,1,3
"674","googleapis.com:cloudiot",1,1,1,1,1,0,0,1,1,1,0,1,0,1,1,11,4,1,3
"675","googleapis.com:cloudkms",1,1,1,1,1,0,0,1,1,1,0,1,0,1,1,11,4,1,3
"676","googleapis.com:cloudmonitoring",1,1,1,1,1,0,0,1,1,1,0,1,0,1,1,11,4,1,3
"677","googleapis.com:cloudresourcemanager",1,1,1,1,1,0,0,1,1,1,0,1,0,1,1,11,4,1,3
"678","googleapis.com:cloudshell",1,1,1,1,1,0,0,1,1,1,0,1,0,1,1,11,4,1,3
"679","googleapis.com:cloudtasks",1,1,1,1,1,0,0,1,1,1,0,1,0,1,1,11,4,1,3
"680","googleapis.com:cloudtrace",1,1,1,1,1,0,0,1,1,1,0,1,0,1,1,11,4,1,3
"681","googleapis.com:clouduseraccounts",1,1,1,1,1,0,0,1,1,1,0,1,0,1,1,11,4,1,3
"682","googleapis.com:compute",1,1,1,1,1,0,0,1,1,1,0,1,0,1,1,11,4,1,3
"683","googleapis.com:consumersurveys",1,1,1,1,1,0,0,1,1,1,0,1,0,1,0,10,5,1,4
"684","googleapis.com:container",1,1,1,1,1,0,0,1,1,1,0,1,0,1,1,11,4,1,3
"685","googleapis.com:content",1,1,1,1,1,0,0,1,1,1,0,1,0,1,1,11,4,1,3
"686","googleapis.com:customsearch",1,1,1,1,1,0,0,1,1,1,0,0,0,1,1,10,5,1,4
"687","googleapis.com:dataflow",1,1,1,1,1,0,0,1,1,1,0,1,0,1,1,11,4,1,3
"688","googleapis.com:dataproc",1,1,1,1,1,0,0,1,1,1,0,1,0,1,1,11,4,1,3
"689","googleapis.com:datastore",1,1,1,1,1,0,0,1,1,1,0,1,0,1,1,11,4,1,3
"690","googleapis.com:deploymentmanager",1,1,1,1,1,0,0,1,1,1,0,1,0,1,1,11,4,1,3
"691","googleapis.com:dfareporting",1,1,1,1,1,0,0,1,1,1,0,1,0,1,1,11,4,1,3
"692","googleapis.com:digitalassetlinks",1,1,1,1,1,0,0,1,1,1,0,0,0,1,1,10,5,1,4
"693","googleapis.com:discovery",1,1,1,1,1,0,0,1,1,1,0,0,0,1,1,10,5,1,4
"694","googleapis.com:dlp",1,1,1,1,1,0,0,1,1,1,0,1,0,1,1,11,4,1,3
"695","googleapis.com:dns",1,1,1,1,1,0,0,1,1,1,0,1,0,1,1,11,4,1,3
"696","googleapis.com:doubleclickbidmanager",1,1,1,1,1,0,0,1,1,1,0,1,0,1,1,11,4,1,3
"697","googleapis.com:doubleclicksearch",1,1,1,1,1,0,0,1,1,1,0,1,0,1,1,11,4,1,3
"698","googleapis.com:drive",1,1,1,1,1,0,0,1,1,1,0,1,0,1,1,11,4,1,3
"699","googleapis.com:firebasedynamiclinks",1,1,1,1,1,0,0,1,1,1,0,1,0,1,1,11,4,1,3
"700","googleapis.com:firebaseremoteconfig",1,1,1,1,1,0,0,1,1,1,0,0,0,1,1,10,5,1,4
"701","googleapis.com:firebaserules",1,1,1,1,1,0,0,1,1,1,0,1,0,1,1,11,4,1,3
"702","googleapis.com:firestore",1,1,1,1,1,0,0,1,1,1,0,1,0,1,1,11,4,1,3
"703","googleapis.com:fitness",1,1,1,1,1,0,0,1,1,1,0,1,0,1,1,11,4,1,3
"704","googleapis.com:fusiontables",1,1,1,1,1,0,0,1,1,1,0,1,0,1,1,11,4,1,3
"705","googleapis.com:games",1,1,1,1,1,0,0,1,1,1,0,1,0,1,1,11,4,1,3
"706","googleapis.com:gamesConfiguration",1,1,1,1,1,0,0,1,1,1,0,1,0,1,1,11,4,1,3
"707","googleapis.com:gamesManagement",1,1,1,1,1,0,0,1,1,1,0,1,0,1,1,11,4,1,3
"708","googleapis.com:genomics",1,1,1,1,1,0,0,1,1,1,0,1,0,1,1,11,4,1,3
"709","googleapis.com:gmail",1,1,1,1,1,0,0,1,1,1,0,1,0,1,1,11,4,1,3
"710","googleapis.com:groupsmigration",1,1,1,1,1,1,0,1,1,1,0,1,0,1,1,12,3,1,5
"711","googleapis.com:groupssettings",1,1,1,1,1,0,0,1,1,1,0,1,0,1,1,11,4,1,3
"712","googleapis.com:iam",1,1,1,1,1,0,0,1,1,1,0,1,0,1,1,11,4,1,3
"713","googleapis.com:identitytoolkit",1,1,1,1,1,0,0,1,1,1,0,1,0,1,1,11,4,1,3
"714","googleapis.com:kgsearch",1,1,1,1,1,0,0,1,1,1,0,0,0,1,1,10,5,1,4
"715","googleapis.com:language",1,1,1,1,1,0,0,1,1,1,0,1,0,1,1,11,4,1,3
"716","googleapis.com:licensing",1,1,1,1,1,0,0,1,1,1,0,1,0,1,1,11,4,1,3
"717","googleapis.com:logging",1,1,1,1,1,0,0,1,1,1,0,1,0,1,1,11,4,1,3
"718","googleapis.com:manufacturers",1,1,1,1,1,0,0,1,1,1,0,1,0,1,1,11,4,1,3
"719","googleapis.com:mirror",1,1,1,1,1,0,0,1,1,1,0,1,0,1,1,11,4,1,3
"720","googleapis.com:ml",1,1,1,1,1,0,0,1,1,1,0,1,0,1,1,11,4,1,3
"721","googleapis.com:monitoring",1,1,1,1,1,0,0,1,1,1,0,1,0,1,1,11,4,1,3
"722","googleapis.com:oauth2",1,1,1,1,1,0,0,1,1,1,0,1,0,1,1,11,4,1,3
"723","googleapis.com:oslogin",1,1,1,1,1,0,0,1,1,1,0,1,0,1,1,11,4,1,3
"724","googleapis.com:pagespeedonline",1,1,1,1,1,0,0,1,1,1,0,0,0,1,0,9,6,1,2
"725","googleapis.com:partners",1,1,1,1,1,0,0,1,1,1,0,0,0,1,1,10,5,1,4
"726","googleapis.com:people",1,1,1,1,1,0,0,1,1,1,0,1,0,1,1,11,4,1,3
"727","googleapis.com:playcustomapp",1,1,1,1,1,1,0,1,1,1,0,1,0,1,1,12,3,1,5
"728","googleapis.com:playmoviespartner",1,1,1,1,1,0,0,1,1,1,0,1,0,1,1,11,4,1,3
"729","googleapis.com:plus",1,1,1,1,1,0,0,1,1,1,0,1,0,1,1,11,4,1,3
"730","googleapis.com:plusDomains",1,1,1,1,1,0,0,1,1,1,0,1,0,1,1,11,4,1,3
"731","googleapis.com:poly",1,1,1,1,1,0,0,1,1,1,0,0,0,1,1,10,5,1,4
"732","googleapis.com:prediction",1,1,1,1,1,0,0,1,1,1,0,1,0,1,1,11,4,1,3
"733","googleapis.com:proximitybeacon",1,1,1,1,1,0,0,1,1,1,0,1,0,1,1,11,4,1,3
"734","googleapis.com:pubsub",1,1,1,1,1,0,0,1,1,1,0,1,0,1,1,11,4,1,3
"735","googleapis.com:qpxExpress",1,1,1,1,1,0,0,1,1,1,0,0,0,1,1,10,5,1,4
"736","googleapis.com:replicapool",1,1,1,1,1,0,0,1,1,1,0,1,0,1,1,11,4,1,3
"737","googleapis.com:replicapoolupdater",1,1,1,1,1,0,0,1,1,1,0,1,0,1,1,11,4,1,3
"738","googleapis.com:reseller",1,1,1,1,1,0,0,1,1,1,0,1,0,1,1,11,4,1,3
"739","googleapis.com:resourceviews",1,1,1,1,1,0,0,1,1,1,0,1,0,1,1,11,4,1,3
"740","googleapis.com:runtimeconfig",1,1,1,1,1,0,0,1,1,1,0,1,0,1,1,11,4,1,3
"741","googleapis.com:safebrowsing",1,1,1,1,1,0,0,1,1,1,0,0,0,1,1,10,5,1,4
"742","googleapis.com:script",1,1,1,1,1,0,0,1,1,1,0,1,0,1,1,11,4,1,3
"743","googleapis.com:searchconsole",1,1,1,1,1,0,0,1,1,1,0,0,0,1,1,10,5,1,4
"744","googleapis.com:serviceconsumermanagement",1,1,1,1,1,0,0,1,1,1,0,1,0,1,1,11,4,1,3
"745","googleapis.com:servicecontrol",1,1,1,1,1,0,0,1,1,1,0,1,0,1,1,11,4,1,3
"746","googleapis.com:servicemanagement",1,1,1,1,1,0,0,1,1,1,0,1,0,1,1,11,4,1,3
"747","googleapis.com:serviceusage",1,1,1,1,1,0,0,1,1,1,0,1,0,1,1,11,4,1,3
"748","googleapis.com:serviceuser",1,1,1,1,1,0,0,1,1,1,0,1,0,1,1,11,4,1,3
"749","googleapis.com:sheets",1,1,1,1,1,0,0,1,1,1,0,1,0,1,1,11,4,1,3
"750","googleapis.com:siteVerification",1,1,1,1,1,0,0,1,1,1,0,1,0,1,1,11,4,1,3
"751","googleapis.com:slides",1,1,1,1,1,0,0,1,1,1,0,1,0,1,1,11,4,1,3
"752","googleapis.com:sourcerepo",1,1,1,1,1,0,0,1,1,1,0,1,0,1,1,11,4,1,3
"753","googleapis.com:spanner",1,1,1,1,1,0,0,1,1,1,0,1,0,1,1,11,4,1,3
"754","googleapis.com:spectrum",1,1,1,1,1,0,0,1,1,1,0,0,0,1,1,10,5,1,4
"755","googleapis.com:speech",1,1,1,1,1,0,0,1,1,1,0,1,0,1,1,11,4,1,3
"756","googleapis.com:sqladmin",1,1,1,1,1,0,0,1,1,1,0,1,0,1,1,11,4,1,3
"757","googleapis.com:storage",1,1,1,1,1,0,0,1,1,1,0,1,0,1,1,11,4,1,3
"758","googleapis.com:storagetransfer",1,1,1,1,1,0,0,1,1,1,0,1,0,1,1,11,4,1,3
"759","googleapis.com:streetviewpublish",1,1,1,1,1,0,0,1,1,1,0,1,0,1,1,11,4,1,3
"760","googleapis.com:surveys",1,1,1,1,1,0,0,1,1,1,0,1,0,1,0,10,5,1,4
"761","googleapis.com:tagmanager",1,1,1,1,1,0,0,1,1,1,0,1,0,1,1,11,4,1,3
"762","googleapis.com:taskqueue",1,1,1,1,1,0,0,1,1,1,0,1,0,1,1,11,4,1,3
"763","googleapis.com:tasks",1,1,1,1,1,0,0,1,1,1,0,1,0,1,1,11,4,1,3
"764","googleapis.com:testing",1,1,1,1,1,0,0,1,1,1,0,1,0,1,1,11,4,1,3
"765","googleapis.com:toolresults",1,1,1,1,1,0,0,1,1,1,0,1,0,1,1,11,4,1,3
"766","googleapis.com:tpu",1,1,1,1,1,0,0,1,1,1,0,1,0,1,1,11,4,1,3
"767","googleapis.com:tracing",1,1,1,1,1,0,0,1,1,1,0,1,0,1,1,11,4,1,3
"768","googleapis.com:translate",1,1,1,1,1,0,0,1,1,1,0,1,0,1,1,11,4,1,3
"769","googleapis.com:urlshortener",1,1,1,1,1,0,0,1,1,1,0,1,0,1,1,11,4,1,3
"770","googleapis.com:vault",1,1,1,1,1,0,0,1,1,1,0,1,0,1,1,11,4,1,3
"771","googleapis.com:videointelligence",1,1,1,1,1,0,0,1,1,1,0,1,0,1,1,11,4,1,3
"772","googleapis.com:vision",1,1,1,1,1,0,0,1,1,1,0,1,0,1,1,11,4,1,3
"773","googleapis.com:webfonts",1,1,1,1,1,0,0,1,1,1,0,0,0,1,1,10,5,1,4
"774","googleapis.com:webmasters",1,1,1,1,1,0,0,1,1,1,0,1,0,1,1,11,4,1,3
"775","googleapis.com:youtube",1,1,1,1,1,0,0,1,1,1,0,1,0,1,1,11,4,1,3
"776","googleapis.com:youtubeAnalytics",1,1,1,1,1,0,0,1,1,1,0,1,0,1,1,11,4,1,3
"777","googleapis.com:youtubereporting",1,1,1,1,1,0,0,1,1,1,0,1,0,1,1,11,4,1,3
"778","gov.bc.ca:bcdc",1,1,1,1,1,1,1,1,0,0,0,1,1,1,0,11,4,0,3
"779","gov.bc.ca:bcgnws",1,1,1,1,1,0,1,1,0,0,0,0,0,1,1,9,6,0,2
"780","gov.bc.ca:geocoder",1,1,1,1,1,0,1,1,0,0,0,0,0,1,1,9,6,0,2
"781","gov.bc.ca:geomark",1,1,1,1,1,0,0,1,0,0,0,0,0,1,1,8,7,1,1
"782","gov.bc.ca:jobposting",1,1,1,1,1,0,1,1,1,0,0,0,0,0,0,8,7,0,1
"783","gov.bc.ca:news",1,1,1,1,1,1,1,1,1,0,0,1,0,0,0,10,5,0,4
"784","gov.bc.ca:open511",1,1,1,1,1,0,1,1,0,0,0,0,0,1,1,9,6,0,2
"785","gov.bc.ca:router",1,1,1,1,1,0,1,1,0,0,0,1,1,1,1,11,4,2,3
"786","graphhopper.com",1,1,1,1,1,1,1,1,1,0,0,1,1,0,0,11,4,2,3
"787","greenpeace.org",1,1,1,1,1,1,1,1,1,0,0,0,0,0,0,9,6,0,2
"788","gsa.gov",1,1,1,1,1,0,0,1,0,0,0,0,0,1,0,7,8,0,1
"789","hackathonwatch.com",1,1,1,1,1,0,1,1,0,0,0,0,0,1,0,8,7,0,1
"790","haloapi.com:metadata",1,1,1,1,1,0,1,1,0,0,0,1,1,0,0,9,6,2,2
"791","haloapi.com:profile",1,1,1,1,1,0,0,1,0,0,0,1,1,0,0,8,7,2,1
"792","haloapi.com:stats",1,1,1,1,1,0,1,1,0,0,0,1,1,0,0,9,6,2,2
"793","haloapi.com:ugc",1,1,1,1,1,0,1,1,0,0,0,1,1,0,0,9,6,2,2
"794","healthcare.gov",1,1,1,1,1,0,0,1,1,0,0,1,0,0,1,9,6,1,2
"795","hetras-certification.net:booking",1,1,1,1,1,0,1,1,1,0,0,0,0,0,0,8,7,0,1
"796","hetras-certification.net:hotel",1,1,1,1,1,0,1,1,1,0,0,0,0,0,0,8,7,0,1
"797","hhs.gov",1,1,1,1,1,1,0,1,1,0,0,0,0,1,0,9,6,0,2
"798","highwaysengland.co.uk",1,1,1,1,1,1,1,1,1,0,0,0,0,0,0,9,6,0,2
"799","hsbc.com",1,1,1,0,1,1,1,1,1,0,0,0,0,0,0,8,7,0,1
"800","icons8.com",1,1,1,1,1,0,1,1,1,0,0,0,0,0,0,8,7,0,1
"801","idtbeyond.com",1,1,1,1,1,1,1,1,1,0,0,0,0,0,0,9,6,0,2
"802","ijenko.net",1,1,1,0,1,1,1,1,1,1,1,1,1,1,0,13,2,3,5
"803","illumidesk.com",1,1,1,0,1,1,1,1,1,0,0,1,1,0,0,10,5,3,4
"804","import.io:data",1,1,1,1,1,0,0,1,1,0,0,1,0,1,1,10,5,1,4
"805","import.io:extraction",1,1,1,1,1,0,1,1,1,0,0,1,0,1,1,11,4,1,3
"806","import.io:rss",1,1,1,1,1,0,1,1,1,0,0,1,0,1,1,11,4,1,3
"807","import.io:run",1,1,1,1,1,1,1,1,1,0,0,1,0,1,1,12,3,0,5
"808","import.io:schedule",1,1,1,1,1,1,1,1,1,0,0,1,0,1,1,12,3,0,5
"809","inboxroute.com",1,1,1,1,1,1,1,1,1,0,1,1,1,0,0,12,3,2,5
"810","infermedica.com",1,1,1,1,1,0,1,1,1,0,0,0,0,1,0,9,6,0,2
"811","instagram.com",1,1,1,1,1,0,1,1,1,0,0,1,0,1,1,11,4,1,3
"812","instawell.com",1,1,1,1,1,1,1,1,1,0,0,0,0,0,0,9,6,0,2
"813","iqualify.com",1,1,1,1,1,0,0,1,1,1,1,1,1,1,0,12,3,1,5
"814","isbndb.com",1,1,1,0,1,0,1,1,1,0,0,1,0,0,0,8,7,2,1
"815","isendpro.com",1,1,1,1,1,0,0,1,1,0,0,0,0,0,0,7,8,0,1
"816","iva-api.com",1,1,1,0,1,0,1,1,1,0,0,1,0,1,1,10,5,1,4
"817","je-apis.com",1,1,1,1,1,0,0,1,1,0,0,0,0,1,0,8,7,0,1
"818","jirafe.com",1,1,1,1,1,0,1,1,1,0,0,1,0,1,1,11,4,1,3
"819","jumpseller.com",1,1,1,1,1,1,1,1,1,1,0,0,0,0,0,10,5,0,4
"820","just-eat.co.uk",1,1,1,0,1,0,1,1,1,0,0,0,0,0,0,7,8,0,1
"821","koomalooma.com",1,1,1,1,1,0,1,1,1,0,0,1,1,0,1,11,4,2,3
"822","kubernetes.io",1,1,1,0,1,0,0,1,1,0,0,1,1,0,0,8,7,2,1
"823","landregistry.gov.uk:deed",1,1,1,1,1,0,1,1,1,0,0,0,0,0,0,8,7,0,1
"824","launchdarkly.com",1,1,1,1,1,1,1,1,1,1,1,1,1,0,0,13,2,3,5
"825","learnifier.com",1,1,1,0,1,0,1,1,1,0,0,0,0,0,1,8,7,0,1
"826","letmc.com:basic-tier",1,1,1,0,1,0,1,1,1,0,0,1,0,0,0,8,7,2,1
"827","letmc.com:customer",1,1,1,0,1,1,0,1,1,0,0,1,0,0,0,8,7,3,1
"828","letmc.com:diary",1,1,1,0,1,0,1,1,1,0,0,1,0,0,0,8,7,2,1
"829","letmc.com:free-tier",1,1,1,0,1,1,1,1,1,0,0,1,0,0,0,9,6,3,2
"830","letmc.com:maintenance",1,1,1,0,1,1,1,1,1,0,0,1,0,0,0,9,6,3,2
"831","letmc.com:reporting",1,1,1,0,1,1,1,1,1,0,0,1,0,0,0,9,6,3,2
"832","link.fish",1,1,1,1,1,1,0,1,1,0,0,1,0,1,0,10,5,0,4
"833","loganalytics.io:operationalinsights-OperationalInsights",1,1,1,1,1,1,1,1,1,1,0,1,1,0,0,12,3,3,5
"834","lotadata.com",1,1,1,1,1,0,1,1,1,0,0,1,1,0,0,10,5,2,4
"835","lufthansa.com:partner",1,1,1,1,1,1,1,1,0,0,0,1,0,0,0,9,6,0,2
"836","lufthansa.com:public",1,1,1,1,1,1,1,1,1,0,0,1,0,0,0,10,5,0,4
"837","lyft.com",1,1,1,1,1,1,1,1,1,1,0,1,1,1,0,13,2,3,5
"838","magento.com",1,1,1,1,1,0,0,1,1,0,0,0,0,1,0,8,7,0,1
"839","magick.nu",1,1,1,1,1,0,0,1,1,0,0,0,0,1,0,8,7,0,1
"840","mandrillapp.com",1,1,1,1,1,0,0,1,1,0,0,1,0,0,1,9,6,1,2
"841","mashape.com:geodb",1,1,1,1,1,1,1,1,1,0,0,1,1,1,0,12,3,0,5
"842","mcw.edu",1,1,1,1,1,1,1,1,1,0,0,0,0,1,0,10,5,0,4
"843","medium.com",1,1,1,1,1,0,1,1,1,0,0,1,0,0,1,10,5,2,4
"844","miataru.com",1,1,1,1,1,1,1,1,1,0,0,0,0,0,0,9,6,0,2
"845","microsoft.com:cognitiveservices-CustomSearch",1,1,1,1,1,0,1,1,1,1,0,1,1,0,0,11,4,2,3
"846","microsoft.com:cognitiveservices-EntitySearch",1,1,1,1,1,0,1,1,1,1,0,1,1,0,0,11,4,2,3
"847","microsoft.com:cognitiveservices-ImageSearch",1,1,1,1,1,0,1,1,1,1,0,1,1,0,0,11,4,2,3
"848","microsoft.com:cognitiveservices-NewsSearch",1,1,1,1,1,0,1,1,1,1,0,1,1,0,0,11,4,2,3
"849","microsoft.com:cognitiveservices-Prediction",1,1,1,1,1,0,1,1,1,1,0,0,0,0,0,9,6,0,2
"850","microsoft.com:cognitiveservices-SpellCheck",1,1,1,1,1,1,1,1,1,1,0,1,1,0,0,12,3,3,5
"851","microsoft.com:cognitiveservices-Training",1,1,1,1,1,0,0,1,1,1,0,0,0,0,0,8,7,1,1
"852","microsoft.com:cognitiveservices-VideoSearch",1,1,1,1,1,0,1,1,1,1,0,1,1,0,0,11,4,2,3
"853","microsoft.com:cognitiveservices-WebSearch",1,1,1,1,1,0,1,1,1,1,0,1,1,0,0,11,4,2,3
"854","moonmoonmoonmoon.com",1,1,1,1,1,0,0,1,0,0,0,0,0,1,0,7,8,0,1
"855","motaword.com",1,1,1,1,1,1,1,1,1,0,0,1,0,0,1,11,4,4,3
"856","mozilla.com:kinto",1,1,1,1,1,0,1,1,0,0,0,1,0,1,0,9,6,0,2
"857","nativeads.com",1,1,1,0,1,0,1,1,1,0,0,0,0,0,0,7,8,0,1
"858","naviplancentral.com:factfinder",1,1,1,1,1,0,1,1,1,0,0,0,0,0,0,8,7,0,1
"859","naviplancentral.com:plan",1,1,1,1,1,0,1,1,1,0,0,0,0,0,0,8,7,0,1
"860","nba.com",1,1,1,1,1,0,1,1,0,0,0,0,0,0,0,7,8,0,1
"861","neowsapp.com",1,1,1,1,1,1,1,1,1,0,0,0,0,1,0,10,5,0,4
"862","netatmo.net",1,1,1,1,1,1,1,1,1,0,0,1,0,1,1,12,3,0,5
"863","netlicensing.io",1,1,1,1,1,0,1,1,1,0,0,1,0,1,0,10,5,0,4
"864","netlify.com",1,1,1,1,1,1,1,1,1,0,1,1,1,0,0,12,3,2,5
"865","neutrinoapi.com",1,1,1,1,1,1,1,1,1,0,0,1,0,0,0,10,5,0,4
"866","nfusionsolutions.biz",1,1,1,1,1,1,1,1,1,0,0,1,0,0,0,10,5,0,4
"867","noosh.com",1,1,1,1,1,0,1,1,1,0,0,1,0,1,0,10,5,0,4
"868","npr.org",1,1,1,0,1,1,1,1,1,1,1,1,0,1,1,13,2,1,5
"869","nrel.gov:building-case-studies",1,1,1,1,1,0,1,1,0,0,0,1,1,1,0,10,5,2,4
"870","nrel.gov:transportation-incentives-laws",1,1,1,1,1,0,0,1,1,0,0,1,1,1,0,10,5,2,4
"871","nsidc.org",1,1,1,1,1,0,0,1,0,0,0,0,0,1,0,7,8,0,1
"872","nytimes.com:archive",1,1,1,1,1,0,1,1,1,0,0,1,1,0,1,11,4,2,3
"873","nytimes.com:article_search",1,1,1,1,1,0,1,1,1,0,0,1,1,0,1,11,4,2,3
"874","nytimes.com:books_api",1,1,1,1,1,1,1,1,1,0,0,1,0,0,1,11,4,4,3
"875","nytimes.com:community",1,1,1,1,1,1,1,1,1,0,0,1,0,0,1,11,4,4,3
"876","nytimes.com:geo_api",1,1,1,1,1,0,1,1,1,0,0,1,1,0,1,11,4,2,3
"877","nytimes.com:most_popular_api",1,1,1,1,1,1,1,1,1,1,0,1,0,0,1,12,3,4,5
"878","nytimes.com:movie_reviews",1,1,1,1,1,0,1,1,1,0,0,1,1,0,1,11,4,2,3
"879","nytimes.com:semantic_api",1,1,1,1,1,0,1,1,1,0,0,1,1,0,1,11,4,2,3
"880","nytimes.com:times_tags",1,1,1,1,1,0,1,1,0,0,0,1,1,0,1,10,5,2,4
"881","nytimes.com:timeswire",1,1,1,1,1,0,1,1,1,0,0,1,1,0,1,11,4,2,3
"882","nytimes.com:top_stories",1,1,1,1,1,0,1,1,1,0,0,1,1,0,1,11,4,2,3
"883","o2.cz:mobility",1,1,1,1,1,0,1,1,1,0,0,0,0,1,0,9,6,0,2
"884","o2.cz:sociodemo",1,1,1,1,1,0,1,1,1,0,0,0,0,1,0,9,6,0,2
"885","oceandrivers.com",1,1,1,1,1,0,1,1,0,0,0,0,0,1,0,8,7,0,1
"886","omdbapi.com",1,1,1,1,1,1,1,1,1,0,0,1,0,0,1,11,4,4,3
"887","openapi-converter.herokuapp.com",1,1,1,1,1,1,1,1,0,0,0,0,1,1,1,11,4,0,3
"888","openbanking.org.uk",1,1,1,1,1,0,1,1,0,0,0,0,0,1,0,8,7,0,1
"889","opencagedata.com",1,1,1,1,1,1,1,1,1,0,0,0,0,0,1,10,5,0,4
"890","opendatasoft.com",1,1,1,1,1,0,1,1,1,1,0,1,1,1,0,12,3,2,5
"891","openfintech.io",1,1,1,1,1,0,1,1,1,1,0,0,0,1,0,10,5,0,4
"892","openstf.io",1,1,1,1,1,1,1,1,1,0,0,1,0,1,0,11,4,0,3
"893","opentargets.io",1,1,1,1,1,1,1,1,0,0,0,0,0,1,0,9,6,0,2
"894","orghunter.com",1,1,1,1,1,0,0,1,0,0,0,1,1,1,0,9,6,2,2
"895","osf.io",1,1,1,1,1,0,0,1,0,0,0,0,0,1,0,7,8,0,1
"896","osisoft.com",1,1,1,1,1,0,1,1,1,0,0,0,0,0,0,8,7,0,1
"897","owler.com",1,1,1,1,1,0,1,1,1,0,0,1,1,1,0,11,4,2,3
"898","oxforddictionaries.com",1,1,1,1,1,0,1,1,1,1,0,0,0,0,0,9,6,0,2
"899","paccurate.io",1,1,1,0,1,1,1,1,1,0,0,0,0,0,0,8,7,0,1
"900","pandorabots.com",1,1,1,1,1,0,0,1,0,0,0,1,1,1,0,9,6,2,2
"901","passwordutility.net",1,1,1,0,1,1,1,1,1,0,0,0,0,0,0,8,7,0,1
"902","patientview.org",1,1,1,1,1,1,0,1,1,0,0,0,0,1,0,9,6,0,2
"903","paylocity.com",1,1,1,1,1,1,1,1,1,0,0,1,0,0,0,10,5,0,4
"904","payments.service.gov.uk:payments",1,1,1,0,1,0,1,1,1,0,0,0,0,1,0,8,7,0,1
"905","payrun.io",1,1,1,1,1,1,1,1,1,0,0,0,0,0,1,10,5,0,4
"906","peel-ci.com",1,1,1,1,1,0,1,1,0,0,0,0,0,1,0,8,7,0,1
"907","personio.de:authentication",1,1,1,1,1,1,1,1,1,0,0,0,0,0,0,9,6,0,2
"908","personio.de:personnel",1,1,1,1,1,1,1,1,1,0,0,1,0,0,0,10,5,0,4
"909","phila.gov:pollingplaces",1,1,1,1,1,0,1,1,1,0,0,0,0,0,0,8,7,0,1
"910","polygon.io",1,1,1,0,1,0,1,1,1,0,0,1,1,0,0,9,6,2,2
"911","postmarkapp.com:account",1,1,1,1,1,1,1,1,1,0,1,0,0,0,0,10,5,0,4
"912","postmarkapp.com:server",1,1,1,1,1,1,1,1,1,0,1,0,0,0,0,10,5,0,4
"913","posty-api.herokuapp.com",1,1,1,1,1,0,1,1,0,0,0,0,0,1,0,8,7,0,1
"914","ptv.vic.gov.au",1,1,1,0,1,1,1,1,1,0,0,0,0,0,0,8,7,0,1
"915","qualpay.com",1,1,1,1,1,1,1,1,1,0,0,1,0,1,0,11,4,0,3
"916","quotes.rest",1,1,1,0,1,1,1,1,1,0,0,0,0,1,0,9,6,0,2
"917","rbaskets.in",1,1,1,1,1,1,1,1,1,0,0,1,0,1,0,11,4,0,3
"918","rebilly.com",1,1,1,1,1,1,1,1,1,1,1,1,1,1,0,14,1,3,5
"919","receptive.io",1,1,1,0,1,0,1,1,1,1,1,1,1,0,0,11,4,3,3
"920","refugerestrooms.org",1,1,1,1,1,0,1,1,0,0,0,0,0,1,0,8,7,0,1
"921","reverb.com",1,1,1,1,1,1,1,1,1,0,0,1,0,0,1,11,4,4,3
"922","ritc.io",1,1,1,1,1,1,1,1,1,0,0,1,0,0,0,10,5,0,4
"923","ritekit.com",1,1,1,1,1,0,0,1,1,0,0,0,0,0,0,7,8,0,1
"924","roaring.io",1,1,1,1,1,0,0,1,1,0,0,1,0,0,0,8,7,2,1
"925","rottentomatoes.com",1,1,1,1,1,1,1,1,1,0,0,1,1,1,1,13,2,4,5
"926","rummblelabs.com",1,1,1,0,1,0,1,1,1,0,0,0,0,0,0,7,8,0,1
"927","runscope.com",1,1,1,1,1,0,1,1,1,1,1,1,1,0,0,12,3,2,5
"928","salesloft.com",1,1,1,0,1,0,0,1,1,0,0,1,0,1,0,8,7,1,1
"929","schooldigger.com",1,1,1,0,1,1,1,1,1,0,0,0,0,0,0,8,7,0,1
"930","scrapewebsite.email",1,1,1,1,1,0,1,1,0,0,0,0,0,1,0,8,7,0,1
"931","selectpdf.com",1,1,1,1,1,1,1,1,1,0,0,0,0,0,0,9,6,0,2
"932","semantria.com",1,1,1,1,1,0,1,1,1,0,0,0,0,1,1,10,5,0,4
"933","sendgrid.com",1,1,1,1,1,0,0,1,1,1,0,1,0,0,1,10,5,1,4
"934","shipstation.com",1,1,1,1,1,0,0,1,1,0,0,0,0,0,0,7,8,0,1
"935","simplyrets.com",1,1,1,1,1,1,1,1,1,0,0,1,0,0,0,10,5,0,4
"936","slack.com",1,1,1,1,1,0,1,1,1,0,0,1,0,0,1,10,5,2,4
"937","slicebox.local",1,1,1,1,1,1,1,1,1,0,0,0,0,1,0,10,5,0,4
"938","slideroom.com",1,1,1,0,1,0,1,1,1,0,0,0,0,0,0,7,8,0,1
"939","smart-me.com",1,1,1,0,1,0,0,1,1,0,0,1,0,0,0,7,8,2,1
"940","solarvps.com",1,1,1,1,1,0,1,1,0,0,0,1,0,1,0,9,6,0,2
"941","spectrocoin.com",1,1,1,1,1,1,1,1,1,0,0,0,0,1,0,10,5,0,4
"942","spinbot.net",1,1,1,1,1,1,1,1,0,0,0,1,1,1,1,12,3,4,5
"943","spinitron.com",1,1,1,1,1,0,1,1,1,1,0,1,0,1,0,11,4,1,3
"944","spotify.com",1,1,1,1,1,1,1,1,1,0,0,1,0,0,1,11,4,4,3
"945","squareup.com",1,1,1,0,1,1,1,1,1,0,0,1,0,0,1,10,5,3,4
"946","stackexchange.com",1,1,1,1,1,0,0,1,1,0,0,1,0,0,1,9,6,1,2
"947","staging-ecotaco.com",1,1,1,1,1,0,0,1,1,0,0,0,0,0,0,7,8,0,1
"948","statsocial.com",1,1,1,1,1,0,1,1,1,0,0,1,1,0,1,11,4,2,3
"949","stoplight.io",1,1,1,1,1,1,1,1,1,0,1,1,0,0,0,11,4,0,3
"950","storecove.com",1,1,1,1,1,1,1,1,1,0,0,1,1,1,0,12,3,0,5
"951","stripe.com",1,1,1,0,1,1,1,1,1,0,0,0,0,0,0,8,7,0,1
"952","surrey.ca:open511",1,1,1,1,1,0,1,1,0,0,0,0,0,1,0,8,7,0,1
"953","surrey.ca:trafficloops",1,1,1,1,1,0,1,1,0,0,0,0,0,1,0,8,7,0,1
"954","swagger.io:generator",1,1,1,1,1,0,0,1,1,0,0,0,0,1,0,8,7,0,1
"955","swaggerhub.com",1,1,1,0,1,0,1,1,1,0,0,1,0,1,0,9,6,0,2
"956","synq.fm",1,1,1,1,1,1,0,1,1,0,1,0,0,0,0,9,6,0,2
"957","taggun.io",1,1,1,1,1,0,0,1,1,0,0,1,0,1,0,9,6,1,2
"958","taxamo.com",1,1,1,1,1,1,1,1,1,0,0,1,0,1,0,11,4,0,3
"959","taxrates.io",1,1,1,1,1,1,1,1,1,0,0,1,0,0,0,10,5,0,4
"960","tfl.gov.uk",1,1,1,0,1,1,0,1,1,0,0,1,0,0,0,8,7,3,1
"961","thenounproject.com",1,1,1,1,1,0,1,1,0,0,0,0,0,1,1,9,6,0,2
"962","thesmsworks.co.uk",1,1,1,1,1,1,1,1,1,0,0,1,0,0,0,10,5,0,4
"963","thetvdb.com",1,1,1,1,1,1,1,1,1,1,0,1,0,1,0,12,3,0,5
"964","traccar.org",1,1,1,1,1,1,1,1,1,1,0,1,1,0,0,12,3,3,5
"965","transavia.com",1,1,1,1,1,0,1,1,1,0,0,1,1,0,0,10,5,2,4
"966","trello.com",1,1,1,1,1,0,0,1,1,0,0,1,0,1,1,10,5,1,4
"967","turbinelabs.io",1,1,1,1,1,0,1,1,1,0,0,1,1,1,0,11,4,2,3
"968","tvmaze.com",1,1,1,1,1,1,1,1,1,0,0,1,1,0,0,11,4,2,3
"969","twilio.com",1,1,1,1,1,0,0,1,1,0,0,1,0,0,1,9,6,1,2
"970","twinehealth.com",1,1,1,1,1,1,1,1,1,0,0,1,0,1,0,11,4,0,3
"971","twitter.com",1,1,1,1,1,0,0,1,0,0,0,0,0,0,0,6,9,0,1
"972","tyk.com",1,1,1,0,1,0,0,1,1,0,0,0,0,0,0,6,9,0,1
"973","uebermaps.com",1,1,1,1,1,1,1,1,1,0,0,0,0,0,0,9,6,0,2
"974","vatapi.com",1,1,1,1,1,0,0,1,1,0,0,1,1,1,0,10,5,2,4
"975","versioneye.com",1,1,1,1,1,0,1,1,0,0,0,0,0,1,0,8,7,0,1
"976","vestorly.com",1,1,1,1,1,0,0,1,1,0,0,1,0,1,1,10,5,1,4
"977","victorops.com",1,1,1,1,1,0,1,1,1,1,1,0,0,1,0,11,4,0,3
"978","visagecloud.com",1,1,1,1,1,0,0,1,1,0,0,0,0,1,0,8,7,0,1
"979","vocadb.net",1,1,1,0,1,0,0,1,1,0,0,0,0,0,0,6,9,0,1
"980","voodoomfg.com",1,1,1,1,1,0,1,1,1,0,0,1,1,0,0,10,5,2,4
"981","waag.org",1,1,1,1,1,0,1,1,0,0,0,0,0,1,0,8,7,0,1
"982","watchful.li",1,1,1,1,1,0,0,1,1,0,0,0,0,1,1,9,6,1,2
"983","waterlinked.com",1,1,1,0,1,1,1,1,1,0,1,0,0,0,0,9,6,0,2
"984","wavecell.com",1,1,1,1,1,0,1,1,1,0,0,1,0,0,0,9,6,2,2
"985","wealthport.com",1,1,1,1,1,0,0,1,1,0,0,1,0,1,0,9,6,1,2
"986","weatherbit.io",1,1,1,1,1,0,1,1,1,0,0,0,0,0,0,8,7,0,1
"987","weber-gesamtausgabe.de",1,1,1,1,1,0,1,1,1,1,0,0,0,1,0,10,5,0,4
"988","whapi.com:accounts",1,1,1,1,1,1,1,1,1,1,0,1,1,0,0,12,3,3,5
"989","whapi.com:bets",1,1,1,1,1,1,1,1,1,1,0,1,1,0,0,12,3,3,5
"990","whapi.com:locations",1,1,1,1,1,1,1,1,1,1,0,1,1,0,0,12,3,3,5
"991","whapi.com:numbers",1,1,1,1,1,1,1,1,1,0,0,1,1,0,0,11,4,2,3
"992","whapi.com:sessions",1,1,1,1,1,0,0,1,1,1,0,1,1,0,0,10,5,2,4
"993","whapi.com:sportsdata",1,1,1,1,1,1,1,1,1,1,0,0,0,0,0,10,5,0,4
"994","who-hosts-this.com",1,1,1,1,1,0,1,1,0,0,0,1,1,0,1,10,5,2,4
"995","wikimedia.org",1,1,1,1,1,0,0,1,1,0,0,1,0,1,0,9,6,1,2
"996","windows.net:batch-BatchService",1,1,1,0,1,1,1,1,1,1,0,0,0,0,0,9,6,3,2
"997","windows.net:graphrbac",1,1,1,0,1,1,1,1,1,1,0,1,1,0,0,11,4,3,3
"998","winning.email",1,1,1,1,1,1,1,1,1,0,0,1,1,1,0,12,3,0,5
"999","winsms.co.za",1,1,1,1,1,1,1,1,1,0,0,1,1,0,0,11,4,2,3
"1000","wmata.com:bus-realtime",1,1,1,1,1,0,0,1,0,0,0,1,1,0,0,8,7,2,1
"1001","wmata.com:bus-route",1,1,1,1,1,0,0,1,0,0,0,1,1,0,0,8,7,2,1
"1002","wmata.com:incidents",1,1,1,1,1,0,0,1,0,0,0,1,1,0,0,8,7,2,1
"1003","wmata.com:rail-realtime",1,1,1,1,1,0,0,1,0,0,0,1,1,0,0,8,7,2,1
"1004","wmata.com:rail-station",1,1,1,1,1,0,0,1,0,0,0,1,1,0,0,8,7,2,1
"1005","wordassociations.net",1,1,1,1,1,1,1,1,1,0,0,1,1,0,0,11,4,2,3
"1006","wordnik.com",1,1,1,1,1,0,0,1,1,0,0,1,1,1,1,11,4,1,3
"1007","wowza.com",1,1,1,1,1,1,1,1,1,1,0,1,1,1,1,14,1,4,5
"1008","wso2apistore.com:transform",1,1,1,1,1,0,0,1,0,0,0,1,0,0,0,7,8,2,1
"1009","xero.com",1,1,1,1,1,1,1,1,1,1,1,0,0,1,0,12,3,0,5
"1010","xkcd.com",1,1,1,1,1,0,0,1,1,0,0,1,0,0,1,9,6,1,2
"1011","yunbi.com",1,1,1,1,1,0,1,1,0,0,0,0,0,1,0,8,7,0,1
"1012","zalando.com",1,1,1,1,1,0,1,1,1,1,0,0,0,0,0,9,6,0,2
"1013","zappiti.com",1,1,1,1,1,1,1,1,1,0,0,0,0,0,0,9,6,0,2
"1014","zoom.us",1,1,1,1,1,1,1,1,1,1,0,1,1,1,1,14,1,4,5
"1015","zoomconnect.com",1,1,1,1,1,0,1,1,1,0,0,1,0,1,0,10,5,0,4
"1016","zuora.com",1,1,1,1,1,1,1,1,1,1,0,0,0,1,0,11,4,0,3
