"","X","paths","operations","pam_fit$clustering"
"1","1forge.com",2,2,1
"2","6-dot-authentiqio.appspot.com",5,14,2
"3","adafruit.com",34,69,3
"4","adobe.com:aem",26,30,4
"5","afterbanks.com",3,3,5
"6","agco-ats.com",109,191,6
"7","airport-web.appspot.com",1,1,7
"8","amadeus.com",23,23,4
"9","amazonaws.com:AWSMigrationHub",16,32,4
"10","amazonaws.com:acm",10,20,8
"11","amazonaws.com:alexaforbusiness",36,72,3
"12","amazonaws.com:apigateway",52,172,6
"13","amazonaws.com:application-autoscaling",10,20,8
"14","amazonaws.com:appstream",33,66,3
"15","amazonaws.com:appsync",12,39,4
"16","amazonaws.com:athena",11,22,8
"17","amazonaws.com:autoscaling",52,104,6
"18","amazonaws.com:autoscaling-plans",4,8,2
"19","amazonaws.com:batch",16,32,4
"20","amazonaws.com:budgets",13,26,4
"21","amazonaws.com:ce",5,10,2
"22","amazonaws.com:cloud9",10,20,8
"23","amazonaws.com:clouddirectory",60,122,6
"24","amazonaws.com:cloudformation",41,82,3
"25","amazonaws.com:cloudfront",18,46,4
"26","amazonaws.com:cloudhsm",20,40,4
"27","amazonaws.com:cloudhsmv2",10,20,8
"28","amazonaws.com:cloudsearch",24,48,4
"29","amazonaws.com:cloudsearchdomain",3,6,9
"30","amazonaws.com:cloudtrail",14,28,4
"31","amazonaws.com:codebuild",15,30,4
"32","amazonaws.com:codecommit",36,72,3
"33","amazonaws.com:codedeploy",40,80,3
"34","amazonaws.com:codepipeline",27,54,3
"35","amazonaws.com:codestar",18,36,4
"36","amazonaws.com:cognito-identity",18,36,4
"37","amazonaws.com:cognito-idp",95,190,6
"38","amazonaws.com:cognito-sync",12,29,4
"39","amazonaws.com:comprehend",11,22,8
"40","amazonaws.com:config",27,54,3
"41","amazonaws.com:cur",3,6,9
"42","amazonaws.com:datapipeline",19,38,4
"43","amazonaws.com:dax",21,42,4
"44","amazonaws.com:devicefarm",49,98,3
"45","amazonaws.com:directconnect",44,88,3
"46","amazonaws.com:discovery",19,38,4
"47","amazonaws.com:dms",44,88,3
"48","amazonaws.com:ds",40,80,3
"49","amazonaws.com:dynamodb",29,58,3
"50","amazonaws.com:ec2",268,536,10
"51","amazonaws.com:ecr",22,44,4
"52","amazonaws.com:ecs",31,62,3
"53","amazonaws.com:elasticache",40,80,3
"54","amazonaws.com:elasticbeanstalk",43,86,3
"55","amazonaws.com:elasticfilesystem",8,19,8
"56","amazonaws.com:elasticloadbalancing",29,58,3
"57","amazonaws.com:elasticloadbalancingv2",34,68,3
"58","amazonaws.com:elasticmapreduce",27,54,3
"59","amazonaws.com:elastictranscoder",11,28,4
"60","amazonaws.com:email",70,140,6
"61","amazonaws.com:entitlement.marketplace",1,2,1
"62","amazonaws.com:es",12,26,8
"63","amazonaws.com:events",15,30,4
"64","amazonaws.com:firehose",7,14,8
"65","amazonaws.com:gamelift",65,130,6
"66","amazonaws.com:glacier",18,51,4
"67","amazonaws.com:glue",78,156,6
"68","amazonaws.com:greengrass",38,112,3
"69","amazonaws.com:guardduty",26,63,3
"70","amazonaws.com:health",6,12,2
"71","amazonaws.com:iam",122,244,6
"72","amazonaws.com:importexport",6,12,2
"73","amazonaws.com:inspector",33,66,3
"74","amazonaws.com:iot",75,198,6
"75","amazonaws.com:iot-data",2,6,9
"76","amazonaws.com:iot-jobs-data",3,7,9
"77","amazonaws.com:kinesis",23,46,4
"78","amazonaws.com:kinesis-video-archived-media",2,4,5
"79","amazonaws.com:kinesis-video-media",1,2,1
"80","amazonaws.com:kinesisanalytics",17,34,4
"81","amazonaws.com:kinesisvideo",10,20,8
"82","amazonaws.com:kms",35,70,3
"83","amazonaws.com:lambda",17,47,4
"84","amazonaws.com:lex-models",32,68,3
"85","amazonaws.com:lightsail",71,142,6
"86","amazonaws.com:logs",33,66,3
"87","amazonaws.com:machinelearning",28,56,3
"88","amazonaws.com:marketplacecommerceanalytics",2,4,5
"89","amazonaws.com:mediaconvert",9,29,4
"90","amazonaws.com:medialive",8,23,8
"91","amazonaws.com:mediapackage",5,16,8
"92","amazonaws.com:mediastore",10,20,8
"93","amazonaws.com:mediastore-data",2,7,9
"94","amazonaws.com:meteringmarketplace",3,6,9
"95","amazonaws.com:mobile",7,16,8
"96","amazonaws.com:mobileanalytics",1,2,1
"97","amazonaws.com:monitoring",15,30,4
"98","amazonaws.com:mq",9,26,8
"99","amazonaws.com:mturk-requester",39,78,3
"100","amazonaws.com:opsworks",74,148,6
"101","amazonaws.com:opsworkscm",15,30,4
"102","amazonaws.com:organizations",42,84,3
"103","amazonaws.com:pinpoint",32,97,3
"104","amazonaws.com:polly",4,10,2
"105","amazonaws.com:pricing",3,6,9
"106","amazonaws.com:rds",91,182,6
"107","amazonaws.com:redshift",63,126,6
"108","amazonaws.com:rekognition",33,66,3
"109","amazonaws.com:resource-groups",6,18,8
"110","amazonaws.com:resourcegroupstaggingapi",5,10,2
"111","amazonaws.com:route53",40,96,3
"112","amazonaws.com:route53domains",24,48,4
"113","amazonaws.com:runtime.lex",2,4,5
"114","amazonaws.com:runtime.sagemaker",1,2,1
"115","amazonaws.com:s3",74,151,6
"116","amazonaws.com:sagemaker",34,68,3
"117","amazonaws.com:sdb",10,20,8
"118","amazonaws.com:serverlessrepo",6,16,8
"119","amazonaws.com:servicecatalog",60,120,6
"120","amazonaws.com:servicediscovery",18,36,4
"121","amazonaws.com:shield",10,20,8
"122","amazonaws.com:sms",11,22,8
"123","amazonaws.com:snowball",17,34,4
"124","amazonaws.com:sns",30,60,3
"125","amazonaws.com:sqs",20,40,4
"126","amazonaws.com:ssm",97,194,6
"127","amazonaws.com:states",19,38,4
"128","amazonaws.com:storagegateway",63,126,6
"129","amazonaws.com:streams.dynamodb",4,8,2
"130","amazonaws.com:sts",7,14,8
"131","amazonaws.com:support",14,28,4
"132","amazonaws.com:swf",31,62,3
"133","amazonaws.com:transcribe",3,6,9
"134","amazonaws.com:translate",1,2,1
"135","amazonaws.com:waf",69,138,6
"136","amazonaws.com:waf-regional",73,146,6
"137","amazonaws.com:workdocs",25,65,3
"138","amazonaws.com:workmail",28,56,3
"139","amazonaws.com:workspaces",14,28,4
"140","amazonaws.com:xray",6,12,2
"141","anchore.io",31,45,3
"142","apache.org:qakka",7,10,2
"143","apacta.com",79,136,6
"144","api2cart.com",108,108,6
"145","apigee.net:marketcheck-cars",27,35,4
"146","apimatic.io",1,1,7
"147","apis.guru",2,2,1
"148","apitore.com:2chMatomeFeedsApis",1,1,7
"149","apitore.com:certificateFeedsApis",1,1,7
"150","apitore.com:cosineSimilarity",2,2,1
"151","apitore.com:designFeedsApis",1,1,7
"152","apitore.com:documentFrequencyApis",1,1,7
"153","apitore.com:gameFeedsApis",1,1,7
"154","apitore.com:japaneseWordnetApis",1,1,7
"155","apitore.com:kmeansClusteringByWord2vec",1,1,7
"156","apitore.com:kuromojiApis",2,4,5
"157","apitore.com:languageDetectionApis",2,2,1
"158","apitore.com:newsFeedsApis",1,1,7
"159","apitore.com:pioneerBlogFeedsApis",1,1,7
"160","apitore.com:rss2jsonApis",1,1,7
"161","apitore.com:sentenceSeparatorApis",1,1,7
"162","apitore.com:sentenceSimilarity",1,1,7
"163","apitore.com:sentencepieceApis_tweet_",1,1,7
"164","apitore.com:sentencepieceApis_wikipedia_",2,2,1
"165","apitore.com:sentimentApis",1,1,7
"166","apitore.com:synonymApis",1,1,7
"167","apitore.com:techFeedsApis",1,1,7
"168","apitore.com:text2labelByTfidfApis",1,1,7
"169","apitore.com:text2labelByWordVectorApis",1,1,7
"170","apitore.com:travelFeedsApis",1,1,7
"171","apitore.com:tweetSummarizationApis",1,1,7
"172","apitore.com:twitterApis",3,3,5
"173","apitore.com:twitterApisWithSentimentByApitoreSentimentApi",1,1,7
"174","apitore.com:twitterApisWithWord2vecQueryExpansion",1,1,7
"175","apitore.com:twitterApisWithWord2vecQueryExpansion,AndAddSentimentByApitoreSentimentApi",1,1,7
"176","apitore.com:url2hrefApis",1,1,7
"177","apitore.com:url2htmlApis",1,1,7
"178","apitore.com:url2labelByTfidfApis",1,1,7
"179","apitore.com:url2labelByWordVectorApis",1,1,7
"180","apitore.com:url2srcApis",1,1,7
"181","apitore.com:url2textApis",1,1,7
"182","apitore.com:word2vecApis",5,5,9
"183","apitore.com:wordnetApis",8,8,2
"184","apitore.com:wordnetHypernymApis",1,1,7
"185","apitore.com:wordnetHyponymApis",1,1,7
"186","apitore.com:wordnetSimilarityApis",8,8,2
"187","apitore.com:wordnetSynonymApis",1,1,7
"188","apitore.com:wordnetTranslationApis",1,1,7
"189","apitore.com:wordsToVectorsApis",1,1,7
"190","applicationinsights.io:applicationinsights-AppInsights",8,9,2
"191","appveyor.com",34,75,3
"192","archive.org:search",3,3,5
"193","archive.org:wayback",1,2,1
"194","art19.com",22,22,8
"195","ato.gov.au",38,108,3
"196","aucklandmuseum.com",4,6,9
"197","authentiq.io",6,9,2
"198","avaza.com",28,40,4
"199","aviationdata.systems",6,6,9
"200","azure.com:advisor",9,13,2
"201","azure.com:analysisservices",12,15,8
"202","azure.com:apimanagement",4,7,9
"203","azure.com:apimanagement-apimapis",19,46,4
"204","azure.com:apimanagement-apimauthorizationservers",2,6,9
"205","azure.com:apimanagement-apimbackends",3,7,9
"206","azure.com:apimanagement-apimcertificates",2,5,9
"207","azure.com:apimanagement-apimdeployment",11,14,8
"208","azure.com:apimanagement-apimdiagnostics",4,10,2
"209","azure.com:apimanagement-apimemailtemplate",2,6,9
"210","azure.com:apimanagement-apimgroups",4,10,2
"211","azure.com:apimanagement-apimidentityprovider",2,6,9
"212","azure.com:apimanagement-apimloggers",2,6,9
"213","azure.com:apimanagement-apimnetworkstatus",2,2,1
"214","azure.com:apimanagement-apimnotifications",6,11,2
"215","azure.com:apimanagement-apimopenidconnectproviders",2,6,9
"216","azure.com:apimanagement-apimproducts",9,20,8
"217","azure.com:apimanagement-apimproperties",2,6,9
"218","azure.com:apimanagement-apimquotas",2,4,5
"219","azure.com:apimanagement-apimreports",8,8,2
"220","azure.com:apimanagement-apimsubscriptions",4,8,2
"221","azure.com:apimanagement-apimtagresources",1,1,7
"222","azure.com:apimanagement-apimtags",11,27,4
"223","azure.com:apimanagement-apimtenant",10,11,2
"224","azure.com:apimanagement-apimusers",7,11,2
"225","azure.com:apimanagement-apimversionsets",2,6,9
"226","azure.com:applicationinsights-aiOperations_API",1,1,7
"227","azure.com:applicationinsights-componentAnnotations_API",2,4,5
"228","azure.com:applicationinsights-componentApiKeys_API",2,4,5
"229","azure.com:applicationinsights-componentContinuousExport_API",2,5,9
"230","azure.com:applicationinsights-componentFeaturesAndPricing_API",4,5,9
"231","azure.com:applicationinsights-componentProactiveDetection_API",2,3,5
"232","azure.com:applicationinsights-componentWorkItemConfigs_API",3,4,5
"233","azure.com:applicationinsights-components_API",3,6,9
"234","azure.com:applicationinsights-favorites_API",2,5,9
"235","azure.com:applicationinsights-webTestLocations_API",1,1,7
"236","azure.com:applicationinsights-webTests_API",3,6,9
"237","azure.com:authorization",13,19,8
"238","azure.com:authorization-authorization-ClassicAdminCalls",1,1,7
"239","azure.com:authorization-authorization-RACalls",6,10,2
"240","azure.com:authorization-authorization-RoleBasedCalls",12,18,8
"241","azure.com:automation-account",6,9,2
"242","azure.com:automation-certificate",2,5,9
"243","azure.com:automation-connection",2,5,9
"244","azure.com:automation-connectionType",2,4,5
"245","azure.com:automation-credential",2,5,9
"246","azure.com:automation-dscCompilationJob",4,5,9
"247","azure.com:automation-dscConfiguration",3,5,9
"248","azure.com:automation-dscNode",7,9,2
"249","azure.com:automation-dscNodeConfiguration",2,4,5
"250","azure.com:automation-hybridRunbookWorkerGroup",2,4,5
"251","azure.com:automation-job",9,10,2
"252","azure.com:automation-jobSchedule",2,4,5
"253","azure.com:automation-linkedWorkspace",1,1,7
"254","azure.com:automation-module",7,10,2
"255","azure.com:automation-runbook",13,18,8
"256","azure.com:automation-schedule",2,5,9
"257","azure.com:automation-softwareUpdateConfiguration",2,4,5
"258","azure.com:automation-softwareUpdateConfigurationMachineRun",2,2,1
"259","azure.com:automation-softwareUpdateConfigurationRun",2,2,1
"260","azure.com:automation-sourceControl",2,5,9
"261","azure.com:automation-sourceControlSyncJob",2,3,5
"262","azure.com:automation-variable",2,5,9
"263","azure.com:automation-webhook",3,6,9
"264","azure.com:azsadmin-Alert",2,3,5
"265","azure.com:azsadmin-CommerceAdmin",1,1,7
"266","azure.com:azsadmin-EdgeGateway",2,2,1
"267","azure.com:azsadmin-EdgeGatewayPool",2,2,1
"268","azure.com:azsadmin-FabricLocation",2,2,1
"269","azure.com:azsadmin-FileShare",2,2,1
"270","azure.com:azsadmin-InfraRole",2,2,1
"271","azure.com:azsadmin-InfraRoleInstance",6,6,9
"272","azure.com:azsadmin-IpPool",2,3,5
"273","azure.com:azsadmin-LogicalNetwork",2,2,1
"274","azure.com:azsadmin-LogicalSubnet",2,2,1
"275","azure.com:azsadmin-MacAddressPool",2,2,1
"276","azure.com:azsadmin-Operations",2,2,1
"277","azure.com:azsadmin-RegionHealth",2,2,1
"278","azure.com:azsadmin-ResourceHealth",2,2,1
"279","azure.com:azsadmin-ScaleUnit",2,2,1
"280","azure.com:azsadmin-ScaleUnitNode",6,6,9
"281","azure.com:azsadmin-ServiceHealth",2,2,1
"282","azure.com:azsadmin-SlbMuxInstance",2,2,1
"283","azure.com:azsadmin-StoragePool",2,2,1
"284","azure.com:azsadmin-StorageSystem",2,2,1
"285","azure.com:azsadmin-Volume",2,2,1
"286","azure.com:azurestack-AzureStack",1,1,7
"287","azure.com:azurestack-CustomerSubscription",2,4,5
"288","azure.com:azurestack-Product",3,3,5
"289","azure.com:azurestack-Registration",3,5,9
"290","azure.com:batch-BatchManagement",20,34,4
"291","azure.com:batchai-BatchAI",14,21,8
"292","azure.com:billing",6,6,9
"293","azure.com:cdn",25,34,4
"294","azure.com:cognitiveservices",8,11,2
"295","azure.com:cognitiveservices-ComputerVision",9,9,2
"296","azure.com:cognitiveservices-ContentModerator",24,35,4
"297","azure.com:cognitiveservices-Face",17,28,4
"298","azure.com:cognitiveservices-LUIS-Programmatic",56,97,6
"299","azure.com:cognitiveservices-LUIS-Runtime",1,2,1
"300","azure.com:cognitiveservices-TextAnalytics",3,3,5
"301","azure.com:commerce",2,2,1
"302","azure.com:compute",61,76,3
"303","azure.com:compute-containerService",3,5,9
"304","azure.com:compute-disk",10,16,8
"305","azure.com:compute-runCommands",3,3,5
"306","azure.com:compute-skus",1,1,7
"307","azure.com:compute-swagger",1,1,7
"308","azure.com:consumption",3,5,9
"309","azure.com:containerinstance-containerInstance",5,7,9
"310","azure.com:containerregistry",15,24,8
"311","azure.com:containerservices-containerService",3,5,9
"312","azure.com:containerservices-location",1,1,7
"313","azure.com:containerservices-managedClusters",5,7,9
"314","azure.com:cosmos-db",29,32,4
"315","azure.com:customer-insights",41,66,3
"316","azure.com:datacatalog",3,6,9
"317","azure.com:datafactory",34,49,3
"318","azure.com:datalake-analytics-account",17,31,4
"319","azure.com:datalake-analytics-catalog",36,42,3
"320","azure.com:datalake-analytics-job",11,13,2
"321","azure.com:datalake-store-account",11,20,8
"322","azure.com:datalake-store-filesystem",2,3,5
"323","azure.com:datamigration",17,29,4
"324","azure.com:deviceprovisioningservices-iotdps",13,18,8
"325","azure.com:devtestlabs-DTL",64,107,6
"326","azure.com:dns",6,11,2
"327","azure.com:domainservices",4,7,9
"328","azure.com:eventgrid-EventGrid",21,27,4
"329","azure.com:eventhub-EventHub",25,38,4
"330","azure.com:hanaonazure",4,4,5
"331","azure.com:hdinsight-applications",2,4,5
"332","azure.com:hdinsight-capabilities",1,1,7
"333","azure.com:hdinsight-cluster",4,7,9
"334","azure.com:hdinsight-configurations",1,2,1
"335","azure.com:hdinsight-extensions",2,6,9
"336","azure.com:hdinsight-operations",1,1,7
"337","azure.com:hdinsight-scriptActions",6,6,9
"338","azure.com:intune",23,33,4
"339","azure.com:iothub",20,26,4
"340","azure.com:keyvault",53,76,3
"341","azure.com:keyvault-providers",1,1,7
"342","azure.com:keyvault-secrets",2,4,5
"343","azure.com:locationbasedservices",7,10,2
"344","azure.com:logic",41,59,3
"345","azure.com:machinelearning-commitmentPlans",8,12,2
"346","azure.com:machinelearning-webservices",6,9,2
"347","azure.com:machinelearning-workspaces",6,9,2
"348","azure.com:machinelearningcompute-machineLearningCompute",7,10,2
"349","azure.com:machinelearningexperimentation-machineLearningExperimentation",8,17,8
"350","azure.com:managementgroups-management",6,10,2
"351","azure.com:managementpartner-ManagementPartner",2,5,9
"352","azure.com:marketplaceordering-Agreements",2,3,5
"353","azure.com:mediaservices-media",7,10,2
"354","azure.com:migrate",14,21,8
"355","azure.com:mobileengagement-mobile-engagement",33,40,4
"356","azure.com:monitor-actionGroups_API",4,7,9
"357","azure.com:monitor-activityLogAlerts_API",3,6,9
"358","azure.com:monitor-activityLogs_API",1,1,7
"359","azure.com:monitor-alertRulesIncidents_API",2,2,1
"360","azure.com:monitor-alertRules_API",2,5,9
"361","azure.com:monitor-autoscale_API",2,5,9
"362","azure.com:monitor-baseline_API",1,1,7
"363","azure.com:monitor-calculateBaseline_API",1,1,7
"364","azure.com:monitor-diagnosticsSettingsCategories_API",2,2,1
"365","azure.com:monitor-diagnosticsSettings_API",2,4,5
"366","azure.com:monitor-eventCategories_API",1,1,7
"367","azure.com:monitor-logProfiles_API",2,5,9
"368","azure.com:monitor-metricDefinitions_API",1,1,7
"369","azure.com:monitor-metrics_API",1,1,7
"370","azure.com:monitor-operations_API",1,1,7
"371","azure.com:monitor-serviceDiagnosticsSettings_API",1,3,5
"372","azure.com:monitor-tenantActivityLogs_API",1,1,7
"373","azure.com:msi-ManagedIdentity",4,7,9
"374","azure.com:mysql",13,21,8
"375","azure.com:network",63,97,6
"376","azure.com:network-applicationGateway",10,13,2
"377","azure.com:network-applicationSecurityGroup",3,5,9
"378","azure.com:network-checkDnsAvailability",1,1,7
"379","azure.com:network-endpointService",1,1,7
"380","azure.com:network-expressRouteCircuit",13,19,8
"381","azure.com:network-loadBalancer",14,19,8
"382","azure.com:network-networkInterface",8,11,2
"383","azure.com:network-networkSecurityGroup",7,12,2
"384","azure.com:network-networkWatcher",23,30,4
"385","azure.com:network-operation",1,1,7
"386","azure.com:network-publicIpAddress",3,6,9
"387","azure.com:network-routeFilter",5,11,2
"388","azure.com:network-routeTable",5,10,2
"389","azure.com:network-serviceCommunity",1,1,7
"390","azure.com:network-usage",1,1,7
"391","azure.com:network-virtualNetwork",9,16,8
"392","azure.com:network-virtualNetworkGateway",18,28,4
"393","azure.com:network-vmssNetworkInterface",5,5,9
"394","azure.com:network-vmssPublicIpAddress",3,3,5
"395","azure.com:notificationhubs",18,27,4
"396","azure.com:operationalinsights-OperationalInsights",14,21,8
"397","azure.com:operationsmanagement-OperationsManagement",8,14,8
"398","azure.com:policyinsights-policyEvents",9,9,2
"399","azure.com:policyinsights-policyStates",18,18,8
"400","azure.com:postgresql",13,21,8
"401","azure.com:powerbidedicated",8,11,2
"402","azure.com:powerbiembedded",9,12,2
"403","azure.com:provisioningservices-iotdps",13,18,8
"404","azure.com:recoveryservices-backup",2,4,5
"405","azure.com:recoveryservices-registeredidentities",2,2,1
"406","azure.com:recoveryservices-replicationusages",1,1,7
"407","azure.com:recoveryservices-vaults",5,10,2
"408","azure.com:recoveryservices-vaultusages",1,1,7
"409","azure.com:recoveryservicesbackup",29,33,4
"410","azure.com:recoveryservicesbackup-backupManagement",32,38,4
"411","azure.com:recoveryservicesbackup-bms",11,11,2
"412","azure.com:recoveryservicesbackup-jobs",2,2,1
"413","azure.com:recoveryservicesbackup-operations",1,1,7
"414","azure.com:recoveryservicesbackup-registeredIdentities",1,1,7
"415","azure.com:recoveryservicessiterecovery-service",80,104,6
"416","azure.com:redis",14,23,8
"417","azure.com:relay",21,34,4
"418","azure.com:reservations",10,11,2
"419","azure.com:resourcehealth",5,5,9
"420","azure.com:resources",23,40,4
"421","azure.com:resources-features",4,4,5
"422","azure.com:resources-links",3,5,9
"423","azure.com:resources-locks",7,15,8
"424","azure.com:resources-managedapplications",7,17,8
"425","azure.com:resources-management",3,3,5
"426","azure.com:resources-policy",7,13,2
"427","azure.com:resources-policyAssignments",5,9,2
"428","azure.com:resources-policyDefinitions",6,10,2
"429","azure.com:resources-policySetDefinitions",6,10,2
"430","azure.com:resources-subscriptions",4,4,5
"431","azure.com:scheduler",9,15,8
"432","azure.com:search",9,12,2
"433","azure.com:search-searchindex",1,1,7
"434","azure.com:search-searchservice",13,25,8
"435","azure.com:servermanagement",15,25,4
"436","azure.com:service-map-arm-service-map",22,25,4
"437","azure.com:servicebus",36,55,3
"438","azure.com:servicefabric",102,113,6
"439","azure.com:sql-Databases",6,9,2
"440","azure.com:sql-advisors",6,9,2
"441","azure.com:sql-backupLongTermRetentionPolicies",2,3,5
"442","azure.com:sql-backupLongTermRetentionVaults",2,3,5
"443","azure.com:sql-backups",4,4,5
"444","azure.com:sql-blobAuditingPolicies",1,2,1
"445","azure.com:sql-cancelOperations",2,2,1
"446","azure.com:sql-cancelPoolOperations",2,2,1
"447","azure.com:sql-capabilities",1,1,7
"448","azure.com:sql-checkNameAvailability",1,1,7
"449","azure.com:sql-connectionPolicies",1,2,1
"450","azure.com:sql-dataMasking",3,4,5
"451","azure.com:sql-dataWarehouseUserActivities",1,1,7
"452","azure.com:sql-databaseAutomaticTuning",1,2,1
"453","azure.com:sql-databaseSecurityAlertPolicies",1,2,1
"454","azure.com:sql-databases",6,9,2
"455","azure.com:sql-deprecated",2,2,1
"456","azure.com:sql-disasterRecoveryConfigurations",4,6,9
"457","azure.com:sql-elasticPools",2,5,9
"458","azure.com:sql-encryptionProtectors",2,3,5
"459","azure.com:sql-failoverGroups",4,7,9
"460","azure.com:sql-firewallRules",2,5,9
"461","azure.com:sql-geoBackupPolicies",2,3,5
"462","azure.com:sql-importExport",3,3,5
"463","azure.com:sql-managedDatabases",3,6,9
"464","azure.com:sql-metrics",4,4,5
"465","azure.com:sql-operations",1,1,7
"466","azure.com:sql-queries",3,3,5
"467","azure.com:sql-renameDatabase",1,1,7
"468","azure.com:sql-replicationLinks",4,5,9
"469","azure.com:sql-restorePoints",2,4,5
"470","azure.com:sql-serverAutomaticTuning",1,2,1
"471","azure.com:sql-serverAzureADAdministrators",2,4,5
"472","azure.com:sql-serverCommunicationLinks",2,4,5
"473","azure.com:sql-serverDnsAliases",3,5,9
"474","azure.com:sql-serverKeys",2,4,5
"475","azure.com:sql-servers",3,6,9
"476","azure.com:sql-serviceObjectives",2,2,1
"477","azure.com:sql-sql.core",9,10,2
"478","azure.com:sql-syncAgents",4,6,9
"479","azure.com:sql-syncGroups",8,11,2
"480","azure.com:sql-syncMembers",4,7,9
"481","azure.com:sql-tableAuditing",5,8,2
"482","azure.com:sql-usages",2,2,1
"483","azure.com:sql-virtualNetworkRules",2,4,5
"484","azure.com:storage",11,14,8
"485","azure.com:storageimportexport",7,10,2
"486","azure.com:storsimple8000series-storsimple",66,92,6
"487","azure.com:streamanalytics-functions",4,7,9
"488","azure.com:streamanalytics-inputs",3,6,9
"489","azure.com:streamanalytics-outputs",3,6,9
"490","azure.com:streamanalytics-streamingjobs",6,9,2
"491","azure.com:streamanalytics-subscriptions",1,1,7
"492","azure.com:streamanalytics-transformations",1,3,5
"493","azure.com:subscription-subscriptionDefinitions",4,5,9
"494","azure.com:timeseriesinsights",10,22,8
"495","azure.com:trafficmanager",6,12,2
"496","azure.com:trafficmanager-trafficmanageranalytics",2,4,5
"497","azure.com:visualstudio-Csm",8,15,8
"498","azure.com:web-AppServiceCertificateOrders",14,20,8
"499","azure.com:web-AppServiceEnvironments",32,39,4
"500","azure.com:web-AppServicePlans",21,29,4
"501","azure.com:web-CertificateRegistrationProvider",1,1,7
"502","azure.com:web-Certificates",3,6,9
"503","azure.com:web-DeletedWebApps",1,1,7
"504","azure.com:web-Diagnostics",16,16,8
"505","azure.com:web-DomainRegistrationProvider",1,1,7
"506","azure.com:web-Domains",9,15,8
"507","azure.com:web-Provider",3,3,5
"508","azure.com:web-Recommendations",7,7,9
"509","azure.com:web-ResourceProvider",13,15,8
"510","azure.com:web-TopLevelDomains",3,3,5
"511","azure.com:web-WebApps",224,311,10
"512","azure.com:web-logicAppsManagementClient",7,9,2
"513","azure.com:web-service",213,295,10
"514","bbc.co.uk",45,75,3
"515","bbc.com",25,25,4
"516","bbci.co.uk",30,30,4
"517","bclaws.ca:bclaws",7,7,9
"518","beanstream.com",11,15,8
"519","beezup.com",155,181,6
"520","betfair.com",1,1,7
"521","bigoven.com",49,63,3
"522","bikewise.org",4,4,5
"523","bitbucket.org",112,278,6
"524","blazemeter.com",11,14,8
"525","bluemix.net:containers",41,47,3
"526","botify.com",28,57,3
"527","box.com:authorization",1,1,7
"528","box.com:content",77,127,6
"529","box.com:token",2,2,1
"530","box.com:upload",7,9,2
"531","brandlovers.com",31,36,4
"532","brex.io",24,25,4
"533","browshot.com",17,17,8
"534","bufferapp.com",18,18,8
"535","bungie.net",94,94,6
"536","callfire.com",80,111,6
"537","cambase.io",8,17,8
"538","carbondoomsday.com",2,4,5
"539","ccp.is",190,205,10
"540","cenit.io",20,40,4
"541","channel4.com",68,68,3
"542","circleci.com",17,35,4
"543","circuitsandbox.net",37,52,3
"544","cisco.com",19,19,8
"545","citrixonline.com:gotomeeting",18,26,4
"546","citrixonline.com:scim",7,17,8
"547","citycontext.com",3,3,5
"548","clarify.io",10,21,8
"549","clever-cloud.com",188,274,10
"550","clever.com",44,44,3
"551","clickmeter.com",79,108,6
"552","cloudmersive.com:ocr",1,1,7
"553","cnab-online.herokuapp.com",4,4,5
"554","code-scan.com",1,2,1
"555","consumerfinance.gov",6,6,9
"556","core.ac.uk",17,17,8
"557","cybertaxonomy.eu",2,2,1
"558","data.gov",3,3,5
"559","data2crm.com",53,95,3
"560","dataatwork.org",13,13,8
"561","datumbox.com",14,14,8
"562","deeparteffects.com",3,3,5
"563","deutschebahn.com:betriebsstellen",2,2,1
"564","deutschebahn.com:fahrplan",4,4,5
"565","deutschebahn.com:fasta",5,5,9
"566","deutschebahn.com:flinkster",10,10,2
"567","deutschebahn.com:reisezentren",4,4,5
"568","deutschebahn.com:stada",4,4,5
"569","digitallinguistics.io",6,18,8
"570","docker.com:engine",97,105,6
"571","docusign.net",160,463,10
"572","domainsdb.info",1,1,7
"573","dracoon.team",107,170,6
"574","dropx.io",7,7,9
"575","dweet.io",13,13,8
"576","ebay.com:buy-browse",4,4,5
"577","ebay.com:buy-feed",2,2,1
"578","ebay.com:buy-marketing",3,3,5
"579","ebay.com:commerce-taxonomy",5,5,9
"580","ebay.com:sell-fulfillment",4,5,9
"581","envoice.in",28,28,4
"582","epa.gov:air",8,16,8
"583","epa.gov:case",8,16,8
"584","epa.gov:cwa",18,36,4
"585","epa.gov:dfr",34,68,3
"586","epa.gov:echo",8,16,8
"587","epa.gov:eff",4,8,2
"588","epa.gov:rcra",8,16,8
"589","epa.gov:sdw",4,8,2
"590","etmdb.com",27,27,4
"591","europeana.eu",13,13,8
"592","exavault.com",35,35,4
"593","fantasydata.net:cbb-v3-scores",12,12,2
"594","fantasydata.net:cbb-v3-stats",22,22,8
"595","fantasydata.net:cfb-v3-scores",11,11,2
"596","fantasydata.net:golf-v2",14,14,8
"597","fantasydata.net:mlb-v3-play-by-play",2,2,1
"598","fantasydata.net:mlb-v3-projections",4,4,5
"599","fantasydata.net:mlb-v3-projections-dfsr",2,2,1
"600","fantasydata.net:mlb-v3-rotoballer-articles",3,3,5
"601","fantasydata.net:mlb-v3-rotoballer-premium-news",3,3,5
"602","fantasydata.net:mlb-v3-scores",17,17,8
"603","fantasydata.net:mlb-v3-stats",32,32,4
"604","fantasydata.net:nascar-v2",6,6,9
"605","fantasydata.net:nba-v3-play-by-play",2,2,1
"606","fantasydata.net:nba-v3-projections",3,3,5
"607","fantasydata.net:nba-v3-rotoballer-articles",3,3,5
"608","fantasydata.net:nba-v3-rotoballer-premium-news",3,3,5
"609","fantasydata.net:nba-v3-scores",13,13,8
"610","fantasydata.net:nba-v3-stats",28,28,4
"611","fantasydata.net:nfl-v3-play-by-play",2,2,1
"612","fantasydata.net:nfl-v3-projections",10,10,2
"613","fantasydata.net:nfl-v3-projections-dfsr",2,2,1
"614","fantasydata.net:nfl-v3-rotoballer-articles",3,3,5
"615","fantasydata.net:nfl-v3-rotoballer-premium-news",4,4,5
"616","fantasydata.net:nfl-v3-scores",26,26,4
"617","fantasydata.net:nfl-v3-stats",66,66,3
"618","fantasydata.net:nhl-v3-play-by-play",2,2,1
"619","fantasydata.net:nhl-v3-projections",3,3,5
"620","fantasydata.net:nhl-v3-scores",17,17,8
"621","fantasydata.net:nhl-v3-stats",28,28,4
"622","fantasydata.net:soccer-v3-projections",3,3,5
"623","fantasydata.net:soccer-v3-scores",19,19,8
"624","fantasydata.net:soccer-v3-stats",29,29,4
"625","figshare.com",80,141,6
"626","firebrowse.org",30,30,4
"627","flat.io",38,60,3
"628","flickr.com",25,25,4
"629","formapi.io",5,7,9
"630","freesound.org",2,2,1
"631","funtranslations.com",36,36,4
"632","furkot.com",2,2,1
"633","geneea.com",6,11,2
"634","geodesystems.com",231,231,10
"635","getgo.com:gototraining",17,22,8
"636","getgo.com:gotowebinar",30,38,4
"637","getsandbox.com",5,9,2
"638","gettyimages.com",39,43,3
"639","giphy.com",10,10,2
"640","gisgraphy.com",6,6,9
"641","github.com",157,244,10
"642","gitlab.com",251,358,10
"643","googleapis.com:abusiveexperiencereport",2,4,5
"644","googleapis.com:acceleratedmobilepageurl",1,2,1
"645","googleapis.com:adexchangebuyer",28,66,3
"646","googleapis.com:adexchangebuyer2",25,58,3
"647","googleapis.com:adexchangeseller",14,28,4
"648","googleapis.com:adexperiencereport",2,4,5
"649","googleapis.com:admin",6,12,2
"650","googleapis.com:adsense",38,76,3
"651","googleapis.com:adsensehost",17,43,4
"652","googleapis.com:analytics",41,127,6
"653","googleapis.com:analyticsreporting",1,2,1
"654","googleapis.com:androiddeviceprovisioning",18,39,4
"655","googleapis.com:androidenterprise",49,132,6
"656","googleapis.com:androidmanagement",9,20,8
"657","googleapis.com:androidpublisher",31,87,3
"658","googleapis.com:appengine",22,60,3
"659","googleapis.com:appsactivity",1,2,1
"660","googleapis.com:appstate",3,8,2
"661","googleapis.com:bigquery",13,35,4
"662","googleapis.com:bigquerydatatransfer",8,19,8
"663","googleapis.com:blogger",24,57,3
"664","googleapis.com:books",49,100,3
"665","googleapis.com:calendar",22,59,3
"666","googleapis.com:chat",4,10,2
"667","googleapis.com:civicinfo",5,10,2
"668","googleapis.com:classroom",32,85,3
"669","googleapis.com:cloudbilling",6,13,2
"670","googleapis.com:cloudbuild",9,22,8
"671","googleapis.com:clouddebugger",7,15,8
"672","googleapis.com:clouderrorreporting",5,11,2
"673","googleapis.com:cloudfunctions",8,18,8
"674","googleapis.com:cloudiot",9,22,8
"675","googleapis.com:cloudkms",13,30,4
"676","googleapis.com:cloudmonitoring",5,11,2
"677","googleapis.com:cloudresourcemanager",19,43,4
"678","googleapis.com:cloudshell",2,5,9
"679","googleapis.com:cloudtasks",15,34,4
"680","googleapis.com:cloudtrace",2,4,5
"681","googleapis.com:clouduseraccounts",18,41,4
"682","googleapis.com:compute",204,509,10
"683","googleapis.com:consumersurveys",7,18,8
"684","googleapis.com:container",25,55,3
"685","googleapis.com:content",50,114,6
"686","googleapis.com:customsearch",1,2,1
"687","googleapis.com:dataflow",25,54,3
"688","googleapis.com:dataproc",9,24,8
"689","googleapis.com:datastore",10,21,8
"690","googleapis.com:deploymentmanager",14,32,4
"691","googleapis.com:dfareporting",117,321,6
"692","googleapis.com:digitalassetlinks",2,4,5
"693","googleapis.com:discovery",2,4,5
"694","googleapis.com:dlp",13,31,4
"695","googleapis.com:dns",6,15,8
"696","googleapis.com:doubleclickbidmanager",7,16,8
"697","googleapis.com:doubleclicksearch",8,18,8
"698","googleapis.com:drive",22,61,3
"699","googleapis.com:firebasedynamiclinks",3,6,9
"700","googleapis.com:firebaseremoteconfig",1,3,5
"701","googleapis.com:firebaserules",5,14,2
"702","googleapis.com:firestore",11,26,8
"703","googleapis.com:fitness",7,21,8
"704","googleapis.com:fusiontables",16,50,4
"705","googleapis.com:games",52,105,6
"706","googleapis.com:gamesConfiguration",5,18,8
"707","googleapis.com:gamesManagement",26,53,3
"708","googleapis.com:genomics",38,91,3
"709","googleapis.com:gmail",38,100,3
"710","googleapis.com:groupsmigration",1,2,1
"711","googleapis.com:groupssettings",1,4,5
"712","googleapis.com:iam",14,34,4
"713","googleapis.com:identitytoolkit",20,40,4
"714","googleapis.com:kgsearch",1,2,1
"715","googleapis.com:language",6,12,2
"716","googleapis.com:licensing",4,11,2
"717","googleapis.com:logging",11,32,4
"718","googleapis.com:manufacturers",2,6,9
"719","googleapis.com:mirror",12,36,4
"720","googleapis.com:ml",13,31,4
"721","googleapis.com:monitoring",9,25,8
"722","googleapis.com:oauth2",4,8,2
"723","googleapis.com:oslogin",3,8,2
"724","googleapis.com:pagespeedonline",1,2,1
"725","googleapis.com:partners",14,31,4
"726","googleapis.com:people",9,21,8
"727","googleapis.com:playcustomapp",1,2,1
"728","googleapis.com:playmoviespartner",6,12,2
"729","googleapis.com:plus",9,18,8
"730","googleapis.com:plusDomains",13,33,4
"731","googleapis.com:poly",4,8,2
"732","googleapis.com:prediction",6,14,2
"733","googleapis.com:proximitybeacon",14,31,4
"734","googleapis.com:pubsub",18,40,4
"735","googleapis.com:qpxExpress",1,2,1
"736","googleapis.com:replicapool",10,22,8
"737","googleapis.com:replicapoolupdater",9,19,8
"738","googleapis.com:reseller",14,31,4
"739","googleapis.com:resourceviews",9,20,8
"740","googleapis.com:runtimeconfig",2,5,9
"741","googleapis.com:safebrowsing",7,14,8
"742","googleapis.com:script",11,27,4
"743","googleapis.com:searchconsole",1,2,1
"744","googleapis.com:serviceconsumermanagement",6,14,2
"745","googleapis.com:servicecontrol",6,12,2
"746","googleapis.com:servicemanagement",17,38,4
"747","googleapis.com:serviceusage",6,12,2
"748","googleapis.com:serviceuser",4,8,2
"749","googleapis.com:sheets",16,33,4
"750","googleapis.com:siteVerification",3,10,2
"751","googleapis.com:slides",5,10,2
"752","googleapis.com:sourcerepo",6,13,2
"753","googleapis.com:spanner",20,46,4
"754","googleapis.com:spectrum",6,12,2
"755","googleapis.com:speech",3,6,9
"756","googleapis.com:sqladmin",26,67,3
"757","googleapis.com:storage",23,70,3
"758","googleapis.com:storagetransfer",7,17,8
"759","googleapis.com:streetviewpublish",8,17,8
"760","googleapis.com:surveys",7,18,8
"761","googleapis.com:tagmanager",24,74,3
"762","googleapis.com:taskqueue",4,12,2
"763","googleapis.com:tasks",6,20,8
"764","googleapis.com:testing",5,10,2
"765","googleapis.com:toolresults",17,41,4
"766","googleapis.com:tpu",10,22,8
"767","googleapis.com:tracing",4,8,2
"768","googleapis.com:translate",3,8,2
"769","googleapis.com:urlshortener",2,5,9
"770","googleapis.com:vault",11,29,4
"771","googleapis.com:videointelligence",1,2,1
"772","googleapis.com:vision",1,2,1
"773","googleapis.com:webfonts",1,2,1
"774","googleapis.com:webmasters",8,21,8
"775","googleapis.com:youtube",37,109,3
"776","googleapis.com:youtubeAnalytics",3,11,2
"777","googleapis.com:youtubereporting",6,14,2
"778","gov.bc.ca:bcdc",22,22,8
"779","gov.bc.ca:bcgnws",14,14,8
"780","gov.bc.ca:geocoder",15,15,8
"781","gov.bc.ca:geomark",7,7,9
"782","gov.bc.ca:jobposting",5,5,9
"783","gov.bc.ca:news",27,27,4
"784","gov.bc.ca:open511",4,4,5
"785","gov.bc.ca:router",4,4,5
"786","graphhopper.com",2,2,1
"787","greenpeace.org",6,6,9
"788","gsa.gov",5,5,9
"789","hackathonwatch.com",4,4,5
"790","haloapi.com:metadata",36,36,4
"791","haloapi.com:profile",3,3,5
"792","haloapi.com:stats",28,28,4
"793","haloapi.com:ugc",4,4,5
"794","healthcare.gov",16,16,8
"795","hetras-certification.net:booking",15,17,8
"796","hetras-certification.net:hotel",20,23,8
"797","hhs.gov",32,32,4
"798","highwaysengland.co.uk",10,10,2
"799","hsbc.com",19,19,8
"800","icons8.com",7,7,9
"801","idtbeyond.com",15,15,8
"802","ijenko.net",43,99,3
"803","illumidesk.com",71,144,6
"804","import.io:data",2,2,1
"805","import.io:extraction",1,1,7
"806","import.io:rss",1,1,7
"807","import.io:run",2,2,1
"808","import.io:schedule",2,4,5
"809","inboxroute.com",5,8,2
"810","infermedica.com",16,16,8
"811","instagram.com",23,27,4
"812","instawell.com",8,8,2
"813","iqualify.com",48,60,3
"814","isbndb.com",7,7,9
"815","isendpro.com",10,11,2
"816","iva-api.com",116,116,6
"817","je-apis.com",63,67,3
"818","jirafe.com",6,6,9
"819","jumpseller.com",56,96,6
"820","just-eat.co.uk",14,14,8
"821","koomalooma.com",2,2,1
"822","kubernetes.io",488,1381,10
"823","landregistry.gov.uk:deed",2,2,1
"824","launchdarkly.com",22,41,4
"825","learnifier.com",24,34,4
"826","letmc.com:basic-tier",44,45,3
"827","letmc.com:customer",18,20,8
"828","letmc.com:diary",4,6,9
"829","letmc.com:free-tier",43,43,3
"830","letmc.com:maintenance",1,1,7
"831","letmc.com:reporting",1,1,7
"832","link.fish",6,6,9
"833","loganalytics.io:operationalinsights-OperationalInsights",1,2,1
"834","lotadata.com",4,4,5
"835","lufthansa.com:partner",16,16,8
"836","lufthansa.com:public",15,15,8
"837","lyft.com",15,16,8
"838","magento.com",277,355,10
"839","magick.nu",8,8,2
"840","mandrillapp.com",90,90,6
"841","mashape.com:geodb",16,16,8
"842","mcw.edu",56,56,3
"843","medium.com",5,5,9
"844","miataru.com",5,5,9
"845","microsoft.com:cognitiveservices-CustomSearch",1,1,7
"846","microsoft.com:cognitiveservices-EntitySearch",1,1,7
"847","microsoft.com:cognitiveservices-ImageSearch",3,3,5
"848","microsoft.com:cognitiveservices-NewsSearch",3,3,5
"849","microsoft.com:cognitiveservices-Prediction",4,4,5
"850","microsoft.com:cognitiveservices-SpellCheck",1,1,7
"851","microsoft.com:cognitiveservices-Training",23,34,4
"852","microsoft.com:cognitiveservices-VideoSearch",3,3,5
"853","microsoft.com:cognitiveservices-WebSearch",1,1,7
"854","moonmoonmoonmoon.com",2,2,1
"855","motaword.com",32,47,3
"856","mozilla.com:kinto",17,25,4
"857","nativeads.com",4,4,5
"858","naviplancentral.com:factfinder",73,129,6
"859","naviplancentral.com:plan",51,51,3
"860","nba.com",91,182,6
"861","neowsapp.com",5,5,9
"862","netatmo.net",20,20,8
"863","netlicensing.io",20,40,4
"864","netlify.com",47,94,3
"865","neutrinoapi.com",26,26,4
"866","nfusionsolutions.biz",14,14,8
"867","noosh.com",54,63,3
"868","npr.org",21,22,8
"869","nrel.gov:building-case-studies",2,2,1
"870","nrel.gov:transportation-incentives-laws",4,4,5
"871","nsidc.org",4,4,5
"872","nytimes.com:archive",1,1,7
"873","nytimes.com:article_search",1,1,7
"874","nytimes.com:books_api",6,12,2
"875","nytimes.com:community",4,8,2
"876","nytimes.com:geo_api",1,1,7
"877","nytimes.com:most_popular_api",3,6,9
"878","nytimes.com:movie_reviews",3,3,5
"879","nytimes.com:semantic_api",2,2,1
"880","nytimes.com:times_tags",1,1,7
"881","nytimes.com:timeswire",3,3,5
"882","nytimes.com:top_stories",1,1,7
"883","o2.cz:mobility",2,2,1
"884","o2.cz:sociodemo",3,3,5
"885","oceandrivers.com",8,8,2
"886","omdbapi.com",1,1,7
"887","openapi-converter.herokuapp.com",4,6,9
"888","openbanking.org.uk",6,12,2
"889","opencagedata.com",1,1,7
"890","opendatasoft.com",34,34,4
"891","openfintech.io",16,16,8
"892","openstf.io",8,10,2
"893","opentargets.io",25,29,4
"894","orghunter.com",6,6,9
"895","osf.io",90,112,6
"896","osisoft.com",218,345,10
"897","owler.com",12,12,2
"898","oxforddictionaries.com",27,27,4
"899","paccurate.io",1,1,7
"900","pandorabots.com",7,13,2
"901","passwordutility.net",2,2,1
"902","patientview.org",14,15,8
"903","paylocity.com",14,19,8
"904","payments.service.gov.uk:payments",6,8,2
"905","payrun.io",205,263,10
"906","peel-ci.com",5,5,9
"907","personio.de:authentication",1,1,7
"908","personio.de:personnel",6,6,9
"909","phila.gov:pollingplaces",1,1,7
"910","polygon.io",10,10,2
"911","postmarkapp.com:account",11,20,8
"912","postmarkapp.com:server",41,49,3
"913","posty-api.herokuapp.com",13,28,4
"914","ptv.vic.gov.au",20,20,8
"915","qualpay.com",10,10,2
"916","quotes.rest",16,22,8
"917","rbaskets.in",4,9,2
"918","rebilly.com",80,197,6
"919","receptive.io",14,25,8
"920","refugerestrooms.org",4,4,5
"921","reverb.com",125,162,6
"922","ritc.io",36,66,3
"923","ritekit.com",13,13,8
"924","roaring.io",7,11,2
"925","rottentomatoes.com",18,18,8
"926","rummblelabs.com",11,15,8
"927","runscope.com",18,29,4
"928","salesloft.com",41,60,3
"929","schooldigger.com",6,6,9
"930","scrapewebsite.email",3,3,5
"931","selectpdf.com",1,1,7
"932","semantria.com",18,41,4
"933","sendgrid.com",144,304,10
"934","shipstation.com",47,51,3
"935","simplyrets.com",4,4,5
"936","slack.com",135,135,6
"937","slicebox.local",86,105,6
"938","slideroom.com",7,11,2
"939","smart-me.com",28,32,4
"940","solarvps.com",20,20,8
"941","spectrocoin.com",1,1,7
"942","spinbot.net",4,4,5
"943","spinitron.com",8,9,2
"944","spotify.com",27,37,4
"945","squareup.com",63,96,6
"946","stackexchange.com",124,124,6
"947","staging-ecotaco.com",23,27,4
"948","statsocial.com",9,17,8
"949","stoplight.io",5,9,2
"950","storecove.com",12,20,8
"951","stripe.com",115,197,6
"952","surrey.ca:open511",4,4,5
"953","surrey.ca:trafficloops",2,2,1
"954","swagger.io:generator",5,7,9
"955","swaggerhub.com",14,22,8
"956","synq.fm",7,7,9
"957","taggun.io",10,10,2
"958","taxamo.com",30,36,4
"959","taxrates.io",6,6,9
"960","tfl.gov.uk",85,85,6
"961","thenounproject.com",13,13,8
"962","thesmsworks.co.uk",14,27,4
"963","thetvdb.com",28,30,4
"964","traccar.org",34,57,3
"965","transavia.com",5,5,9
"966","trello.com",264,324,10
"967","turbinelabs.io",23,38,4
"968","tvmaze.com",14,35,4
"969","twilio.com",63,116,6
"970","twinehealth.com",41,56,3
"971","twitter.com",82,165,6
"972","tyk.com",13,18,8
"973","uebermaps.com",36,56,3
"974","vatapi.com",9,11,2
"975","versioneye.com",35,46,3
"976","vestorly.com",21,33,4
"977","victorops.com",40,59,3
"978","visagecloud.com",36,52,3
"979","vocadb.net",81,110,6
"980","voodoomfg.com",10,11,2
"981","waag.org",26,47,4
"982","watchful.li",43,59,3
"983","waterlinked.com",14,17,8
"984","wavecell.com",4,4,5
"985","wealthport.com",15,26,4
"986","weatherbit.io",51,51,3
"987","weber-gesamtausgabe.de",6,6,9
"988","whapi.com:accounts",5,5,9
"989","whapi.com:bets",6,6,9
"990","whapi.com:locations",5,5,9
"991","whapi.com:numbers",1,1,7
"992","whapi.com:sessions",3,4,5
"993","whapi.com:sportsdata",13,13,8
"994","who-hosts-this.com",1,1,7
"995","wikimedia.org",29,33,4
"996","windows.net:batch-BatchService",52,75,3
"997","windows.net:graphrbac",25,39,4
"998","winning.email",3,3,5
"999","winsms.co.za",9,9,2
"1000","wmata.com:bus-realtime",2,2,1
"1001","wmata.com:bus-route",12,12,2
"1002","wmata.com:incidents",6,6,9
"1003","wmata.com:rail-realtime",2,2,1
"1004","wmata.com:rail-station",16,16,8
"1005","wordassociations.net",1,2,1
"1006","wordnik.com",24,28,4
"1007","wowza.com",70,104,6
"1008","wso2apistore.com:transform",2,2,1
"1009","xero.com",87,219,6
"1010","xkcd.com",2,2,1
"1011","yunbi.com",21,22,8
"1012","zalando.com",20,20,8
"1013","zappiti.com",7,7,9
"1014","zoom.us",76,114,6
"1015","zoomconnect.com",29,49,3
"1016","zuora.com",236,313,10
