,swagger,info,host,basePath,schemes,consumes,produces,paths,definitions,parameters,responses,securityDefinitions,security,tags,externalDocs,implemented fields,missing fields,label
1forge.com,1,1,1,1,1,0,1,1,0,0,0,0,0,0,0,7,8,63
6-dot-authentiqio.appspot.com,1,1,1,1,1,0,0,1,1,1,1,0,0,0,0,9,6,61
adafruit.com,1,1,1,1,1,0,1,1,1,1,0,1,1,0,0,11,4,179
adobe.com:aem,1,1,1,1,1,0,0,1,1,0,0,1,1,0,0,9,6,87
afterbanks.com,1,1,1,1,1,0,1,1,1,0,0,0,0,0,0,8,7,63
agco-ats.com,1,1,1,0,1,0,0,1,1,0,0,0,0,0,0,6,9,149
airport-web.appspot.com,1,1,1,1,1,1,1,1,1,0,0,1,0,0,0,10,5,61
amadeus.com,1,1,1,1,1,0,1,1,1,0,0,1,1,0,0,10,5,139
amazonaws.com:AWSMigrationHub,1,1,1,1,1,1,1,1,1,1,0,1,1,0,1,13,2,105
amazonaws.com:acm,1,1,1,1,1,1,1,1,1,1,0,1,1,0,1,13,2,49
amazonaws.com:alexaforbusiness,1,1,1,1,1,1,1,1,1,1,0,1,1,0,1,13,2,49
amazonaws.com:apigateway,1,1,1,1,1,1,1,1,1,1,0,1,1,0,1,13,2,49
amazonaws.com:application-autoscaling,1,1,1,1,1,1,1,1,1,1,0,1,1,0,1,13,2,29
amazonaws.com:appstream,1,1,1,1,1,1,1,1,1,1,0,1,1,0,1,13,2,49
amazonaws.com:appsync,1,1,1,1,1,1,1,1,1,1,0,1,1,0,1,13,2,49
amazonaws.com:athena,1,1,1,1,1,1,1,1,1,1,0,1,1,0,1,13,2,160
amazonaws.com:autoscaling,1,1,1,1,1,1,1,1,1,1,0,1,1,0,1,13,2,29
amazonaws.com:autoscaling-plans,1,1,1,1,1,1,1,1,1,1,0,1,1,0,1,13,2,29
amazonaws.com:batch,1,1,1,1,1,1,1,1,1,1,0,1,1,0,1,13,2,132
amazonaws.com:budgets,1,1,1,1,1,1,1,1,1,1,0,1,1,0,1,13,2,49
amazonaws.com:ce,1,1,1,1,1,1,1,1,1,1,0,1,1,0,1,13,2,49
amazonaws.com:cloud9,1,1,1,1,1,1,1,1,1,1,0,1,1,0,1,13,2,49
amazonaws.com:clouddirectory,1,1,1,1,1,1,1,1,1,1,0,1,1,0,1,13,2,49
amazonaws.com:cloudformation,1,1,1,1,1,1,1,1,1,1,0,1,1,0,1,13,2,49
amazonaws.com:cloudfront,1,1,1,1,1,1,1,1,1,1,0,1,1,0,1,13,2,49
amazonaws.com:cloudhsm,1,1,1,1,1,1,1,1,1,1,0,1,1,0,1,13,2,184
amazonaws.com:cloudhsmv2,1,1,1,1,1,1,1,1,1,1,0,1,1,0,1,13,2,49
amazonaws.com:cloudsearch,1,1,1,1,1,1,1,1,1,1,0,1,1,0,1,13,2,49
amazonaws.com:cloudsearchdomain,1,1,1,1,1,1,1,1,1,1,0,1,1,0,1,13,2,49
amazonaws.com:cloudtrail,1,1,1,1,1,1,1,1,1,1,0,1,1,0,1,13,2,49
amazonaws.com:codebuild,1,1,1,1,1,1,1,1,1,1,0,1,1,0,1,13,2,49
amazonaws.com:codecommit,1,1,1,1,1,1,1,1,1,1,0,1,1,0,1,13,2,49
amazonaws.com:codedeploy,1,1,1,1,1,1,1,1,1,1,0,1,1,0,1,13,2,49
amazonaws.com:codepipeline,1,1,1,1,1,1,1,1,1,1,0,1,1,0,1,13,2,171
amazonaws.com:codestar,1,1,1,1,1,1,1,1,1,1,0,1,1,0,1,13,2,159
amazonaws.com:cognito-identity,1,1,1,1,1,1,1,1,1,1,0,1,1,0,1,13,2,97
amazonaws.com:cognito-idp,1,1,1,1,1,1,1,1,1,1,0,1,1,0,1,13,2,97
amazonaws.com:cognito-sync,1,1,1,1,1,1,1,1,1,1,0,1,1,0,1,13,2,97
amazonaws.com:comprehend,1,1,1,1,1,1,1,1,1,1,0,1,1,0,1,13,2,49
amazonaws.com:config,1,1,1,1,1,1,1,1,1,1,0,1,1,0,1,13,2,49
amazonaws.com:cur,1,1,1,1,1,1,1,1,1,1,0,1,1,0,1,13,2,162
amazonaws.com:datapipeline,1,1,1,1,1,1,1,1,1,1,0,1,1,0,1,13,2,196
amazonaws.com:dax,1,1,1,1,1,1,1,1,1,1,0,1,1,0,1,13,2,49
amazonaws.com:devicefarm,1,1,1,1,1,1,1,1,1,1,0,1,1,0,1,13,2,49
amazonaws.com:directconnect,1,1,1,1,1,1,1,1,1,1,0,1,1,0,1,13,2,49
amazonaws.com:discovery,1,1,1,1,1,1,1,1,1,1,0,1,1,0,1,13,2,69
amazonaws.com:dms,1,1,1,1,1,1,1,1,1,1,0,1,1,0,1,13,2,49
amazonaws.com:ds,1,1,1,1,1,1,1,1,1,1,0,1,1,0,1,13,2,49
amazonaws.com:dynamodb,1,1,1,1,1,1,1,1,1,1,0,1,1,0,1,13,2,131
amazonaws.com:ec2,1,1,1,1,1,1,1,1,1,1,0,1,1,0,1,13,2,49
amazonaws.com:ecr,1,1,1,1,1,1,1,1,1,1,0,1,1,0,1,13,2,49
amazonaws.com:ecs,1,1,1,1,1,1,1,1,1,1,0,1,1,0,1,13,2,49
amazonaws.com:elasticache,1,1,1,1,1,1,1,1,1,1,0,1,1,0,1,13,2,49
amazonaws.com:elasticbeanstalk,1,1,1,1,1,1,1,1,1,1,0,1,1,0,1,13,2,49
amazonaws.com:elasticfilesystem,1,1,1,1,1,1,1,1,1,1,0,1,1,0,1,13,2,49
amazonaws.com:elasticloadbalancing,1,1,1,1,1,1,1,1,1,1,0,1,1,0,1,13,2,49
amazonaws.com:elasticloadbalancingv2,1,1,1,1,1,1,1,1,1,1,0,1,1,0,1,13,2,49
amazonaws.com:elasticmapreduce,1,1,1,1,1,1,1,1,1,1,0,1,1,0,1,13,2,49
amazonaws.com:elastictranscoder,1,1,1,1,1,1,1,1,1,1,0,1,1,0,1,13,2,49
amazonaws.com:email,1,1,1,1,1,1,1,1,1,1,0,1,1,0,1,13,2,49
amazonaws.com:entitlement.marketplace,1,1,1,1,1,1,1,1,1,1,0,1,1,0,1,13,2,2
amazonaws.com:es,1,1,1,1,1,1,1,1,1,1,0,1,1,0,1,13,2,49
amazonaws.com:events,1,1,1,1,1,1,1,1,1,1,0,1,1,0,1,13,2,49
amazonaws.com:firehose,1,1,1,1,1,1,1,1,1,1,0,1,1,0,1,13,2,49
amazonaws.com:gamelift,1,1,1,1,1,1,1,1,1,1,0,1,1,0,1,13,2,49
amazonaws.com:glacier,1,1,1,1,1,1,1,1,1,1,0,1,1,0,1,13,2,49
amazonaws.com:glue,1,1,1,1,1,1,1,1,1,1,0,1,1,0,1,13,2,49
amazonaws.com:greengrass,1,1,1,1,1,1,1,1,1,1,0,1,1,0,1,13,2,49
amazonaws.com:guardduty,1,1,1,1,1,1,1,1,1,1,0,1,1,0,1,13,2,49
amazonaws.com:health,1,1,1,1,1,1,1,1,1,1,0,1,1,0,1,13,2,49
amazonaws.com:iam,1,1,1,1,1,1,1,1,1,1,0,1,1,0,1,13,2,122
amazonaws.com:importexport,1,1,1,1,1,1,1,1,1,1,0,1,1,0,1,13,2,49
amazonaws.com:inspector,1,1,1,1,1,1,1,1,1,1,0,1,1,0,1,13,2,49
amazonaws.com:iot,1,1,1,1,1,1,1,1,1,1,0,1,1,0,1,13,2,57
amazonaws.com:iot-data,1,1,1,1,1,1,1,1,1,1,0,1,1,0,1,13,2,57
amazonaws.com:iot-jobs-data,1,1,1,1,1,1,1,1,1,1,0,1,1,0,1,13,2,57
amazonaws.com:kinesis,1,1,1,1,1,1,1,1,1,1,0,1,1,0,1,13,2,68
amazonaws.com:kinesis-video-archived-media,1,1,1,1,1,1,1,1,1,1,0,1,1,0,1,13,2,68
amazonaws.com:kinesis-video-media,1,1,1,1,1,1,1,1,1,1,0,1,1,0,1,13,2,68
amazonaws.com:kinesisanalytics,1,1,1,1,1,1,1,1,1,1,0,1,1,0,1,13,2,49
amazonaws.com:kinesisvideo,1,1,1,1,1,1,1,1,1,1,0,1,1,0,1,13,2,49
amazonaws.com:kms,1,1,1,1,1,1,1,1,1,1,0,1,1,0,1,13,2,49
amazonaws.com:lambda,1,1,1,1,1,1,1,1,1,1,0,1,1,0,1,13,2,197
amazonaws.com:lex-models,1,1,1,1,1,1,1,1,1,1,0,1,1,0,1,13,2,49
amazonaws.com:lightsail,1,1,1,1,1,1,1,1,1,1,0,1,1,0,1,13,2,49
amazonaws.com:logs,1,1,1,1,1,1,1,1,1,1,0,1,1,0,1,13,2,49
amazonaws.com:machinelearning,1,1,1,1,1,1,1,1,1,1,0,1,1,0,1,13,2,73
amazonaws.com:marketplacecommerceanalytics,1,1,1,1,1,1,1,1,1,1,0,1,1,0,1,13,2,49
amazonaws.com:mediaconvert,1,1,1,1,1,1,1,1,1,1,0,1,1,0,1,13,2,49
amazonaws.com:medialive,1,1,1,1,1,1,1,1,1,1,0,1,1,0,1,13,2,49
amazonaws.com:mediapackage,1,1,1,1,1,1,1,1,1,1,0,1,1,0,1,13,2,49
amazonaws.com:mediastore,1,1,1,1,1,1,1,1,1,1,0,1,1,0,1,13,2,70
amazonaws.com:mediastore-data,1,1,1,1,1,1,1,1,1,1,0,1,1,0,1,13,2,70
amazonaws.com:meteringmarketplace,1,1,1,1,1,1,1,1,1,1,0,1,1,0,1,13,2,49
amazonaws.com:mobile,1,1,1,1,1,1,1,1,1,1,0,1,1,0,1,13,2,93
amazonaws.com:mobileanalytics,1,1,1,1,1,1,1,1,1,1,0,1,1,0,1,13,2,49
amazonaws.com:monitoring,1,1,1,1,1,1,1,1,1,1,0,1,1,0,1,13,2,99
amazonaws.com:mq,1,1,1,1,1,1,1,1,1,1,0,1,1,0,1,13,2,49
amazonaws.com:mturk-requester,1,1,1,1,1,1,1,1,1,1,0,1,1,0,1,13,2,142
amazonaws.com:opsworks,1,1,1,1,1,1,1,1,1,1,0,1,1,0,1,13,2,49
amazonaws.com:opsworkscm,1,1,1,1,1,1,1,1,1,1,0,1,1,0,1,13,2,49
amazonaws.com:organizations,1,1,1,1,1,1,1,1,1,1,0,1,1,0,1,13,2,189
amazonaws.com:pinpoint,1,1,1,1,1,1,1,1,1,1,0,1,1,0,1,13,2,49
amazonaws.com:polly,1,1,1,1,1,1,1,1,1,1,0,1,1,0,1,13,2,49
amazonaws.com:pricing,1,1,1,1,1,1,1,1,1,1,0,1,1,0,1,13,2,49
amazonaws.com:rds,1,1,1,1,1,1,1,1,1,1,0,1,1,0,1,13,2,49
amazonaws.com:redshift,1,1,1,1,1,1,1,1,1,1,0,1,1,0,1,13,2,49
amazonaws.com:rekognition,1,1,1,1,1,1,1,1,1,1,0,1,1,0,1,13,2,49
amazonaws.com:resource-groups,1,1,1,1,1,1,1,1,1,1,0,1,1,0,1,13,2,49
amazonaws.com:resourcegroupstaggingapi,1,1,1,1,1,1,1,1,1,1,0,1,1,0,1,13,2,49
amazonaws.com:route53,1,1,1,1,1,1,1,1,1,1,0,1,1,0,1,13,2,49
amazonaws.com:route53domains,1,1,1,1,1,1,1,1,1,1,0,1,1,0,1,13,2,49
amazonaws.com:runtime.lex,1,1,1,1,1,1,1,1,1,1,0,1,1,0,1,13,2,49
amazonaws.com:runtime.sagemaker,1,1,1,1,1,1,1,1,1,1,0,1,1,0,1,13,2,49
amazonaws.com:s3,1,1,1,1,1,1,1,1,1,1,0,1,1,0,1,13,2,49
amazonaws.com:sagemaker,1,1,1,1,1,1,1,1,1,1,0,1,1,0,1,13,2,49
amazonaws.com:sdb,1,1,1,1,1,1,1,1,1,1,0,1,1,0,1,13,2,49
amazonaws.com:serverlessrepo,1,1,1,1,1,1,1,1,1,1,0,1,1,0,1,13,2,49
amazonaws.com:servicecatalog,1,1,1,1,1,1,1,1,1,1,0,1,1,0,1,13,2,49
amazonaws.com:servicediscovery,1,1,1,1,1,1,1,1,1,1,0,1,1,0,1,13,2,49
amazonaws.com:shield,1,1,1,1,1,1,1,1,1,1,0,1,1,0,1,13,2,49
amazonaws.com:sms,1,1,1,1,1,1,1,1,1,1,0,1,1,0,1,13,2,49
amazonaws.com:snowball,1,1,1,1,1,1,1,1,1,1,0,1,1,0,1,13,2,49
amazonaws.com:sns,1,1,1,1,1,1,1,1,1,1,0,1,1,0,1,13,2,49
amazonaws.com:sqs,1,1,1,1,1,1,1,1,1,1,0,1,1,0,1,13,2,49
amazonaws.com:ssm,1,1,1,1,1,1,1,1,1,1,0,1,1,0,1,13,2,53
amazonaws.com:states,1,1,1,1,1,1,1,1,1,1,0,1,1,0,1,13,2,169
amazonaws.com:storagegateway,1,1,1,1,1,1,1,1,1,1,0,1,1,0,1,13,2,49
amazonaws.com:streams.dynamodb,1,1,1,1,1,1,1,1,1,1,0,1,1,0,1,13,2,131
amazonaws.com:sts,1,1,1,1,1,1,1,1,1,1,0,1,1,0,1,13,2,49
amazonaws.com:support,1,1,1,1,1,1,1,1,1,1,0,1,1,0,1,13,2,49
amazonaws.com:swf,1,1,1,1,1,1,1,1,1,1,0,1,1,0,1,13,2,49
amazonaws.com:transcribe,1,1,1,1,1,1,1,1,1,1,0,1,1,0,1,13,2,154
amazonaws.com:translate,1,1,1,1,1,1,1,1,1,1,0,1,1,0,1,13,2,49
amazonaws.com:waf,1,1,1,1,1,1,1,1,1,1,0,1,1,0,1,13,2,77
amazonaws.com:waf-regional,1,1,1,1,1,1,1,1,1,1,0,1,1,0,1,13,2,77
amazonaws.com:workdocs,1,1,1,1,1,1,1,1,1,1,0,1,1,0,1,13,2,49
amazonaws.com:workmail,1,1,1,1,1,1,1,1,1,1,0,1,1,0,1,13,2,49
amazonaws.com:workspaces,1,1,1,1,1,1,1,1,1,1,0,1,1,0,1,13,2,9
amazonaws.com:xray,1,1,1,1,1,1,1,1,1,1,0,1,1,0,1,13,2,49
anchore.io,1,1,1,1,1,1,1,1,1,0,0,1,1,1,0,12,3,8
apache.org:qakka,1,1,1,0,1,0,0,1,1,0,0,0,0,1,0,7,8,48
apacta.com,1,1,1,1,1,1,1,1,1,0,0,1,0,1,0,11,4,63
api2cart.com,1,1,1,1,1,0,1,1,1,0,0,1,0,1,1,11,4,24
apigee.net:marketcheck-cars,1,1,1,1,1,0,1,1,1,1,0,0,0,0,1,10,5,6
apimatic.io,1,1,1,1,1,1,1,1,0,0,0,1,1,0,1,11,4,8
apis.guru,1,1,1,1,1,0,1,1,1,0,0,0,1,1,1,11,4,167
apitore.com:2chMatomeFeedsApis,1,1,1,1,1,1,1,1,1,0,0,0,0,1,0,10,5,116
apitore.com:certificateFeedsApis,1,1,1,1,1,1,1,1,1,0,0,0,0,1,0,10,5,116
apitore.com:cosineSimilarity,1,1,1,1,1,1,1,1,1,0,0,0,0,1,0,10,5,116
apitore.com:designFeedsApis,1,1,1,1,1,1,1,1,1,0,0,0,0,1,0,10,5,116
apitore.com:documentFrequencyApis,1,1,1,1,1,1,1,1,1,0,0,0,0,1,0,10,5,116
apitore.com:gameFeedsApis,1,1,1,1,1,1,1,1,1,0,0,0,0,1,0,10,5,116
apitore.com:japaneseWordnetApis,1,1,1,1,1,1,1,1,1,0,0,0,0,1,0,10,5,116
apitore.com:kmeansClusteringByWord2vec,1,1,1,1,1,1,1,1,1,0,0,0,0,1,0,10,5,116
apitore.com:kuromojiApis,1,1,1,1,1,1,1,1,1,0,0,0,0,1,0,10,5,116
apitore.com:languageDetectionApis,1,1,1,1,1,1,1,1,1,0,0,0,0,1,0,10,5,116
apitore.com:newsFeedsApis,1,1,1,1,1,1,1,1,1,0,0,0,0,1,0,10,5,116
apitore.com:pioneerBlogFeedsApis,1,1,1,1,1,1,1,1,1,0,0,0,0,1,0,10,5,116
apitore.com:rss2jsonApis,1,1,1,1,1,1,1,1,1,0,0,0,0,1,0,10,5,116
apitore.com:sentenceSeparatorApis,1,1,1,1,1,1,1,1,1,0,0,0,0,1,0,10,5,116
apitore.com:sentenceSimilarity,1,1,1,1,1,1,1,1,1,0,0,0,0,1,0,10,5,116
apitore.com:sentencepieceApis_tweet_,1,1,1,1,1,1,1,1,1,0,0,0,0,1,0,10,5,116
apitore.com:sentencepieceApis_wikipedia_,1,1,1,1,1,1,1,1,1,0,0,0,0,1,0,10,5,116
apitore.com:sentimentApis,1,1,1,1,1,1,1,1,1,0,0,0,0,1,0,10,5,116
apitore.com:synonymApis,1,1,1,1,1,1,1,1,1,0,0,0,0,1,0,10,5,116
apitore.com:techFeedsApis,1,1,1,1,1,1,1,1,1,0,0,0,0,1,0,10,5,116
apitore.com:text2labelByTfidfApis,1,1,1,1,1,1,1,1,1,0,0,0,0,1,0,10,5,116
apitore.com:text2labelByWordVectorApis,1,1,1,1,1,1,1,1,1,0,0,0,0,1,0,10,5,116
apitore.com:travelFeedsApis,1,1,1,1,1,1,1,1,1,0,0,0,0,1,0,10,5,116
apitore.com:tweetSummarizationApis,1,1,1,1,1,1,1,1,1,0,0,0,0,1,0,10,5,116
apitore.com:twitterApis,1,1,1,1,1,1,1,1,1,0,0,0,0,1,0,10,5,116
apitore.com:twitterApisWithSentimentByApitoreSentimentApi,1,1,1,1,1,1,1,1,1,0,0,0,0,1,0,10,5,116
apitore.com:twitterApisWithWord2vecQueryExpansion,1,1,1,1,1,1,1,1,1,0,0,0,0,1,0,10,5,116
"apitore.com:twitterApisWithWord2vecQueryExpansion,AndAddSentimentByApitoreSentimentApi",1,1,1,1,1,1,1,1,1,0,0,0,0,1,0,10,5,116
apitore.com:url2hrefApis,1,1,1,1,1,1,1,1,1,0,0,0,0,1,0,10,5,116
apitore.com:url2htmlApis,1,1,1,1,1,1,1,1,1,0,0,0,0,1,0,10,5,10
apitore.com:url2labelByTfidfApis,1,1,1,1,1,1,1,1,1,0,0,0,0,1,0,10,5,116
apitore.com:url2labelByWordVectorApis,1,1,1,1,1,1,1,1,1,0,0,0,0,1,0,10,5,116
apitore.com:url2srcApis,1,1,1,1,1,1,1,1,1,0,0,0,0,1,0,10,5,116
apitore.com:url2textApis,1,1,1,1,1,1,1,1,1,0,0,0,0,1,0,10,5,116
apitore.com:word2vecApis,1,1,1,1,1,1,1,1,1,0,0,0,0,1,0,10,5,116
apitore.com:wordnetApis,1,1,1,1,1,1,1,1,1,0,0,0,0,1,0,10,5,116
apitore.com:wordnetHypernymApis,1,1,1,1,1,1,1,1,1,0,0,0,0,1,0,10,5,116
apitore.com:wordnetHyponymApis,1,1,1,1,1,1,1,1,1,0,0,0,0,1,0,10,5,116
apitore.com:wordnetSimilarityApis,1,1,1,1,1,1,1,1,1,0,0,0,0,1,0,10,5,116
apitore.com:wordnetSynonymApis,1,1,1,1,1,1,1,1,1,0,0,0,0,1,0,10,5,116
apitore.com:wordnetTranslationApis,1,1,1,1,1,1,1,1,1,0,0,0,0,1,0,10,5,116
apitore.com:wordsToVectorsApis,1,1,1,1,1,1,1,1,1,0,0,0,0,1,0,10,5,116
applicationinsights.io:applicationinsights-AppInsights,1,1,1,1,1,1,1,1,1,1,0,1,1,0,0,12,3,114
appveyor.com,1,1,1,1,1,1,1,1,1,1,1,1,1,1,1,15,0,130
archive.org:search,1,1,1,1,1,0,1,1,1,1,0,0,0,0,0,9,6,18
archive.org:wayback,1,1,1,1,1,0,1,1,1,1,1,0,0,0,0,10,5,18
art19.com,1,1,1,1,1,1,1,1,1,0,0,1,1,0,0,11,4,109
ato.gov.au,1,1,1,1,1,1,1,1,1,1,1,0,0,1,0,12,3,140
aucklandmuseum.com,1,1,1,0,1,0,0,1,0,0,0,0,0,1,0,6,9,183
authentiq.io,1,1,1,1,1,1,1,1,1,1,1,1,0,0,1,13,2,8
avaza.com,1,1,1,0,1,0,1,1,1,0,0,1,0,0,0,8,7,63
aviationdata.systems,1,1,1,0,1,1,1,1,1,0,0,1,0,0,0,9,6,106
azure.com:advisor,1,1,1,0,1,1,1,1,1,1,0,1,1,0,0,11,4,63
azure.com:analysisservices,1,1,1,0,1,1,1,1,1,1,0,1,1,0,0,11,4,63
azure.com:apimanagement,1,1,1,0,1,1,1,1,1,1,0,1,1,0,0,11,4,63
azure.com:apimanagement-apimapis,1,1,1,0,1,1,1,1,1,1,0,1,1,0,0,11,4,63
azure.com:apimanagement-apimauthorizationservers,1,1,1,0,1,1,1,1,1,1,0,1,1,0,0,11,4,63
azure.com:apimanagement-apimbackends,1,1,1,0,1,1,1,1,1,1,0,1,1,0,0,11,4,63
azure.com:apimanagement-apimcertificates,1,1,1,0,1,1,1,1,1,1,0,1,1,0,0,11,4,63
azure.com:apimanagement-apimdeployment,1,1,1,0,1,1,1,1,1,1,0,1,1,0,0,11,4,63
azure.com:apimanagement-apimdiagnostics,1,1,1,0,1,1,1,1,1,1,0,1,1,0,0,11,4,63
azure.com:apimanagement-apimemailtemplate,1,1,1,0,1,1,1,1,1,1,0,1,1,0,0,11,4,17
azure.com:apimanagement-apimgroups,1,1,1,0,1,1,1,1,1,1,0,1,1,0,0,11,4,63
azure.com:apimanagement-apimidentityprovider,1,1,1,0,1,1,1,1,1,1,0,1,1,0,0,11,4,63
azure.com:apimanagement-apimloggers,1,1,1,0,1,1,1,1,1,1,0,1,1,0,0,11,4,63
azure.com:apimanagement-apimnetworkstatus,1,1,1,0,1,1,1,1,1,1,0,1,1,0,0,11,4,63
azure.com:apimanagement-apimnotifications,1,1,1,0,1,1,1,1,1,1,0,1,1,0,0,11,4,63
azure.com:apimanagement-apimopenidconnectproviders,1,1,1,0,1,1,1,1,1,1,0,1,1,0,0,11,4,63
azure.com:apimanagement-apimproducts,1,1,1,0,1,1,1,1,1,1,0,1,1,0,0,11,4,63
azure.com:apimanagement-apimproperties,1,1,1,0,1,1,1,1,1,1,0,1,1,0,0,11,4,63
azure.com:apimanagement-apimquotas,1,1,1,0,1,1,1,1,1,1,0,1,1,0,0,11,4,63
azure.com:apimanagement-apimreports,1,1,1,0,1,1,1,1,1,1,0,1,1,0,0,11,4,63
azure.com:apimanagement-apimsubscriptions,1,1,1,0,1,1,1,1,1,1,0,1,1,0,0,11,4,63
azure.com:apimanagement-apimtagresources,1,1,1,0,1,1,1,1,1,1,0,1,1,0,0,11,4,63
azure.com:apimanagement-apimtags,1,1,1,0,1,1,1,1,1,1,0,1,1,0,0,11,4,63
azure.com:apimanagement-apimtenant,1,1,1,0,1,1,1,1,1,1,0,1,1,0,0,11,4,63
azure.com:apimanagement-apimusers,1,1,1,0,1,1,1,1,1,1,0,1,1,0,0,11,4,63
azure.com:apimanagement-apimversionsets,1,1,1,0,1,1,1,1,1,1,0,1,1,0,0,11,4,63
azure.com:applicationinsights-aiOperations_API,1,1,1,0,1,1,1,1,1,1,0,1,1,0,0,11,4,114
azure.com:applicationinsights-componentAnnotations_API,1,1,1,0,1,1,1,1,1,1,0,1,1,0,0,11,4,114
azure.com:applicationinsights-componentApiKeys_API,1,1,1,0,1,1,1,1,1,1,0,1,1,0,0,11,4,114
azure.com:applicationinsights-componentContinuousExport_API,1,1,1,0,1,1,1,1,1,1,0,1,1,0,0,11,4,114
azure.com:applicationinsights-componentFeaturesAndPricing_API,1,1,1,0,1,1,1,1,1,1,0,1,1,0,0,11,4,114
azure.com:applicationinsights-componentProactiveDetection_API,1,1,1,0,1,1,1,1,1,1,0,1,1,0,0,11,4,114
azure.com:applicationinsights-componentWorkItemConfigs_API,1,1,1,0,1,1,1,1,1,1,0,1,1,0,0,11,4,114
azure.com:applicationinsights-components_API,1,1,1,0,1,1,1,1,1,1,0,1,1,0,0,11,4,43
azure.com:applicationinsights-favorites_API,1,1,1,0,1,1,1,1,1,1,0,1,1,0,0,11,4,114
azure.com:applicationinsights-webTestLocations_API,1,1,1,0,1,1,1,1,1,1,0,1,1,0,0,11,4,114
azure.com:applicationinsights-webTests_API,1,1,1,0,1,1,1,1,1,1,0,1,1,0,0,11,4,114
azure.com:authorization,1,1,1,0,1,1,1,1,1,1,0,1,1,0,0,11,4,35
azure.com:authorization-authorization-ClassicAdminCalls,1,1,1,0,1,1,1,1,1,1,0,1,1,0,0,11,4,35
azure.com:authorization-authorization-RACalls,1,1,1,0,1,1,1,1,1,1,0,1,1,0,0,11,4,35
azure.com:authorization-authorization-RoleBasedCalls,1,1,1,0,1,1,1,1,1,1,0,1,1,0,0,11,4,35
azure.com:automation-account,1,1,1,0,1,1,1,1,1,1,0,1,1,0,0,11,4,98
azure.com:automation-certificate,1,1,1,0,1,1,1,1,1,1,0,1,1,0,0,11,4,98
azure.com:automation-connection,1,1,1,0,1,1,1,1,1,1,0,1,1,0,0,11,4,98
azure.com:automation-connectionType,1,1,1,0,1,1,1,1,1,1,0,1,1,0,0,11,4,98
azure.com:automation-credential,1,1,1,0,1,1,1,1,1,1,0,1,1,0,0,11,4,98
azure.com:automation-dscCompilationJob,1,1,1,0,1,1,1,1,1,1,0,1,1,0,0,11,4,22
azure.com:automation-dscConfiguration,1,1,1,0,1,1,1,1,1,1,0,1,1,0,0,11,4,98
azure.com:automation-dscNode,1,1,1,0,1,1,1,1,1,1,0,1,1,0,0,11,4,98
azure.com:automation-dscNodeConfiguration,1,1,1,0,1,1,1,1,1,1,0,1,1,0,0,11,4,98
azure.com:automation-hybridRunbookWorkerGroup,1,1,1,0,1,1,1,1,1,1,0,1,1,0,0,11,4,98
azure.com:automation-job,1,1,1,0,1,1,1,1,1,1,0,1,1,0,0,11,4,98
azure.com:automation-jobSchedule,1,1,1,0,1,1,1,1,1,1,0,1,1,0,0,11,4,98
azure.com:automation-linkedWorkspace,1,1,1,0,1,1,1,1,1,1,0,1,1,0,0,11,4,98
azure.com:automation-module,1,1,1,0,1,1,1,1,1,1,0,1,1,0,0,11,4,98
azure.com:automation-runbook,1,1,1,0,1,1,1,1,1,1,0,1,1,0,0,11,4,98
azure.com:automation-schedule,1,1,1,0,1,1,1,1,1,1,0,1,1,0,0,11,4,98
azure.com:automation-softwareUpdateConfiguration,1,1,1,1,1,1,1,1,0,0,0,1,1,0,0,10,5,98
azure.com:automation-softwareUpdateConfigurationMachineRun,1,1,1,1,1,1,1,1,0,0,0,1,1,0,0,10,5,98
azure.com:automation-softwareUpdateConfigurationRun,1,1,1,1,1,1,1,1,0,0,0,1,1,0,0,10,5,98
azure.com:automation-sourceControl,1,1,1,0,1,1,1,1,0,0,0,1,1,0,0,9,6,98
azure.com:automation-sourceControlSyncJob,1,1,1,0,1,1,1,1,0,0,0,1,1,0,0,9,6,98
azure.com:automation-variable,1,1,1,0,1,1,1,1,1,1,0,1,1,0,0,11,4,98
azure.com:automation-webhook,1,1,1,0,1,1,1,1,1,1,0,1,1,0,0,11,4,98
azure.com:azsadmin-Alert,1,1,1,0,1,1,1,1,1,1,0,1,1,0,0,11,4,124
azure.com:azsadmin-CommerceAdmin,1,1,1,0,1,1,1,1,1,1,0,1,1,0,0,11,4,124
azure.com:azsadmin-EdgeGateway,1,1,1,0,1,1,1,1,1,1,0,1,1,0,0,11,4,124
azure.com:azsadmin-EdgeGatewayPool,1,1,1,0,1,1,1,1,1,1,0,1,1,0,0,11,4,124
azure.com:azsadmin-FabricLocation,1,1,1,0,1,1,1,1,1,1,0,1,1,0,0,11,4,124
azure.com:azsadmin-FileShare,1,1,1,0,1,1,1,1,1,1,0,1,1,0,0,11,4,124
azure.com:azsadmin-InfraRole,1,1,1,0,1,1,1,1,1,1,0,1,1,0,0,11,4,124
azure.com:azsadmin-InfraRoleInstance,1,1,1,0,1,1,1,1,1,1,0,1,1,0,0,11,4,124
azure.com:azsadmin-IpPool,1,1,1,0,1,1,1,1,1,1,0,1,1,0,0,11,4,124
azure.com:azsadmin-LogicalNetwork,1,1,1,0,1,1,1,1,1,1,0,1,1,0,0,11,4,124
azure.com:azsadmin-LogicalSubnet,1,1,1,0,1,1,1,1,1,1,0,1,1,0,0,11,4,124
azure.com:azsadmin-MacAddressPool,1,1,1,0,1,1,1,1,1,1,0,1,1,0,0,11,4,124
azure.com:azsadmin-Operations,1,1,1,0,1,1,1,1,1,1,0,1,1,0,0,11,4,124
azure.com:azsadmin-RegionHealth,1,1,1,0,1,1,1,1,1,1,0,1,1,0,0,11,4,124
azure.com:azsadmin-ResourceHealth,1,1,1,0,1,1,1,1,1,0,0,1,1,0,0,10,5,124
azure.com:azsadmin-ScaleUnit,1,1,1,0,1,1,1,1,1,1,0,1,1,0,0,11,4,124
azure.com:azsadmin-ScaleUnitNode,1,1,1,0,1,1,1,1,1,1,0,1,1,0,0,11,4,124
azure.com:azsadmin-ServiceHealth,1,1,1,0,1,1,1,1,1,1,0,1,1,0,0,11,4,124
azure.com:azsadmin-SlbMuxInstance,1,1,1,0,1,1,1,1,1,1,0,1,1,0,0,11,4,124
azure.com:azsadmin-StoragePool,1,1,1,0,1,1,1,1,1,1,0,1,1,0,0,11,4,124
azure.com:azsadmin-StorageSystem,1,1,1,0,1,1,1,1,1,1,0,1,1,0,0,11,4,124
azure.com:azsadmin-Volume,1,1,1,0,1,1,1,1,1,1,0,1,1,0,0,11,4,4
azure.com:azurestack-AzureStack,1,1,1,0,1,1,1,1,1,1,0,1,1,0,0,11,4,28
azure.com:azurestack-CustomerSubscription,1,1,1,0,1,1,1,1,1,1,0,1,1,0,0,11,4,28
azure.com:azurestack-Product,1,1,1,0,1,1,1,1,1,1,0,1,1,0,0,11,4,28
azure.com:azurestack-Registration,1,1,1,0,1,1,1,1,1,1,0,1,1,0,0,11,4,28
azure.com:batch-BatchManagement,1,1,1,0,1,1,1,1,1,1,0,1,1,0,0,11,4,132
azure.com:batchai-BatchAI,1,1,1,0,1,1,1,1,1,1,0,1,1,0,0,11,4,63
azure.com:billing,1,1,1,0,1,1,1,1,1,1,0,1,1,0,0,11,4,63
azure.com:cdn,1,1,1,0,1,1,1,1,1,1,0,1,1,0,0,11,4,63
azure.com:cognitiveservices,1,1,1,0,1,1,1,1,1,1,0,1,0,0,0,10,5,40
azure.com:cognitiveservices-ComputerVision,1,1,1,1,1,0,0,1,1,1,0,1,1,0,0,10,5,40
azure.com:cognitiveservices-ContentModerator,1,1,1,1,1,0,0,1,1,1,0,1,1,0,0,10,5,40
azure.com:cognitiveservices-Face,1,1,1,1,1,0,0,1,1,1,0,1,1,0,0,10,5,40
azure.com:cognitiveservices-LUIS-Programmatic,1,1,1,1,1,0,0,1,1,1,0,1,1,0,0,10,5,1
azure.com:cognitiveservices-LUIS-Runtime,1,1,1,1,1,0,1,1,1,0,0,1,1,0,0,10,5,1
azure.com:cognitiveservices-TextAnalytics,1,1,1,1,1,1,1,1,1,0,0,1,1,0,0,11,4,40
azure.com:commerce,1,1,1,0,1,1,1,1,1,1,0,0,0,0,0,9,6,94
azure.com:compute,1,1,1,0,1,1,1,1,1,1,0,1,1,0,0,11,4,63
azure.com:compute-containerService,1,1,1,0,1,1,1,1,1,1,0,1,1,0,0,11,4,82
azure.com:compute-disk,1,1,1,0,1,1,1,1,1,1,0,1,1,0,0,11,4,63
azure.com:compute-runCommands,1,1,1,0,1,1,1,1,1,1,0,1,1,0,0,11,4,63
azure.com:compute-skus,1,1,1,0,1,1,1,1,1,1,0,1,1,0,0,11,4,63
azure.com:compute-swagger,1,1,1,0,1,1,1,1,1,1,0,1,1,0,0,11,4,63
azure.com:consumption,1,1,1,0,1,1,1,1,1,1,0,1,1,1,0,12,3,63
azure.com:containerinstance-containerInstance,1,1,1,0,1,1,1,1,1,1,0,1,1,0,0,11,4,170
azure.com:containerregistry,1,1,1,0,1,1,1,1,1,1,0,1,1,0,0,11,4,63
azure.com:containerservices-containerService,1,1,1,0,1,1,1,1,1,1,0,1,1,0,0,11,4,82
azure.com:containerservices-location,1,1,1,0,1,1,1,1,1,1,0,1,1,0,0,11,4,82
azure.com:containerservices-managedClusters,1,1,1,0,1,1,1,1,1,1,0,1,1,0,0,11,4,82
azure.com:cosmos-db,1,1,1,0,1,1,1,1,1,1,0,1,1,0,0,11,4,63
azure.com:customer-insights,1,1,1,0,1,1,1,1,1,1,0,1,1,0,0,11,4,63
azure.com:datacatalog,1,1,1,0,1,1,1,1,1,1,0,1,0,0,0,10,5,63
azure.com:datafactory,1,1,1,0,1,1,1,1,1,1,0,1,1,0,0,11,4,63
azure.com:datalake-analytics-account,1,1,1,0,1,1,1,1,1,1,0,1,1,0,0,11,4,27
azure.com:datalake-analytics-catalog,1,1,1,0,1,1,1,1,1,1,0,0,0,0,0,9,6,120
azure.com:datalake-analytics-job,1,1,1,0,1,1,1,1,1,1,0,0,0,0,0,9,6,120
azure.com:datalake-store-account,1,1,1,0,1,1,1,1,1,1,0,1,1,0,0,11,4,27
azure.com:datalake-store-filesystem,1,1,1,0,1,1,1,1,1,1,0,0,0,0,0,9,6,27
azure.com:datamigration,1,1,1,0,1,1,1,1,1,1,0,1,1,0,0,11,4,63
azure.com:deviceprovisioningservices-iotdps,1,1,1,0,1,1,1,1,1,1,0,1,1,0,0,11,4,101
azure.com:devtestlabs-DTL,1,1,1,0,1,1,1,1,1,1,0,1,1,0,0,11,4,63
azure.com:dns,1,1,1,0,1,1,1,1,1,1,0,1,0,0,0,10,5,78
azure.com:domainservices,1,1,1,0,1,1,1,1,1,1,0,1,0,0,0,10,5,174
azure.com:eventgrid-EventGrid,1,1,1,0,1,1,1,1,1,1,0,1,0,0,0,10,5,63
azure.com:eventhub-EventHub,1,1,1,0,1,1,1,1,1,1,0,1,1,0,0,11,4,63
azure.com:hanaonazure,1,1,1,0,1,1,1,1,1,1,0,1,0,0,0,10,5,63
azure.com:hdinsight-applications,1,1,1,0,1,1,1,1,1,1,0,1,1,0,0,11,4,52
azure.com:hdinsight-capabilities,1,1,1,0,1,1,1,1,1,1,0,1,1,0,0,11,4,52
azure.com:hdinsight-cluster,1,1,1,0,1,1,1,1,1,1,0,1,1,0,0,11,4,52
azure.com:hdinsight-configurations,1,1,1,0,1,1,1,1,1,1,0,1,1,0,0,11,4,52
azure.com:hdinsight-extensions,1,1,1,0,1,1,1,1,1,1,0,1,1,0,0,11,4,52
azure.com:hdinsight-operations,1,1,1,0,1,1,1,1,1,1,0,1,1,0,0,11,4,52
azure.com:hdinsight-scriptActions,1,1,1,0,1,1,1,1,1,1,0,1,1,0,0,11,4,52
azure.com:intune,1,1,1,0,1,1,1,1,1,1,0,0,0,0,0,9,6,63
azure.com:iothub,1,1,1,0,1,1,1,1,1,1,0,1,1,0,0,11,4,63
azure.com:keyvault,1,1,1,0,1,1,1,1,1,1,0,0,0,0,0,9,6,42
azure.com:keyvault-providers,1,1,1,0,1,1,1,1,1,1,0,1,0,0,0,10,5,42
azure.com:keyvault-secrets,1,1,1,0,1,1,1,1,1,1,0,1,0,0,0,10,5,42
azure.com:locationbasedservices,1,1,1,0,1,1,1,1,1,1,0,1,1,0,0,11,4,63
azure.com:logic,1,1,1,0,1,1,1,1,1,1,0,1,1,0,0,11,4,108
azure.com:machinelearning-commitmentPlans,1,1,1,0,1,1,1,1,1,1,0,1,0,0,0,10,5,73
azure.com:machinelearning-webservices,1,1,1,0,1,1,1,1,1,1,0,1,0,0,0,10,5,73
azure.com:machinelearning-workspaces,1,1,1,0,1,1,1,1,1,1,0,1,1,0,0,11,4,9
azure.com:machinelearningcompute-machineLearningCompute,1,1,1,0,1,1,1,1,1,1,0,1,0,0,0,10,5,145
azure.com:machinelearningexperimentation-machineLearningExperimentation,1,1,1,0,1,1,1,1,1,1,0,1,1,0,0,11,4,138
azure.com:managementgroups-management,1,1,1,0,1,1,1,1,1,1,0,1,1,1,0,12,3,63
azure.com:managementpartner-ManagementPartner,1,1,1,0,1,1,1,1,1,1,0,1,0,0,0,10,5,63
azure.com:marketplaceordering-Agreements,1,1,1,0,1,1,1,1,1,1,0,1,1,0,0,11,4,63
azure.com:mediaservices-media,1,1,1,0,1,1,1,1,1,1,0,1,1,0,0,11,4,56
azure.com:migrate,1,1,1,0,1,1,1,1,1,1,0,1,1,0,0,11,4,163
azure.com:mobileengagement-mobile-engagement,1,1,1,0,1,1,1,1,1,1,0,1,1,0,0,11,4,93
azure.com:monitor-actionGroups_API,1,1,1,0,1,1,1,1,1,1,0,1,1,0,0,11,4,11
azure.com:monitor-activityLogAlerts_API,1,1,1,0,1,1,1,1,1,1,0,1,1,0,0,11,4,11
azure.com:monitor-activityLogs_API,1,1,1,0,1,1,1,1,1,1,0,1,1,0,0,11,4,11
azure.com:monitor-alertRulesIncidents_API,1,1,1,0,1,1,1,1,1,1,0,1,1,0,0,11,4,11
azure.com:monitor-alertRules_API,1,1,1,0,1,1,1,1,1,1,0,1,1,0,0,11,4,11
azure.com:monitor-autoscale_API,1,1,1,0,1,1,1,1,1,1,0,1,1,0,0,11,4,11
azure.com:monitor-baseline_API,1,1,1,0,1,1,1,1,1,1,0,1,1,0,0,11,4,11
azure.com:monitor-calculateBaseline_API,1,1,1,0,1,1,1,1,1,1,0,1,1,0,0,11,4,11
azure.com:monitor-diagnosticsSettingsCategories_API,1,1,1,0,1,1,1,1,1,1,0,1,1,0,0,11,4,11
azure.com:monitor-diagnosticsSettings_API,1,1,1,0,1,1,1,1,1,1,0,1,1,0,0,11,4,11
azure.com:monitor-eventCategories_API,1,1,1,0,1,1,1,1,1,1,0,1,1,0,0,11,4,11
azure.com:monitor-logProfiles_API,1,1,1,0,1,1,1,1,1,1,0,1,1,0,0,11,4,11
azure.com:monitor-metricDefinitions_API,1,1,1,0,1,1,1,1,1,1,0,1,1,0,0,11,4,11
azure.com:monitor-metrics_API,1,1,1,0,1,1,1,1,1,1,0,1,1,0,0,11,4,11
azure.com:monitor-operations_API,1,1,1,0,1,1,1,1,1,1,0,1,1,0,0,11,4,11
azure.com:monitor-serviceDiagnosticsSettings_API,1,1,1,0,1,1,1,1,1,1,0,1,1,0,0,11,4,11
azure.com:monitor-tenantActivityLogs_API,1,1,1,0,1,1,1,1,1,1,0,1,1,0,0,11,4,11
azure.com:msi-ManagedIdentity,1,1,1,0,1,1,1,1,1,1,0,1,1,0,0,11,4,63
azure.com:mysql,1,1,1,0,1,1,1,1,1,1,0,1,1,0,0,11,4,63
azure.com:network,1,1,1,0,1,1,1,1,1,1,0,1,1,0,0,11,4,14
azure.com:network-applicationGateway,1,1,1,0,1,1,1,1,1,1,0,1,1,0,0,11,4,14
azure.com:network-applicationSecurityGroup,1,1,1,0,1,1,1,1,1,1,0,1,1,0,0,11,4,14
azure.com:network-checkDnsAvailability,1,1,1,0,1,1,1,1,1,1,0,1,1,0,0,11,4,14
azure.com:network-endpointService,1,1,1,0,1,1,1,1,1,1,0,1,1,0,0,11,4,14
azure.com:network-expressRouteCircuit,1,1,1,0,1,1,1,1,1,1,0,1,1,0,0,11,4,14
azure.com:network-loadBalancer,1,1,1,0,1,1,1,1,1,1,0,1,1,0,0,11,4,14
azure.com:network-networkInterface,1,1,1,0,1,1,1,1,1,1,0,1,1,0,0,11,4,14
azure.com:network-networkSecurityGroup,1,1,1,0,1,1,1,1,1,1,0,1,1,0,0,11,4,14
azure.com:network-networkWatcher,1,1,1,0,1,1,1,1,1,1,0,1,1,0,0,11,4,14
azure.com:network-operation,1,1,1,0,1,1,1,1,1,1,0,1,1,0,0,11,4,14
azure.com:network-publicIpAddress,1,1,1,0,1,1,1,1,1,1,0,1,1,0,0,11,4,14
azure.com:network-routeFilter,1,1,1,0,1,1,1,1,1,1,0,1,1,0,0,11,4,14
azure.com:network-routeTable,1,1,1,0,1,1,1,1,1,1,0,1,1,0,0,11,4,14
azure.com:network-serviceCommunity,1,1,1,0,1,1,1,1,1,1,0,1,1,0,0,11,4,14
azure.com:network-usage,1,1,1,0,1,1,1,1,1,1,0,1,1,0,0,11,4,14
azure.com:network-virtualNetwork,1,1,1,0,1,1,1,1,1,1,0,1,1,0,0,11,4,14
azure.com:network-virtualNetworkGateway,1,1,1,0,1,1,1,1,1,1,0,1,1,0,0,11,4,14
azure.com:network-vmssNetworkInterface,1,1,1,0,1,1,1,1,1,1,0,1,1,0,0,11,4,14
azure.com:network-vmssPublicIpAddress,1,1,1,0,1,1,1,1,1,1,0,1,1,0,0,11,4,14
azure.com:notificationhubs,1,1,1,0,1,1,1,1,1,1,0,1,1,0,0,11,4,63
azure.com:operationalinsights-OperationalInsights,1,1,1,0,1,1,1,1,1,1,0,1,1,0,0,11,4,47
azure.com:operationsmanagement-OperationsManagement,1,1,1,0,1,1,1,1,1,1,0,1,1,0,0,11,4,63
azure.com:policyinsights-policyEvents,1,1,1,0,1,0,1,1,1,1,0,1,1,0,0,10,5,32
azure.com:policyinsights-policyStates,1,1,1,0,1,0,1,1,1,1,0,1,1,0,0,10,5,32
azure.com:postgresql,1,1,1,0,1,1,1,1,1,1,0,1,1,0,0,11,4,63
azure.com:powerbidedicated,1,1,1,0,1,1,1,1,1,1,0,1,1,0,0,11,4,63
azure.com:powerbiembedded,1,1,1,0,1,1,1,1,1,1,0,0,0,0,0,9,6,63
azure.com:provisioningservices-iotdps,1,1,1,0,1,1,1,1,1,1,0,1,1,0,0,11,4,101
azure.com:recoveryservices-backup,1,1,1,0,1,1,1,1,1,1,0,1,1,0,0,11,4,92
azure.com:recoveryservices-registeredidentities,1,1,1,0,1,1,1,1,1,1,0,1,1,0,0,11,4,92
azure.com:recoveryservices-replicationusages,1,1,1,0,1,1,1,1,1,1,0,1,1,0,0,11,4,92
azure.com:recoveryservices-vaults,1,1,1,0,1,1,1,1,1,1,0,1,1,0,0,11,4,92
azure.com:recoveryservices-vaultusages,1,1,1,0,1,1,1,1,1,1,0,1,1,0,0,11,4,92
azure.com:recoveryservicesbackup,1,1,1,0,1,1,1,1,1,1,0,1,1,0,0,11,4,55
azure.com:recoveryservicesbackup-backupManagement,1,1,1,0,1,1,1,1,1,1,0,1,1,0,0,11,4,55
azure.com:recoveryservicesbackup-bms,1,1,1,0,1,1,1,1,1,1,0,1,1,0,0,11,4,55
azure.com:recoveryservicesbackup-jobs,1,1,1,0,1,1,1,1,1,1,0,1,1,0,0,11,4,55
azure.com:recoveryservicesbackup-operations,1,1,1,0,1,1,1,1,1,1,0,1,1,0,0,11,4,55
azure.com:recoveryservicesbackup-registeredIdentities,1,1,1,0,1,1,1,1,1,1,0,1,1,0,0,11,4,55
azure.com:recoveryservicessiterecovery-service,1,1,1,0,1,1,1,1,1,1,0,1,1,0,0,11,4,117
azure.com:redis,1,1,1,0,1,1,1,1,1,1,0,1,1,0,0,11,4,63
azure.com:relay,1,1,1,0,1,1,1,1,1,1,0,1,1,0,0,11,4,63
azure.com:reservations,1,1,1,0,1,1,1,1,1,1,0,1,0,0,0,10,5,175
azure.com:resourcehealth,1,1,1,0,1,0,1,1,1,1,0,1,1,0,0,10,5,63
azure.com:resources,1,1,1,0,1,1,1,1,1,1,0,1,1,0,0,11,4,23
azure.com:resources-features,1,1,1,0,1,1,1,1,1,1,0,1,1,0,0,11,4,23
azure.com:resources-links,1,1,1,0,1,1,1,1,1,1,0,1,1,0,0,11,4,23
azure.com:resources-locks,1,1,1,0,1,1,1,1,1,1,0,1,1,0,0,11,4,23
azure.com:resources-managedapplications,1,1,1,0,1,1,1,1,1,1,0,1,1,0,0,11,4,23
azure.com:resources-management,1,1,1,0,1,1,1,1,1,1,0,1,1,1,0,12,3,23
azure.com:resources-policy,1,1,1,0,1,1,1,1,1,1,0,1,1,0,0,11,4,23
azure.com:resources-policyAssignments,1,1,1,0,1,1,1,1,1,1,0,1,1,0,0,11,4,21
azure.com:resources-policyDefinitions,1,1,1,0,1,1,1,1,1,1,0,1,1,0,0,11,4,23
azure.com:resources-policySetDefinitions,1,1,1,0,1,1,1,1,1,1,0,1,1,0,0,11,4,23
azure.com:resources-subscriptions,1,1,1,0,1,1,1,1,1,1,0,1,1,0,0,11,4,23
azure.com:scheduler,1,1,1,0,1,1,1,1,1,1,0,0,0,0,0,9,6,63
azure.com:search,1,1,1,0,1,1,1,1,1,1,0,1,1,0,0,11,4,34
azure.com:search-searchindex,1,1,1,0,1,1,1,1,1,1,0,0,0,0,0,9,6,34
azure.com:search-searchservice,1,1,1,0,1,1,1,1,1,1,0,0,0,0,0,9,6,34
azure.com:servermanagement,1,1,1,0,1,1,1,1,1,1,0,1,1,0,0,11,4,63
azure.com:service-map-arm-service-map,1,1,1,0,1,1,1,1,1,1,0,1,1,0,0,11,4,117
azure.com:servicebus,1,1,1,0,1,1,1,1,1,1,0,1,1,0,0,11,4,164
azure.com:servicefabric,1,1,1,0,1,0,1,1,1,1,0,0,0,0,0,8,7,63
azure.com:sql-Databases,1,1,1,0,1,1,1,1,1,1,0,1,0,0,0,10,5,50
azure.com:sql-advisors,1,1,1,0,1,1,1,1,1,1,0,1,0,0,0,10,5,115
azure.com:sql-backupLongTermRetentionPolicies,1,1,1,0,1,1,1,1,1,1,0,1,0,0,0,10,5,115
azure.com:sql-backupLongTermRetentionVaults,1,1,1,0,1,1,1,1,1,1,0,1,0,0,0,10,5,115
azure.com:sql-backups,1,1,1,0,1,1,1,1,1,1,0,1,0,0,0,10,5,115
azure.com:sql-blobAuditingPolicies,1,1,1,0,1,1,1,1,1,1,0,1,0,0,0,10,5,115
azure.com:sql-cancelOperations,1,1,1,0,1,1,1,1,1,1,0,1,0,0,0,10,5,115
azure.com:sql-cancelPoolOperations,1,1,1,0,1,1,1,1,1,1,0,1,0,0,0,10,5,115
azure.com:sql-capabilities,1,1,1,0,1,1,1,1,1,1,0,1,0,0,0,10,5,115
azure.com:sql-checkNameAvailability,1,1,1,0,1,1,1,1,1,1,0,1,0,0,0,10,5,115
azure.com:sql-connectionPolicies,1,1,1,0,1,1,1,1,1,1,0,1,0,0,0,10,5,115
azure.com:sql-dataMasking,1,1,1,0,1,1,1,1,1,1,0,1,0,0,0,10,5,3
azure.com:sql-dataWarehouseUserActivities,1,1,1,0,1,1,1,1,1,1,0,1,0,0,0,10,5,115
azure.com:sql-databaseAutomaticTuning,1,1,1,0,1,1,1,1,1,1,0,1,0,0,0,10,5,115
azure.com:sql-databaseSecurityAlertPolicies,1,1,1,0,1,1,1,1,1,1,0,1,0,0,0,10,5,115
azure.com:sql-databases,1,1,1,0,1,1,1,1,1,1,0,1,0,0,0,10,5,50
azure.com:sql-deprecated,1,1,1,0,1,1,1,1,1,1,0,1,0,0,0,10,5,115
azure.com:sql-disasterRecoveryConfigurations,1,1,1,0,1,1,1,1,1,1,0,1,0,0,0,10,5,115
azure.com:sql-elasticPools,1,1,1,0,1,1,1,1,1,1,0,1,0,0,0,10,5,115
azure.com:sql-encryptionProtectors,1,1,1,0,1,1,1,1,1,1,0,1,0,0,0,10,5,115
azure.com:sql-failoverGroups,1,1,1,0,1,1,1,1,1,1,0,1,0,0,0,10,5,115
azure.com:sql-firewallRules,1,1,1,0,1,1,1,1,1,1,0,1,0,0,0,10,5,115
azure.com:sql-geoBackupPolicies,1,1,1,0,1,1,1,1,1,1,0,1,0,0,0,10,5,115
azure.com:sql-importExport,1,1,1,0,1,1,1,1,1,1,0,1,0,0,0,10,5,115
azure.com:sql-managedDatabases,1,1,1,0,1,1,1,1,1,1,0,1,0,0,0,10,5,115
azure.com:sql-metrics,1,1,1,0,1,1,1,1,1,1,0,1,0,0,0,10,5,115
azure.com:sql-operations,1,1,1,0,1,1,1,1,1,1,0,1,0,0,0,10,5,115
azure.com:sql-queries,1,1,1,0,1,1,1,1,1,1,0,1,0,0,0,10,5,115
azure.com:sql-renameDatabase,1,1,1,0,1,1,1,1,1,1,0,1,0,0,0,10,5,115
azure.com:sql-replicationLinks,1,1,1,0,1,1,1,1,1,1,0,1,0,0,0,10,5,115
azure.com:sql-restorePoints,1,1,1,0,1,1,1,1,1,1,0,1,0,0,0,10,5,115
azure.com:sql-serverAutomaticTuning,1,1,1,0,1,1,1,1,1,1,0,1,0,0,0,10,5,115
azure.com:sql-serverAzureADAdministrators,1,1,1,0,1,1,1,1,1,1,0,1,0,0,0,10,5,115
azure.com:sql-serverCommunicationLinks,1,1,1,0,1,1,1,1,1,1,0,1,0,0,0,10,5,115
azure.com:sql-serverDnsAliases,1,1,1,0,1,1,1,1,1,1,0,1,0,0,0,10,5,115
azure.com:sql-serverKeys,1,1,1,0,1,1,1,1,1,1,0,1,0,0,0,10,5,115
azure.com:sql-servers,1,1,1,0,1,1,1,1,1,1,0,1,0,0,0,10,5,115
azure.com:sql-serviceObjectives,1,1,1,0,1,1,1,1,1,1,0,1,0,0,0,10,5,115
azure.com:sql-sql.core,1,1,1,0,1,1,1,1,1,1,0,1,0,0,0,10,5,115
azure.com:sql-syncAgents,1,1,1,0,1,1,1,1,1,1,0,1,0,0,0,10,5,115
azure.com:sql-syncGroups,1,1,1,0,1,1,1,1,1,1,0,1,0,0,0,10,5,115
azure.com:sql-syncMembers,1,1,1,0,1,1,1,1,1,1,0,1,0,0,0,10,5,115
azure.com:sql-tableAuditing,1,1,1,0,1,1,1,1,1,1,0,1,0,0,0,10,5,115
azure.com:sql-usages,1,1,1,0,1,1,1,1,1,1,0,1,0,0,0,10,5,115
azure.com:sql-virtualNetworkRules,1,1,1,0,1,1,1,1,1,1,0,1,0,0,0,10,5,115
azure.com:storage,1,1,1,0,1,1,1,1,1,1,0,1,1,0,0,11,4,95
azure.com:storageimportexport,1,1,1,0,1,1,1,1,1,1,0,1,1,0,0,11,4,63
azure.com:storsimple8000series-storsimple,1,1,1,0,1,1,1,1,1,1,0,1,1,0,0,11,4,72
azure.com:streamanalytics-functions,1,1,1,0,1,1,1,1,1,1,0,1,1,0,0,11,4,31
azure.com:streamanalytics-inputs,1,1,1,0,1,1,1,1,1,1,0,1,1,0,0,11,4,31
azure.com:streamanalytics-outputs,1,1,1,0,1,1,1,1,1,1,0,1,1,0,0,11,4,31
azure.com:streamanalytics-streamingjobs,1,1,1,0,1,1,1,1,1,1,0,1,1,0,0,11,4,31
azure.com:streamanalytics-subscriptions,1,1,1,0,1,1,1,1,1,1,0,1,1,0,0,11,4,31
azure.com:streamanalytics-transformations,1,1,1,0,1,1,1,1,1,1,0,1,1,0,0,11,4,31
azure.com:subscription-subscriptionDefinitions,1,1,1,0,1,1,1,1,1,1,0,1,1,0,0,11,4,193
azure.com:timeseriesinsights,1,1,1,0,1,1,1,1,1,1,0,1,1,0,0,11,4,7
azure.com:trafficmanager,1,1,1,0,1,1,1,1,1,1,0,1,1,0,0,11,4,127
azure.com:trafficmanager-trafficmanageranalytics,1,1,1,0,1,1,1,1,1,1,0,1,1,0,0,11,4,127
azure.com:visualstudio-Csm,1,1,1,0,1,1,1,1,1,1,0,1,1,0,0,11,4,63
azure.com:web-AppServiceCertificateOrders,1,1,1,0,1,1,1,1,1,1,0,1,1,0,0,11,4,13
azure.com:web-AppServiceEnvironments,1,1,1,0,1,1,1,1,1,1,0,1,1,0,0,11,4,13
azure.com:web-AppServicePlans,1,1,1,0,1,1,1,1,1,1,0,1,1,0,0,11,4,13
azure.com:web-CertificateRegistrationProvider,1,1,1,0,1,1,1,1,1,1,0,1,1,0,0,11,4,13
azure.com:web-Certificates,1,1,1,0,1,1,1,1,1,1,0,1,1,0,0,11,4,13
azure.com:web-DeletedWebApps,1,1,1,0,1,1,1,1,1,1,0,1,1,0,0,11,4,13
azure.com:web-Diagnostics,1,1,1,0,1,1,1,1,1,1,0,1,1,0,0,11,4,13
azure.com:web-DomainRegistrationProvider,1,1,1,0,1,1,1,1,1,1,0,1,1,0,0,11,4,13
azure.com:web-Domains,1,1,1,0,1,1,1,1,1,1,0,1,1,0,0,11,4,13
azure.com:web-Provider,1,1,1,0,1,1,1,1,1,1,0,1,1,0,0,11,4,13
azure.com:web-Recommendations,1,1,1,0,1,1,1,1,1,1,0,1,1,0,0,11,4,13
azure.com:web-ResourceProvider,1,1,1,0,1,1,1,1,1,1,0,1,1,0,0,11,4,13
azure.com:web-TopLevelDomains,1,1,1,0,1,1,1,1,1,1,0,1,1,0,0,11,4,13
azure.com:web-WebApps,1,1,1,0,1,1,1,1,1,1,0,1,1,0,0,11,4,13
azure.com:web-logicAppsManagementClient,1,1,1,0,1,1,1,1,1,1,0,1,1,0,0,11,4,13
azure.com:web-service,1,1,1,0,1,0,0,1,1,1,0,1,1,0,0,9,6,117
bbc.co.uk,1,1,1,1,1,1,1,1,1,1,0,0,0,1,0,11,4,60
bbc.com,1,1,1,1,1,1,1,1,1,0,0,1,1,1,1,13,2,60
bbci.co.uk,1,1,1,1,1,1,1,1,1,1,0,1,1,0,1,13,2,60
bclaws.ca:bclaws,1,1,1,1,1,0,1,1,0,0,0,0,0,1,1,9,6,66
beanstream.com,1,1,1,1,1,0,1,1,1,0,0,0,0,0,0,8,7,112
beezup.com,1,1,1,1,1,1,1,1,1,1,1,1,0,1,1,14,1,141
betfair.com,1,1,1,1,1,1,1,1,1,0,0,0,0,0,0,9,6,195
bigoven.com,1,1,1,0,1,0,1,1,1,0,0,1,0,0,1,9,6,63
bikewise.org,1,1,1,1,1,0,1,1,0,0,0,0,0,1,1,9,6,48
bitbucket.org,1,1,1,1,1,1,1,1,1,0,0,1,0,1,1,12,3,48
blazemeter.com,1,1,1,1,1,1,1,1,1,0,0,1,0,1,0,11,4,172
bluemix.net:containers,1,1,1,1,1,0,1,1,1,0,0,0,0,0,0,8,7,6
botify.com,1,1,1,1,1,0,1,1,1,0,0,1,1,0,1,11,4,63
box.com:authorization,1,1,1,1,1,1,1,1,1,0,0,0,0,0,0,9,6,35
box.com:content,1,1,1,1,1,1,1,1,1,0,1,1,1,1,0,13,2,76
box.com:token,1,1,1,1,1,1,1,1,1,0,0,0,0,0,0,9,6,81
box.com:upload,1,1,1,1,1,1,1,1,1,0,0,1,1,0,0,11,4,81
brandlovers.com,1,1,1,1,1,1,1,1,1,0,0,1,0,1,0,11,4,182
brex.io,0,1,0,0,0,0,0,1,0,0,0,0,0,1,0,3,12,8
browshot.com,1,1,1,1,1,0,1,1,1,0,0,1,1,0,0,10,5,63
bufferapp.com,1,1,1,1,1,1,1,1,1,0,0,1,0,0,1,11,4,63
bungie.net,1,1,1,1,1,0,0,1,1,0,0,1,0,1,1,10,5,6
callfire.com,1,1,1,1,1,1,1,1,1,0,0,1,0,1,0,11,4,107
cambase.io,1,1,1,1,1,0,0,1,0,0,0,0,0,1,0,7,8,8
carbondoomsday.com,1,1,1,1,1,1,1,1,1,0,0,1,1,0,0,11,4,63
ccp.is,1,1,1,1,1,0,1,1,1,1,0,1,0,0,0,10,5,157
cenit.io,1,1,1,1,1,1,1,1,1,0,0,1,1,1,1,13,2,8
channel4.com,1,1,1,1,1,1,1,1,1,1,0,1,1,1,1,14,1,63
circleci.com,1,1,1,1,1,0,1,1,1,1,1,1,1,0,0,12,3,63
circuitsandbox.net,1,1,1,1,1,0,0,1,1,0,0,1,0,0,0,8,7,6
cisco.com,1,1,1,0,1,0,1,1,0,0,0,1,0,0,0,7,8,63
citrixonline.com:gotomeeting,1,1,1,1,1,1,1,1,1,1,0,0,0,1,1,12,3,65
citrixonline.com:scim,1,1,1,1,1,1,1,1,1,1,0,0,0,1,1,12,3,65
citycontext.com,1,1,1,1,1,0,1,1,1,0,0,1,1,1,0,11,4,63
clarify.io,1,1,1,1,1,0,0,1,1,0,0,0,0,1,0,8,7,8
clever-cloud.com,1,1,1,1,1,0,0,1,1,0,0,0,0,1,0,8,7,58
clever.com,1,1,1,1,1,0,1,1,1,0,1,1,1,0,0,11,4,58
clickmeter.com,1,1,1,0,1,0,0,1,1,0,0,1,1,0,0,8,7,63
cloudmersive.com:ocr,1,1,1,0,1,1,1,1,1,0,0,1,0,0,0,9,6,134
cnab-online.herokuapp.com,1,1,1,1,1,0,1,1,1,0,0,0,0,0,0,8,7,41
code-scan.com,1,1,1,1,1,1,1,1,1,0,0,1,0,0,0,10,5,63
consumerfinance.gov,1,1,1,1,1,0,0,1,1,0,0,0,0,1,1,9,6,188
core.ac.uk,1,1,1,1,1,0,0,1,1,0,0,1,1,1,0,10,5,60
cybertaxonomy.eu,1,1,1,1,1,0,1,1,1,0,0,0,0,1,0,9,6,74
data.gov,1,1,1,1,1,0,0,1,0,0,0,1,1,1,1,10,5,188
data2crm.com,1,1,1,1,1,1,1,1,1,0,1,0,0,1,1,12,3,64
dataatwork.org,1,1,1,1,1,1,1,1,1,0,0,0,0,0,0,9,6,48
datumbox.com,1,1,1,1,1,0,1,1,0,0,0,0,0,1,0,8,7,63
deeparteffects.com,1,1,1,1,1,0,1,1,1,0,0,1,0,0,0,9,6,152
deutschebahn.com:betriebsstellen,1,1,1,1,1,0,0,1,1,0,0,1,0,1,0,9,6,59
deutschebahn.com:fahrplan,1,1,1,1,1,1,1,1,1,0,0,0,0,0,0,9,6,59
deutschebahn.com:fasta,1,1,1,1,1,1,1,1,1,0,0,1,1,0,0,11,4,59
deutschebahn.com:flinkster,1,1,1,1,1,0,1,1,1,0,0,0,0,1,0,9,6,59
deutschebahn.com:reisezentren,1,1,1,1,1,0,0,1,1,0,0,1,0,1,0,9,6,59
deutschebahn.com:stada,1,1,1,1,1,0,0,1,1,0,0,0,0,0,0,7,8,59
digitallinguistics.io,1,1,1,1,1,1,1,1,1,1,1,1,1,1,1,15,0,8
docker.com:engine,1,1,1,1,1,1,1,1,1,0,0,0,0,1,0,10,5,192
docusign.net,1,1,1,1,1,1,1,1,1,1,1,1,0,1,1,14,1,6
domainsdb.info,1,1,1,1,1,1,1,1,1,0,0,1,0,1,0,11,4,165
dracoon.team,1,1,1,1,1,0,0,1,1,0,0,0,0,1,0,8,7,63
dropx.io,1,1,1,1,1,0,1,1,0,0,0,1,0,0,0,8,7,8
dweet.io,1,1,1,1,1,0,0,1,0,0,0,0,0,1,0,7,8,8
ebay.com:buy-browse,1,1,1,1,1,0,0,1,1,0,0,1,0,0,0,8,7,75
ebay.com:buy-feed,1,1,1,1,1,0,1,1,1,0,0,1,0,0,0,9,6,75
ebay.com:buy-marketing,1,1,1,1,1,0,0,1,1,0,0,1,0,0,0,8,7,75
ebay.com:commerce-taxonomy,1,1,1,1,1,0,1,1,1,0,0,1,0,0,0,9,6,94
ebay.com:sell-fulfillment,1,1,1,1,1,0,1,1,1,0,0,1,0,0,0,9,6,75
envoice.in,1,1,1,0,1,0,0,1,1,0,0,1,0,0,0,7,8,42
epa.gov:air,1,1,1,1,1,1,1,1,1,1,0,0,0,0,0,10,5,5
epa.gov:case,1,1,1,1,1,1,1,1,1,1,0,0,0,0,0,10,5,5
epa.gov:cwa,1,1,1,1,1,1,1,1,1,1,0,0,0,0,0,10,5,5
epa.gov:dfr,1,1,1,1,1,1,1,1,1,1,0,0,0,0,0,10,5,5
epa.gov:echo,1,1,1,1,1,1,1,1,1,1,0,0,0,0,0,10,5,5
epa.gov:eff,1,1,1,1,1,1,1,1,1,1,0,0,0,0,0,10,5,5
epa.gov:rcra,1,1,1,1,1,1,1,1,1,1,0,0,0,0,0,10,5,5
epa.gov:sdw,1,1,1,1,1,1,1,1,1,1,0,0,0,0,0,10,5,5
etmdb.com,1,1,1,0,1,0,0,1,0,0,0,1,0,0,0,6,9,63
europeana.eu,1,1,1,1,1,1,0,1,1,0,0,0,0,1,0,9,6,74
exavault.com,1,1,1,1,1,0,0,1,1,0,0,0,0,1,1,9,6,63
fantasydata.net:cbb-v3-scores,1,1,1,1,1,0,1,1,1,0,0,1,1,0,0,10,5,51
fantasydata.net:cbb-v3-stats,1,1,1,1,1,0,1,1,1,0,0,1,1,0,0,10,5,187
fantasydata.net:cfb-v3-scores,1,1,1,1,1,0,1,1,1,0,0,1,1,0,0,10,5,51
fantasydata.net:golf-v2,1,1,1,1,1,0,1,1,1,0,0,1,1,0,0,10,5,119
fantasydata.net:mlb-v3-play-by-play,1,1,1,1,1,0,1,1,1,0,0,1,1,0,0,10,5,86
fantasydata.net:mlb-v3-projections,1,1,1,1,1,0,1,1,1,0,0,1,1,0,0,10,5,25
fantasydata.net:mlb-v3-projections-dfsr,1,1,1,1,1,0,1,1,1,0,0,1,1,0,0,10,5,25
fantasydata.net:mlb-v3-rotoballer-articles,1,1,1,1,1,0,1,1,1,0,0,1,1,0,0,10,5,12
fantasydata.net:mlb-v3-rotoballer-premium-news,1,1,1,1,1,0,1,1,1,0,0,1,1,0,0,10,5,12
fantasydata.net:mlb-v3-scores,1,1,1,1,1,0,1,1,1,0,0,1,1,0,0,10,5,51
fantasydata.net:mlb-v3-stats,1,1,1,1,1,0,1,1,1,0,0,1,1,0,0,10,5,187
fantasydata.net:nascar-v2,1,1,1,1,1,0,1,1,1,0,0,1,1,0,0,10,5,119
fantasydata.net:nba-v3-play-by-play,1,1,1,1,1,0,1,1,1,0,0,1,1,0,0,10,5,86
fantasydata.net:nba-v3-projections,1,1,1,1,1,0,1,1,1,0,0,1,1,0,0,10,5,25
fantasydata.net:nba-v3-rotoballer-articles,1,1,1,1,1,0,1,1,1,0,0,1,1,0,0,10,5,12
fantasydata.net:nba-v3-rotoballer-premium-news,1,1,1,1,1,0,1,1,1,0,0,1,1,0,0,10,5,12
fantasydata.net:nba-v3-scores,1,1,1,1,1,0,1,1,1,0,0,1,1,0,0,10,5,51
fantasydata.net:nba-v3-stats,1,1,1,1,1,0,1,1,1,0,0,1,1,0,0,10,5,187
fantasydata.net:nfl-v3-play-by-play,1,1,1,1,1,0,1,1,1,0,0,1,1,0,0,10,5,86
fantasydata.net:nfl-v3-projections,1,1,1,1,1,0,1,1,1,0,0,1,1,0,0,10,5,25
fantasydata.net:nfl-v3-projections-dfsr,1,1,1,1,1,0,1,1,1,0,0,1,1,0,0,10,5,25
fantasydata.net:nfl-v3-rotoballer-articles,1,1,1,1,1,0,1,1,1,0,0,1,1,0,0,10,5,12
fantasydata.net:nfl-v3-rotoballer-premium-news,1,1,1,1,1,0,1,1,1,0,0,1,1,0,0,10,5,12
fantasydata.net:nfl-v3-scores,1,1,1,1,1,0,1,1,1,0,0,1,1,0,0,10,5,51
fantasydata.net:nfl-v3-stats,1,1,1,1,1,0,1,1,1,0,0,1,1,0,0,10,5,187
fantasydata.net:nhl-v3-play-by-play,1,1,1,1,1,0,1,1,1,0,0,1,1,0,0,10,5,86
fantasydata.net:nhl-v3-projections,1,1,1,1,1,0,1,1,1,0,0,1,1,0,0,10,5,25
fantasydata.net:nhl-v3-scores,1,1,1,1,1,0,1,1,1,0,0,1,1,0,0,10,5,51
fantasydata.net:nhl-v3-stats,1,1,1,1,1,0,1,1,1,0,0,1,1,0,0,10,5,187
fantasydata.net:soccer-v3-projections,1,1,1,1,1,0,1,1,1,0,0,1,1,0,0,10,5,25
fantasydata.net:soccer-v3-scores,1,1,1,1,1,0,1,1,1,0,0,1,1,0,0,10,5,51
fantasydata.net:soccer-v3-stats,1,1,1,1,1,0,1,1,1,0,0,1,1,0,0,10,5,187
figshare.com,1,1,1,1,1,0,1,1,1,0,0,1,0,0,0,9,6,46
firebrowse.org,1,1,1,1,1,0,1,1,0,0,0,0,0,1,0,8,7,48
flat.io,1,1,1,1,1,1,1,1,1,1,0,1,0,1,0,12,3,8
flickr.com,1,1,1,1,1,1,1,1,1,0,0,0,0,0,0,9,6,146
formapi.io,1,1,1,1,1,0,1,1,0,0,0,1,0,0,0,8,7,8
freesound.org,1,1,1,1,1,0,1,1,1,0,0,0,0,1,1,10,5,48
funtranslations.com,1,1,1,0,1,1,1,1,0,0,0,1,0,1,0,9,6,150
furkot.com,1,1,1,1,1,0,1,1,1,0,0,1,1,0,1,11,4,63
geneea.com,1,1,1,1,1,1,1,1,1,0,0,1,1,1,0,12,3,63
geodesystems.com,1,1,1,1,1,0,0,1,0,0,0,1,0,1,0,8,7,63
getgo.com:gototraining,1,1,1,1,1,1,1,1,1,1,0,0,0,1,0,11,4,89
getgo.com:gotowebinar,1,1,1,1,1,1,1,1,1,1,0,0,0,1,0,11,4,89
getsandbox.com,1,1,1,1,1,1,1,1,1,0,0,1,0,1,1,12,3,63
gettyimages.com,1,1,1,1,1,0,0,1,1,0,0,1,1,0,0,9,6,126
giphy.com,1,1,1,1,1,1,1,1,1,1,1,1,1,1,1,15,0,63
gisgraphy.com,1,1,1,1,1,0,0,1,1,0,0,1,0,0,0,8,7,63
github.com,1,1,1,1,1,1,1,1,1,0,0,1,0,0,1,11,4,88
gitlab.com,1,1,1,1,1,0,1,1,1,0,0,1,1,1,0,11,4,156
googleapis.com:abusiveexperiencereport,1,1,1,1,1,0,0,1,1,1,0,1,0,1,1,11,4,54
googleapis.com:acceleratedmobilepageurl,1,1,1,1,1,0,0,1,1,1,0,0,0,1,1,10,5,54
googleapis.com:adexchangebuyer,1,1,1,1,1,0,0,1,1,1,0,1,0,1,1,11,4,54
googleapis.com:adexchangebuyer2,1,1,1,1,1,0,0,1,1,1,0,1,0,1,1,11,4,54
googleapis.com:adexchangeseller,1,1,1,1,1,0,0,1,1,1,0,1,0,1,1,11,4,54
googleapis.com:adexperiencereport,1,1,1,1,1,0,0,1,1,1,0,1,0,1,1,11,4,54
googleapis.com:admin,1,1,1,1,1,0,0,1,1,1,0,1,0,1,1,11,4,54
googleapis.com:adsense,1,1,1,1,1,0,0,1,1,1,0,1,0,1,1,11,4,54
googleapis.com:adsensehost,1,1,1,1,1,0,0,1,1,1,0,1,0,1,1,11,4,54
googleapis.com:analytics,1,1,1,1,1,0,0,1,1,1,0,1,0,1,1,11,4,120
googleapis.com:analyticsreporting,1,1,1,1,1,0,0,1,1,1,0,1,0,1,1,11,4,54
googleapis.com:androiddeviceprovisioning,1,1,1,1,1,0,0,1,1,1,0,0,0,1,1,10,5,54
googleapis.com:androidenterprise,1,1,1,1,1,0,0,1,1,1,0,1,0,1,1,11,4,54
googleapis.com:androidmanagement,1,1,1,1,1,0,0,1,1,1,0,1,0,1,1,11,4,0
googleapis.com:androidpublisher,1,1,1,1,1,0,0,1,1,1,0,1,0,1,1,11,4,54
googleapis.com:appengine,1,1,1,1,1,0,0,1,1,1,0,1,0,1,1,11,4,54
googleapis.com:appsactivity,1,1,1,1,1,0,0,1,1,1,0,1,0,1,1,11,4,54
googleapis.com:appstate,1,1,1,1,1,0,0,1,1,1,0,1,0,1,1,11,4,54
googleapis.com:bigquery,1,1,1,1,1,0,0,1,1,1,0,1,0,1,1,11,4,54
googleapis.com:bigquerydatatransfer,1,1,1,1,1,0,0,1,1,1,0,1,0,1,1,11,4,54
googleapis.com:blogger,1,1,1,1,1,0,0,1,1,1,0,1,0,1,1,11,4,54
googleapis.com:books,1,1,1,1,1,0,0,1,1,1,0,1,0,1,1,11,4,54
googleapis.com:calendar,1,1,1,1,1,0,0,1,1,1,0,1,0,1,1,11,4,54
googleapis.com:chat,1,1,1,1,1,0,0,1,1,1,0,0,0,1,1,10,5,54
googleapis.com:civicinfo,1,1,1,1,1,0,0,1,1,1,0,0,0,1,1,10,5,54
googleapis.com:classroom,1,1,1,1,1,0,0,1,1,1,0,1,0,1,1,11,4,54
googleapis.com:cloudbilling,1,1,1,1,1,0,0,1,1,1,0,1,0,1,1,11,4,54
googleapis.com:cloudbuild,1,1,1,1,1,0,0,1,1,1,0,1,0,1,1,11,4,54
googleapis.com:clouddebugger,1,1,1,1,1,0,0,1,1,1,0,1,0,1,1,11,4,54
googleapis.com:clouderrorreporting,1,1,1,1,1,0,0,1,1,1,0,1,0,1,1,11,4,54
googleapis.com:cloudfunctions,1,1,1,1,1,0,0,1,1,1,0,1,0,1,1,11,4,54
googleapis.com:cloudiot,1,1,1,1,1,0,0,1,1,1,0,1,0,1,1,11,4,54
googleapis.com:cloudkms,1,1,1,1,1,0,0,1,1,1,0,1,0,1,1,11,4,54
googleapis.com:cloudmonitoring,1,1,1,1,1,0,0,1,1,1,0,1,0,1,1,11,4,54
googleapis.com:cloudresourcemanager,1,1,1,1,1,0,0,1,1,1,0,1,0,1,1,11,4,54
googleapis.com:cloudshell,1,1,1,1,1,0,0,1,1,1,0,1,0,1,1,11,4,54
googleapis.com:cloudtasks,1,1,1,1,1,0,0,1,1,1,0,1,0,1,1,11,4,121
googleapis.com:cloudtrace,1,1,1,1,1,0,0,1,1,1,0,1,0,1,1,11,4,54
googleapis.com:clouduseraccounts,1,1,1,1,1,0,0,1,1,1,0,1,0,1,1,11,4,54
googleapis.com:compute,1,1,1,1,1,0,0,1,1,1,0,1,0,1,1,11,4,54
googleapis.com:consumersurveys,1,1,1,1,1,0,0,1,1,1,0,1,0,1,0,10,5,54
googleapis.com:container,1,1,1,1,1,0,0,1,1,1,0,1,0,1,1,11,4,54
googleapis.com:content,1,1,1,1,1,0,0,1,1,1,0,1,0,1,1,11,4,76
googleapis.com:customsearch,1,1,1,1,1,0,0,1,1,1,0,0,0,1,1,10,5,54
googleapis.com:dataflow,1,1,1,1,1,0,0,1,1,1,0,1,0,1,1,11,4,54
googleapis.com:dataproc,1,1,1,1,1,0,0,1,1,1,0,1,0,1,1,11,4,54
googleapis.com:datastore,1,1,1,1,1,0,0,1,1,1,0,1,0,1,1,11,4,54
googleapis.com:deploymentmanager,1,1,1,1,1,0,0,1,1,1,0,1,0,1,1,11,4,54
googleapis.com:dfareporting,1,1,1,1,1,0,0,1,1,1,0,1,0,1,1,11,4,54
googleapis.com:digitalassetlinks,1,1,1,1,1,0,0,1,1,1,0,0,0,1,1,10,5,54
googleapis.com:discovery,1,1,1,1,1,0,0,1,1,1,0,0,0,1,1,10,5,69
googleapis.com:dlp,1,1,1,1,1,0,0,1,1,1,0,1,0,1,1,11,4,54
googleapis.com:dns,1,1,1,1,1,0,0,1,1,1,0,1,0,1,1,11,4,78
googleapis.com:doubleclickbidmanager,1,1,1,1,1,0,0,1,1,1,0,1,0,1,1,11,4,54
googleapis.com:doubleclicksearch,1,1,1,1,1,0,0,1,1,1,0,1,0,1,1,11,4,54
googleapis.com:drive,1,1,1,1,1,0,0,1,1,1,0,1,0,1,1,11,4,54
googleapis.com:firebasedynamiclinks,1,1,1,1,1,0,0,1,1,1,0,1,0,1,1,11,4,54
googleapis.com:firebaseremoteconfig,1,1,1,1,1,0,0,1,1,1,0,0,0,1,1,10,5,54
googleapis.com:firebaserules,1,1,1,1,1,0,0,1,1,1,0,1,0,1,1,11,4,54
googleapis.com:firestore,1,1,1,1,1,0,0,1,1,1,0,1,0,1,1,11,4,54
googleapis.com:fitness,1,1,1,1,1,0,0,1,1,1,0,1,0,1,1,11,4,54
googleapis.com:fusiontables,1,1,1,1,1,0,0,1,1,1,0,1,0,1,1,11,4,54
googleapis.com:games,1,1,1,1,1,0,0,1,1,1,0,1,0,1,1,11,4,54
googleapis.com:gamesConfiguration,1,1,1,1,1,0,0,1,1,1,0,1,0,1,1,11,4,54
googleapis.com:gamesManagement,1,1,1,1,1,0,0,1,1,1,0,1,0,1,1,11,4,54
googleapis.com:genomics,1,1,1,1,1,0,0,1,1,1,0,1,0,1,1,11,4,54
googleapis.com:gmail,1,1,1,1,1,0,0,1,1,1,0,1,0,1,1,11,4,54
googleapis.com:groupsmigration,1,1,1,1,1,1,0,1,1,1,0,1,0,1,1,12,3,54
googleapis.com:groupssettings,1,1,1,1,1,0,0,1,1,1,0,1,0,1,1,11,4,54
googleapis.com:iam,1,1,1,1,1,0,0,1,1,1,0,1,0,1,1,11,4,122
googleapis.com:identitytoolkit,1,1,1,1,1,0,0,1,1,1,0,1,0,1,1,11,4,54
googleapis.com:kgsearch,1,1,1,1,1,0,0,1,1,1,0,0,0,1,1,10,5,54
googleapis.com:language,1,1,1,1,1,0,0,1,1,1,0,1,0,1,1,11,4,54
googleapis.com:licensing,1,1,1,1,1,0,0,1,1,1,0,1,0,1,1,11,4,54
googleapis.com:logging,1,1,1,1,1,0,0,1,1,1,0,1,0,1,1,11,4,54
googleapis.com:manufacturers,1,1,1,1,1,0,0,1,1,1,0,1,0,1,1,11,4,54
googleapis.com:mirror,1,1,1,1,1,0,0,1,1,1,0,1,0,1,1,11,4,54
googleapis.com:ml,1,1,1,1,1,0,0,1,1,1,0,1,0,1,1,11,4,54
googleapis.com:monitoring,1,1,1,1,1,0,0,1,1,1,0,1,0,1,1,11,4,99
googleapis.com:oauth2,1,1,1,1,1,0,0,1,1,1,0,1,0,1,1,11,4,54
googleapis.com:oslogin,1,1,1,1,1,0,0,1,1,1,0,1,0,1,1,11,4,54
googleapis.com:pagespeedonline,1,1,1,1,1,0,0,1,1,1,0,0,0,1,0,9,6,54
googleapis.com:partners,1,1,1,1,1,0,0,1,1,1,0,0,0,1,1,10,5,54
googleapis.com:people,1,1,1,1,1,0,0,1,1,1,0,1,0,1,1,11,4,54
googleapis.com:playcustomapp,1,1,1,1,1,1,0,1,1,1,0,1,0,1,1,12,3,54
googleapis.com:playmoviespartner,1,1,1,1,1,0,0,1,1,1,0,1,0,1,1,11,4,54
googleapis.com:plus,1,1,1,1,1,0,0,1,1,1,0,1,0,1,1,11,4,54
googleapis.com:plusDomains,1,1,1,1,1,0,0,1,1,1,0,1,0,1,1,11,4,54
googleapis.com:poly,1,1,1,1,1,0,0,1,1,1,0,0,0,1,1,10,5,54
googleapis.com:prediction,1,1,1,1,1,0,0,1,1,1,0,1,0,1,1,11,4,54
googleapis.com:proximitybeacon,1,1,1,1,1,0,0,1,1,1,0,1,0,1,1,11,4,54
googleapis.com:pubsub,1,1,1,1,1,0,0,1,1,1,0,1,0,1,1,11,4,54
googleapis.com:qpxExpress,1,1,1,1,1,0,0,1,1,1,0,0,0,1,1,10,5,54
googleapis.com:replicapool,1,1,1,1,1,0,0,1,1,1,0,1,0,1,1,11,4,54
googleapis.com:replicapoolupdater,1,1,1,1,1,0,0,1,1,1,0,1,0,1,1,11,4,54
googleapis.com:reseller,1,1,1,1,1,0,0,1,1,1,0,1,0,1,1,11,4,54
googleapis.com:resourceviews,1,1,1,1,1,0,0,1,1,1,0,1,0,1,1,11,4,54
googleapis.com:runtimeconfig,1,1,1,1,1,0,0,1,1,1,0,1,0,1,1,11,4,54
googleapis.com:safebrowsing,1,1,1,1,1,0,0,1,1,1,0,0,0,1,1,10,5,54
googleapis.com:script,1,1,1,1,1,0,0,1,1,1,0,1,0,1,1,11,4,54
googleapis.com:searchconsole,1,1,1,1,1,0,0,1,1,1,0,0,0,1,1,10,5,54
googleapis.com:serviceconsumermanagement,1,1,1,1,1,0,0,1,1,1,0,1,0,1,1,11,4,54
googleapis.com:servicecontrol,1,1,1,1,1,0,0,1,1,1,0,1,0,1,1,11,4,54
googleapis.com:servicemanagement,1,1,1,1,1,0,0,1,1,1,0,1,0,1,1,11,4,54
googleapis.com:serviceusage,1,1,1,1,1,0,0,1,1,1,0,1,0,1,1,11,4,54
googleapis.com:serviceuser,1,1,1,1,1,0,0,1,1,1,0,1,0,1,1,11,4,54
googleapis.com:sheets,1,1,1,1,1,0,0,1,1,1,0,1,0,1,1,11,4,54
googleapis.com:siteVerification,1,1,1,1,1,0,0,1,1,1,0,1,0,1,1,11,4,54
googleapis.com:slides,1,1,1,1,1,0,0,1,1,1,0,1,0,1,1,11,4,54
googleapis.com:sourcerepo,1,1,1,1,1,0,0,1,1,1,0,1,0,1,1,11,4,54
googleapis.com:spanner,1,1,1,1,1,0,0,1,1,1,0,1,0,1,1,11,4,54
googleapis.com:spectrum,1,1,1,1,1,0,0,1,1,1,0,0,0,1,1,10,5,54
googleapis.com:speech,1,1,1,1,1,0,0,1,1,1,0,1,0,1,1,11,4,54
googleapis.com:sqladmin,1,1,1,1,1,0,0,1,1,1,0,1,0,1,1,11,4,54
googleapis.com:storage,1,1,1,1,1,0,0,1,1,1,0,1,0,1,1,11,4,95
googleapis.com:storagetransfer,1,1,1,1,1,0,0,1,1,1,0,1,0,1,1,11,4,54
googleapis.com:streetviewpublish,1,1,1,1,1,0,0,1,1,1,0,1,0,1,1,11,4,54
googleapis.com:surveys,1,1,1,1,1,0,0,1,1,1,0,1,0,1,0,10,5,54
googleapis.com:tagmanager,1,1,1,1,1,0,0,1,1,1,0,1,0,1,1,11,4,54
googleapis.com:taskqueue,1,1,1,1,1,0,0,1,1,1,0,1,0,1,1,11,4,54
googleapis.com:tasks,1,1,1,1,1,0,0,1,1,1,0,1,0,1,1,11,4,54
googleapis.com:testing,1,1,1,1,1,0,0,1,1,1,0,1,0,1,1,11,4,54
googleapis.com:toolresults,1,1,1,1,1,0,0,1,1,1,0,1,0,1,1,11,4,54
googleapis.com:tpu,1,1,1,1,1,0,0,1,1,1,0,1,0,1,1,11,4,54
googleapis.com:tracing,1,1,1,1,1,0,0,1,1,1,0,1,0,1,1,11,4,54
googleapis.com:translate,1,1,1,1,1,0,0,1,1,1,0,1,0,1,1,11,4,54
googleapis.com:urlshortener,1,1,1,1,1,0,0,1,1,1,0,1,0,1,1,11,4,54
googleapis.com:vault,1,1,1,1,1,0,0,1,1,1,0,1,0,1,1,11,4,54
googleapis.com:videointelligence,1,1,1,1,1,0,0,1,1,1,0,1,0,1,1,11,4,54
googleapis.com:vision,1,1,1,1,1,0,0,1,1,1,0,1,0,1,1,11,4,54
googleapis.com:webfonts,1,1,1,1,1,0,0,1,1,1,0,0,0,1,1,10,5,54
googleapis.com:webmasters,1,1,1,1,1,0,0,1,1,1,0,1,0,1,1,11,4,54
googleapis.com:youtube,1,1,1,1,1,0,0,1,1,1,0,1,0,1,1,11,4,54
googleapis.com:youtubeAnalytics,1,1,1,1,1,0,0,1,1,1,0,1,0,1,1,11,4,54
googleapis.com:youtubereporting,1,1,1,1,1,0,0,1,1,1,0,1,0,1,1,11,4,54
gov.bc.ca:bcdc,1,1,1,1,1,1,1,1,0,0,0,1,1,1,0,11,4,33
gov.bc.ca:bcgnws,1,1,1,1,1,0,1,1,0,0,0,0,0,1,1,9,6,33
gov.bc.ca:geocoder,1,1,1,1,1,0,1,1,0,0,0,0,0,1,1,9,6,33
gov.bc.ca:geomark,1,1,1,1,1,0,0,1,0,0,0,0,0,1,1,8,7,33
gov.bc.ca:jobposting,1,1,1,1,1,0,1,1,1,0,0,0,0,0,0,8,7,33
gov.bc.ca:news,1,1,1,1,1,1,1,1,1,0,0,1,0,0,0,10,5,33
gov.bc.ca:open511,1,1,1,1,1,0,1,1,0,0,0,0,0,1,1,9,6,33
gov.bc.ca:router,1,1,1,1,1,0,1,1,0,0,0,1,1,1,1,11,4,33
graphhopper.com,1,1,1,1,1,1,1,1,1,0,0,1,1,0,0,11,4,63
greenpeace.org,1,1,1,1,1,1,1,1,1,0,0,0,0,0,0,9,6,48
gsa.gov,1,1,1,1,1,0,0,1,0,0,0,0,0,1,0,7,8,188
hackathonwatch.com,1,1,1,1,1,0,1,1,0,0,0,0,0,1,0,8,7,63
haloapi.com:metadata,1,1,1,1,1,0,1,1,0,0,0,1,1,0,0,9,6,45
haloapi.com:profile,1,1,1,1,1,0,0,1,0,0,0,1,1,0,0,8,7,45
haloapi.com:stats,1,1,1,1,1,0,1,1,0,0,0,1,1,0,0,9,6,45
haloapi.com:ugc,1,1,1,1,1,0,1,1,0,0,0,1,1,0,0,9,6,45
healthcare.gov,1,1,1,1,1,0,0,1,1,0,0,1,0,0,1,9,6,188
hetras-certification.net:booking,1,1,1,1,1,0,1,1,1,0,0,0,0,0,0,8,7,143
hetras-certification.net:hotel,1,1,1,1,1,0,1,1,1,0,0,0,0,0,0,8,7,143
hhs.gov,1,1,1,1,1,1,0,1,1,0,0,0,0,1,0,9,6,188
highwaysengland.co.uk,1,1,1,1,1,1,1,1,1,0,0,0,0,0,0,9,6,60
hsbc.com,1,1,1,0,1,1,1,1,1,0,0,0,0,0,0,8,7,63
icons8.com,1,1,1,1,1,0,1,1,1,0,0,0,0,0,0,8,7,63
idtbeyond.com,1,1,1,1,1,1,1,1,1,0,0,0,0,0,0,9,6,63
ijenko.net,1,1,1,0,1,1,1,1,1,1,1,1,1,1,0,13,2,6
illumidesk.com,1,1,1,0,1,1,1,1,1,0,0,1,1,0,0,10,5,63
import.io:data,1,1,1,1,1,0,0,1,1,0,0,1,0,1,1,10,5,20
import.io:extraction,1,1,1,1,1,0,1,1,1,0,0,1,0,1,1,11,4,20
import.io:rss,1,1,1,1,1,0,1,1,1,0,0,1,0,1,1,11,4,20
import.io:run,1,1,1,1,1,1,1,1,1,0,0,1,0,1,1,12,3,20
import.io:schedule,1,1,1,1,1,1,1,1,1,0,0,1,0,1,1,12,3,20
inboxroute.com,1,1,1,1,1,1,1,1,1,0,1,1,1,0,0,12,3,63
infermedica.com,1,1,1,1,1,0,1,1,1,0,0,0,0,1,0,9,6,63
instagram.com,1,1,1,1,1,0,1,1,1,0,0,1,0,1,1,11,4,63
instawell.com,1,1,1,1,1,1,1,1,1,0,0,0,0,0,0,9,6,176
iqualify.com,1,1,1,1,1,0,0,1,1,1,1,1,1,1,0,12,3,63
isbndb.com,1,1,1,0,1,0,1,1,1,0,0,1,0,0,0,8,7,62
isendpro.com,1,1,1,1,1,0,0,1,1,0,0,0,0,0,0,7,8,148
iva-api.com,1,1,1,0,1,0,1,1,1,0,0,1,0,1,1,10,5,41
je-apis.com,1,1,1,1,1,0,0,1,1,0,0,0,0,1,0,8,7,167
jirafe.com,1,1,1,1,1,0,1,1,1,0,0,1,0,1,1,11,4,111
jumpseller.com,1,1,1,1,1,1,1,1,1,1,0,0,0,0,0,10,5,67
just-eat.co.uk,1,1,1,0,1,0,1,1,1,0,0,0,0,0,0,7,8,60
koomalooma.com,1,1,1,1,1,0,1,1,1,0,0,1,1,0,1,11,4,181
kubernetes.io,1,1,1,0,1,0,0,1,1,0,0,1,1,0,0,8,7,8
landregistry.gov.uk:deed,1,1,1,1,1,0,1,1,1,0,0,0,0,0,0,8,7,19
launchdarkly.com,1,1,1,1,1,1,1,1,1,1,1,1,1,0,0,13,2,63
learnifier.com,1,1,1,0,1,0,1,1,1,0,0,0,0,0,1,8,7,63
letmc.com:basic-tier,1,1,1,0,1,0,1,1,1,0,0,1,0,0,0,8,7,26
letmc.com:customer,1,1,1,0,1,1,0,1,1,0,0,1,0,0,0,8,7,26
letmc.com:diary,1,1,1,0,1,0,1,1,1,0,0,1,0,0,0,8,7,26
letmc.com:free-tier,1,1,1,0,1,1,1,1,1,0,0,1,0,0,0,9,6,26
letmc.com:maintenance,1,1,1,0,1,1,1,1,1,0,0,1,0,0,0,9,6,26
letmc.com:reporting,1,1,1,0,1,1,1,1,1,0,0,1,0,0,0,9,6,26
link.fish,1,1,1,1,1,1,0,1,1,0,0,1,0,1,0,10,5,128
loganalytics.io:operationalinsights-OperationalInsights,1,1,1,1,1,1,1,1,1,1,0,1,1,0,0,12,3,47
lotadata.com,1,1,1,1,1,0,1,1,1,0,0,1,1,0,0,10,5,63
lufthansa.com:partner,1,1,1,1,1,1,1,1,0,0,0,1,0,0,0,9,6,63
lufthansa.com:public,1,1,1,1,1,1,1,1,1,0,0,1,0,0,0,10,5,63
lyft.com,1,1,1,1,1,1,1,1,1,1,0,1,1,1,0,13,2,100
magento.com,1,1,1,1,1,0,0,1,1,0,0,0,0,1,0,8,7,83
magick.nu,1,1,1,1,1,0,0,1,1,0,0,0,0,1,0,8,7,63
mandrillapp.com,1,1,1,1,1,0,0,1,1,0,0,1,0,0,1,9,6,63
mashape.com:geodb,1,1,1,1,1,1,1,1,1,0,0,1,1,1,0,12,3,129
mcw.edu,1,1,1,1,1,1,1,1,1,0,0,0,0,1,0,10,5,137
medium.com,1,1,1,1,1,0,1,1,1,0,0,1,0,0,1,10,5,63
miataru.com,1,1,1,1,1,1,1,1,1,0,0,0,0,0,0,9,6,63
microsoft.com:cognitiveservices-CustomSearch,1,1,1,1,1,0,1,1,1,1,0,1,1,0,0,11,4,71
microsoft.com:cognitiveservices-EntitySearch,1,1,1,1,1,0,1,1,1,1,0,1,1,0,0,11,4,71
microsoft.com:cognitiveservices-ImageSearch,1,1,1,1,1,0,1,1,1,1,0,1,1,0,0,11,4,71
microsoft.com:cognitiveservices-NewsSearch,1,1,1,1,1,0,1,1,1,1,0,1,1,0,0,11,4,71
microsoft.com:cognitiveservices-Prediction,1,1,1,1,1,0,1,1,1,1,0,0,0,0,0,9,6,71
microsoft.com:cognitiveservices-SpellCheck,1,1,1,1,1,1,1,1,1,1,0,1,1,0,0,12,3,71
microsoft.com:cognitiveservices-Training,1,1,1,1,1,0,0,1,1,1,0,0,0,0,0,8,7,71
microsoft.com:cognitiveservices-VideoSearch,1,1,1,1,1,0,1,1,1,1,0,1,1,0,0,11,4,71
microsoft.com:cognitiveservices-WebSearch,1,1,1,1,1,0,1,1,1,1,0,1,1,0,0,11,4,38
moonmoonmoonmoon.com,1,1,1,1,1,0,0,1,0,0,0,0,0,1,0,7,8,113
motaword.com,1,1,1,1,1,1,1,1,1,0,0,1,0,0,1,11,4,151
mozilla.com:kinto,1,1,1,1,1,0,1,1,0,0,0,1,0,1,0,9,6,166
nativeads.com,1,1,1,0,1,0,1,1,1,0,0,0,0,0,0,7,8,63
naviplancentral.com:factfinder,1,1,1,1,1,0,1,1,1,0,0,0,0,0,0,8,7,180
naviplancentral.com:plan,1,1,1,1,1,0,1,1,1,0,0,0,0,0,0,8,7,180
nba.com,1,1,1,1,1,0,1,1,0,0,0,0,0,0,0,7,8,63
neowsapp.com,1,1,1,1,1,1,1,1,1,0,0,0,0,1,0,10,5,133
netatmo.net,1,1,1,1,1,1,1,1,1,0,0,1,0,1,1,12,3,6
netlicensing.io,1,1,1,1,1,0,1,1,1,0,0,1,0,1,0,10,5,8
netlify.com,1,1,1,1,1,1,1,1,1,0,1,1,1,0,0,12,3,63
neutrinoapi.com,1,1,1,1,1,1,1,1,1,0,0,1,0,0,0,10,5,91
nfusionsolutions.biz,1,1,1,1,1,1,1,1,1,0,0,1,0,0,0,10,5,136
noosh.com,1,1,1,1,1,0,1,1,1,0,0,1,0,1,0,10,5,85
npr.org,1,1,1,0,1,1,1,1,1,1,1,1,0,1,1,13,2,48
nrel.gov:building-case-studies,1,1,1,1,1,0,1,1,0,0,0,1,1,1,0,10,5,125
nrel.gov:transportation-incentives-laws,1,1,1,1,1,0,0,1,1,0,0,1,1,1,0,10,5,125
nsidc.org,1,1,1,1,1,0,0,1,0,0,0,0,0,1,0,7,8,48
nytimes.com:archive,1,1,1,1,1,0,1,1,1,0,0,1,1,0,1,11,4,18
nytimes.com:article_search,1,1,1,1,1,0,1,1,1,0,0,1,1,0,1,11,4,15
nytimes.com:books_api,1,1,1,1,1,1,1,1,1,0,0,1,0,0,1,11,4,15
nytimes.com:community,1,1,1,1,1,1,1,1,1,0,0,1,0,0,1,11,4,15
nytimes.com:geo_api,1,1,1,1,1,0,1,1,1,0,0,1,1,0,1,11,4,15
nytimes.com:most_popular_api,1,1,1,1,1,1,1,1,1,1,0,1,0,0,1,12,3,15
nytimes.com:movie_reviews,1,1,1,1,1,0,1,1,1,0,0,1,1,0,1,11,4,15
nytimes.com:semantic_api,1,1,1,1,1,0,1,1,1,0,0,1,1,0,1,11,4,15
nytimes.com:times_tags,1,1,1,1,1,0,1,1,0,0,0,1,1,0,1,10,5,15
nytimes.com:timeswire,1,1,1,1,1,0,1,1,1,0,0,1,1,0,1,11,4,15
nytimes.com:top_stories,1,1,1,1,1,0,1,1,1,0,0,1,1,0,1,11,4,15
o2.cz:mobility,1,1,1,1,1,0,1,1,1,0,0,0,0,1,0,9,6,104
o2.cz:sociodemo,1,1,1,1,1,0,1,1,1,0,0,0,0,1,0,9,6,104
oceandrivers.com,1,1,1,1,1,0,1,1,0,0,0,0,0,1,0,8,7,63
omdbapi.com,1,1,1,1,1,1,1,1,1,0,0,1,0,0,1,11,4,63
openapi-converter.herokuapp.com,1,1,1,1,1,1,1,1,0,0,0,0,1,1,1,11,4,41
openbanking.org.uk,1,1,1,1,1,0,1,1,0,0,0,0,0,1,0,8,7,60
opencagedata.com,1,1,1,1,1,1,1,1,1,0,0,0,0,0,1,10,5,96
opendatasoft.com,1,1,1,1,1,0,1,1,1,1,0,1,1,1,0,12,3,63
openfintech.io,1,1,1,1,1,0,1,1,1,1,0,0,0,1,0,10,5,8
openstf.io,1,1,1,1,1,1,1,1,1,0,0,1,0,1,0,11,4,8
opentargets.io,1,1,1,1,1,1,1,1,0,0,0,0,0,1,0,9,6,8
orghunter.com,1,1,1,1,1,0,0,1,0,0,0,1,1,1,0,9,6,63
osf.io,1,1,1,1,1,0,0,1,0,0,0,0,0,1,0,7,8,8
osisoft.com,1,1,1,1,1,0,1,1,1,0,0,0,0,0,0,8,7,63
owler.com,1,1,1,1,1,0,1,1,1,0,0,1,1,1,0,11,4,63
oxforddictionaries.com,1,1,1,1,1,0,1,1,1,1,0,0,0,0,0,9,6,185
paccurate.io,1,1,1,0,1,1,1,1,1,0,0,0,0,0,0,8,7,8
pandorabots.com,1,1,1,1,1,0,0,1,0,0,0,1,1,1,0,9,6,198
passwordutility.net,1,1,1,0,1,1,1,1,1,0,0,0,0,0,0,8,7,6
patientview.org,1,1,1,1,1,1,0,1,1,0,0,0,0,1,0,9,6,48
paylocity.com,1,1,1,1,1,1,1,1,1,0,0,1,0,0,0,10,5,63
payments.service.gov.uk:payments,1,1,1,0,1,0,1,1,1,0,0,0,0,1,0,8,7,19
payrun.io,1,1,1,1,1,1,1,1,1,0,0,0,0,0,1,10,5,8
peel-ci.com,1,1,1,1,1,0,1,1,0,0,0,0,0,1,0,8,7,37
personio.de:authentication,1,1,1,1,1,1,1,1,1,0,0,0,0,0,0,9,6,84
personio.de:personnel,1,1,1,1,1,1,1,1,1,0,0,1,0,0,0,10,5,84
phila.gov:pollingplaces,1,1,1,1,1,0,1,1,1,0,0,0,0,0,0,8,7,188
polygon.io,1,1,1,0,1,0,1,1,1,0,0,1,1,0,0,9,6,8
postmarkapp.com:account,1,1,1,1,1,1,1,1,1,0,1,0,0,0,0,10,5,135
postmarkapp.com:server,1,1,1,1,1,1,1,1,1,0,1,0,0,0,0,10,5,135
posty-api.herokuapp.com,1,1,1,1,1,0,1,1,0,0,0,0,0,1,0,8,7,41
ptv.vic.gov.au,1,1,1,0,1,1,1,1,1,0,0,0,0,0,0,8,7,140
qualpay.com,1,1,1,1,1,1,1,1,1,0,0,1,0,1,0,11,4,63
quotes.rest,1,1,1,0,1,1,1,1,1,0,0,0,0,1,0,9,6,102
rbaskets.in,1,1,1,1,1,1,1,1,1,0,0,1,0,1,0,11,4,42
rebilly.com,1,1,1,1,1,1,1,1,1,1,1,1,1,1,0,14,1,63
receptive.io,1,1,1,0,1,0,1,1,1,1,1,1,1,0,0,11,4,8
refugerestrooms.org,1,1,1,1,1,0,1,1,0,0,0,0,0,1,0,8,7,48
reverb.com,1,1,1,1,1,1,1,1,1,0,0,1,0,0,1,11,4,39
ritc.io,1,1,1,1,1,1,1,1,1,0,0,1,0,0,0,10,5,8
ritekit.com,1,1,1,1,1,0,0,1,1,0,0,0,0,0,0,7,8,63
roaring.io,1,1,1,1,1,0,0,1,1,0,0,1,0,0,0,8,7,8
rottentomatoes.com,1,1,1,1,1,1,1,1,1,0,0,1,1,1,1,13,2,194
rummblelabs.com,1,1,1,0,1,0,1,1,1,0,0,0,0,0,0,7,8,63
runscope.com,1,1,1,1,1,0,1,1,1,1,1,1,1,0,0,12,3,118
salesloft.com,1,1,1,0,1,0,0,1,1,0,0,1,0,1,0,8,7,63
schooldigger.com,1,1,1,0,1,1,1,1,1,0,0,0,0,0,0,8,7,177
scrapewebsite.email,1,1,1,1,1,0,1,1,0,0,0,0,0,1,0,8,7,63
selectpdf.com,1,1,1,1,1,1,1,1,1,0,0,0,0,0,0,9,6,63
semantria.com,1,1,1,1,1,0,1,1,1,0,0,0,0,1,1,10,5,63
sendgrid.com,1,1,1,1,1,0,0,1,1,1,0,1,0,0,1,10,5,63
shipstation.com,1,1,1,1,1,0,0,1,1,0,0,0,0,0,0,7,8,153
simplyrets.com,1,1,1,1,1,1,1,1,1,0,0,1,0,0,0,10,5,110
slack.com,1,1,1,1,1,0,1,1,1,0,0,1,0,0,1,10,5,63
slicebox.local,1,1,1,1,1,1,1,1,1,0,0,0,0,1,0,10,5,186
slideroom.com,1,1,1,0,1,0,1,1,1,0,0,0,0,0,0,7,8,63
smart-me.com,1,1,1,0,1,0,0,1,1,0,0,1,0,0,0,7,8,158
solarvps.com,1,1,1,1,1,0,1,1,0,0,0,1,0,1,0,9,6,44
spectrocoin.com,1,1,1,1,1,1,1,1,1,0,0,0,0,1,0,10,5,123
spinbot.net,1,1,1,1,1,1,1,1,0,0,0,1,1,1,1,12,3,6
spinitron.com,1,1,1,1,1,0,1,1,1,1,0,1,0,1,0,11,4,63
spotify.com,1,1,1,1,1,1,1,1,1,0,0,1,0,0,1,11,4,63
squareup.com,1,1,1,0,1,1,1,1,1,0,0,1,0,0,1,10,5,63
stackexchange.com,1,1,1,1,1,0,0,1,1,0,0,1,0,0,1,9,6,63
staging-ecotaco.com,1,1,1,1,1,0,0,1,1,0,0,0,0,0,0,7,8,173
statsocial.com,1,1,1,1,1,0,1,1,1,0,0,1,1,0,1,11,4,63
stoplight.io,1,1,1,1,1,1,1,1,1,0,1,1,0,0,0,11,4,8
storecove.com,1,1,1,1,1,1,1,1,1,0,0,1,1,1,0,12,3,178
stripe.com,1,1,1,0,1,1,1,1,1,0,0,0,0,0,0,8,7,63
surrey.ca:open511,1,1,1,1,1,0,1,1,0,0,0,0,0,1,0,8,7,66
surrey.ca:trafficloops,1,1,1,1,1,0,1,1,0,0,0,0,0,1,0,8,7,66
swagger.io:generator,1,1,1,1,1,0,0,1,1,0,0,0,0,1,0,8,7,8
swaggerhub.com,1,1,1,0,1,0,1,1,1,0,0,1,0,1,0,9,6,63
synq.fm,1,1,1,1,1,1,0,1,1,0,1,0,0,0,0,9,6,63
taggun.io,1,1,1,1,1,0,0,1,1,0,0,1,0,1,0,9,6,8
taxamo.com,1,1,1,1,1,1,1,1,1,0,0,1,0,1,0,11,4,63
taxrates.io,1,1,1,1,1,1,1,1,1,0,0,1,0,0,0,10,5,8
tfl.gov.uk,1,1,1,0,1,1,0,1,1,0,0,1,0,0,0,8,7,19
thenounproject.com,1,1,1,1,1,0,1,1,0,0,0,0,0,1,1,9,6,63
thesmsworks.co.uk,1,1,1,1,1,1,1,1,1,0,0,1,0,0,0,10,5,60
thetvdb.com,1,1,1,1,1,1,1,1,1,1,0,1,0,1,0,12,3,63
traccar.org,1,1,1,1,1,1,1,1,1,1,0,1,1,0,0,12,3,48
transavia.com,1,1,1,1,1,0,1,1,1,0,0,1,1,0,0,10,5,161
trello.com,1,1,1,1,1,0,0,1,1,0,0,1,0,1,1,10,5,168
turbinelabs.io,1,1,1,1,1,0,1,1,1,0,0,1,1,1,0,11,4,8
tvmaze.com,1,1,1,1,1,1,1,1,1,0,0,1,1,0,0,11,4,63
twilio.com,1,1,1,1,1,0,0,1,1,0,0,1,0,0,1,9,6,103
twinehealth.com,1,1,1,1,1,1,1,1,1,0,0,1,0,1,0,11,4,63
twitter.com,1,1,1,1,1,0,0,1,0,0,0,0,0,0,0,6,9,63
tyk.com,1,1,1,0,1,0,0,1,1,0,0,0,0,0,0,6,9,63
uebermaps.com,1,1,1,1,1,1,1,1,1,0,0,0,0,0,0,9,6,155
vatapi.com,1,1,1,1,1,0,0,1,1,0,0,1,1,1,0,10,5,80
versioneye.com,1,1,1,1,1,0,1,1,0,0,0,0,0,1,0,8,7,63
vestorly.com,1,1,1,1,1,0,0,1,1,0,0,1,0,1,1,10,5,63
victorops.com,1,1,1,1,1,0,1,1,1,1,1,0,0,1,0,11,4,191
visagecloud.com,1,1,1,1,1,0,0,1,1,0,0,0,0,1,0,8,7,63
vocadb.net,1,1,1,0,1,0,0,1,1,0,0,0,0,0,0,6,9,6
voodoomfg.com,1,1,1,1,1,0,1,1,1,0,0,1,1,0,0,10,5,63
waag.org,1,1,1,1,1,0,1,1,0,0,0,0,0,1,0,8,7,48
watchful.li,1,1,1,1,1,0,0,1,1,0,0,0,0,1,1,9,6,63
waterlinked.com,1,1,1,0,1,1,1,1,1,0,1,0,0,0,0,9,6,63
wavecell.com,1,1,1,1,1,0,1,1,1,0,0,1,0,0,0,9,6,63
wealthport.com,1,1,1,1,1,0,0,1,1,0,0,1,0,1,0,9,6,63
weatherbit.io,1,1,1,1,1,0,1,1,1,0,0,0,0,0,0,8,7,8
weber-gesamtausgabe.de,1,1,1,1,1,0,1,1,1,1,0,0,0,1,0,10,5,144
whapi.com:accounts,1,1,1,1,1,1,1,1,1,1,0,1,1,0,0,12,3,30
whapi.com:bets,1,1,1,1,1,1,1,1,1,1,0,1,1,0,0,12,3,30
whapi.com:locations,1,1,1,1,1,1,1,1,1,1,0,1,1,0,0,12,3,30
whapi.com:numbers,1,1,1,1,1,1,1,1,1,0,0,1,1,0,0,11,4,30
whapi.com:sessions,1,1,1,1,1,0,0,1,1,1,0,1,1,0,0,10,5,30
whapi.com:sportsdata,1,1,1,1,1,1,1,1,1,1,0,0,0,0,0,10,5,30
who-hosts-this.com,1,1,1,1,1,0,1,1,0,0,0,1,1,0,1,10,5,147
wikimedia.org,1,1,1,1,1,0,0,1,1,0,0,1,0,1,0,9,6,48
windows.net:batch-BatchService,1,1,1,0,1,1,1,1,1,1,0,0,0,0,0,9,6,132
windows.net:graphrbac,1,1,1,0,1,1,1,1,1,1,0,1,1,0,0,11,4,6
winning.email,1,1,1,1,1,1,1,1,1,0,0,1,1,1,0,12,3,63
winsms.co.za,1,1,1,1,1,1,1,1,1,0,0,1,1,0,0,11,4,63
wmata.com:bus-realtime,1,1,1,1,1,0,0,1,0,0,0,1,1,0,0,8,7,16
wmata.com:bus-route,1,1,1,1,1,0,0,1,0,0,0,1,1,0,0,8,7,16
wmata.com:incidents,1,1,1,1,1,0,0,1,0,0,0,1,1,0,0,8,7,16
wmata.com:rail-realtime,1,1,1,1,1,0,0,1,0,0,0,1,1,0,0,8,7,16
wmata.com:rail-station,1,1,1,1,1,0,0,1,0,0,0,1,1,0,0,8,7,16
wordassociations.net,1,1,1,1,1,1,1,1,1,0,0,1,1,0,0,11,4,6
wordnik.com,1,1,1,1,1,0,0,1,1,0,0,1,1,1,1,11,4,63
wowza.com,1,1,1,1,1,1,1,1,1,1,0,1,1,1,1,14,1,63
wso2apistore.com:transform,1,1,1,1,1,0,0,1,0,0,0,1,0,0,0,7,8,190
xero.com,1,1,1,1,1,1,1,1,1,1,1,0,0,1,0,12,3,63
xkcd.com,1,1,1,1,1,0,0,1,1,0,0,1,0,0,1,9,6,63
yunbi.com,1,1,1,1,1,0,1,1,0,0,0,0,0,1,0,8,7,90
zalando.com,1,1,1,1,1,0,1,1,1,1,0,0,0,0,0,9,6,63
zappiti.com,1,1,1,1,1,1,1,1,1,0,0,0,0,0,0,9,6,79
zoom.us,1,1,1,1,1,1,1,1,1,1,0,1,1,1,1,14,1,36
zoomconnect.com,1,1,1,1,1,0,1,1,1,0,0,1,0,1,0,10,5,63
zuora.com,1,1,1,1,1,1,1,1,1,1,0,0,0,1,0,11,4,199
