"","X","swagger","info","host","basePath","schemes","consumes","produces","paths","definitions","parameters","responses","securityDefinitions","security","tags","externalDocs","pam_fit$clustering"
"1","1forge.com",1,1,1,1,1,0,1,1,0,0,0,0,0,0,0,1
"2","6-dot-authentiqio.appspot.com",1,1,1,1,1,0,0,1,1,1,1,0,0,0,0,1
"3","adafruit.com",1,1,1,1,1,0,1,1,1,1,0,1,1,0,0,2
"4","adobe.com:aem",1,1,1,1,1,0,0,1,1,0,0,1,1,0,0,1
"5","afterbanks.com",1,1,1,1,1,0,1,1,1,0,0,0,0,0,0,1
"6","agco-ats.com",1,1,1,0,1,0,0,1,1,0,0,0,0,0,0,1
"7","airport-web.appspot.com",1,1,1,1,1,1,1,1,1,0,0,1,0,0,0,1
"8","amadeus.com",1,1,1,1,1,0,1,1,1,0,0,1,1,0,0,1
"9","amazonaws.com:AWSMigrationHub",1,1,1,1,1,1,1,1,1,1,0,1,1,0,1,3
"10","amazonaws.com:acm",1,1,1,1,1,1,1,1,1,1,0,1,1,0,1,3
"11","amazonaws.com:alexaforbusiness",1,1,1,1,1,1,1,1,1,1,0,1,1,0,1,3
"12","amazonaws.com:apigateway",1,1,1,1,1,1,1,1,1,1,0,1,1,0,1,3
"13","amazonaws.com:application-autoscaling",1,1,1,1,1,1,1,1,1,1,0,1,1,0,1,3
"14","amazonaws.com:appstream",1,1,1,1,1,1,1,1,1,1,0,1,1,0,1,3
"15","amazonaws.com:appsync",1,1,1,1,1,1,1,1,1,1,0,1,1,0,1,3
"16","amazonaws.com:athena",1,1,1,1,1,1,1,1,1,1,0,1,1,0,1,3
"17","amazonaws.com:autoscaling",1,1,1,1,1,1,1,1,1,1,0,1,1,0,1,3
"18","amazonaws.com:autoscaling-plans",1,1,1,1,1,1,1,1,1,1,0,1,1,0,1,3
"19","amazonaws.com:batch",1,1,1,1,1,1,1,1,1,1,0,1,1,0,1,3
"20","amazonaws.com:budgets",1,1,1,1,1,1,1,1,1,1,0,1,1,0,1,3
"21","amazonaws.com:ce",1,1,1,1,1,1,1,1,1,1,0,1,1,0,1,3
"22","amazonaws.com:cloud9",1,1,1,1,1,1,1,1,1,1,0,1,1,0,1,3
"23","amazonaws.com:clouddirectory",1,1,1,1,1,1,1,1,1,1,0,1,1,0,1,3
"24","amazonaws.com:cloudformation",1,1,1,1,1,1,1,1,1,1,0,1,1,0,1,3
"25","amazonaws.com:cloudfront",1,1,1,1,1,1,1,1,1,1,0,1,1,0,1,3
"26","amazonaws.com:cloudhsm",1,1,1,1,1,1,1,1,1,1,0,1,1,0,1,3
"27","amazonaws.com:cloudhsmv2",1,1,1,1,1,1,1,1,1,1,0,1,1,0,1,3
"28","amazonaws.com:cloudsearch",1,1,1,1,1,1,1,1,1,1,0,1,1,0,1,3
"29","amazonaws.com:cloudsearchdomain",1,1,1,1,1,1,1,1,1,1,0,1,1,0,1,3
"30","amazonaws.com:cloudtrail",1,1,1,1,1,1,1,1,1,1,0,1,1,0,1,3
"31","amazonaws.com:codebuild",1,1,1,1,1,1,1,1,1,1,0,1,1,0,1,3
"32","amazonaws.com:codecommit",1,1,1,1,1,1,1,1,1,1,0,1,1,0,1,3
"33","amazonaws.com:codedeploy",1,1,1,1,1,1,1,1,1,1,0,1,1,0,1,3
"34","amazonaws.com:codepipeline",1,1,1,1,1,1,1,1,1,1,0,1,1,0,1,3
"35","amazonaws.com:codestar",1,1,1,1,1,1,1,1,1,1,0,1,1,0,1,3
"36","amazonaws.com:cognito-identity",1,1,1,1,1,1,1,1,1,1,0,1,1,0,1,3
"37","amazonaws.com:cognito-idp",1,1,1,1,1,1,1,1,1,1,0,1,1,0,1,3
"38","amazonaws.com:cognito-sync",1,1,1,1,1,1,1,1,1,1,0,1,1,0,1,3
"39","amazonaws.com:comprehend",1,1,1,1,1,1,1,1,1,1,0,1,1,0,1,3
"40","amazonaws.com:config",1,1,1,1,1,1,1,1,1,1,0,1,1,0,1,3
"41","amazonaws.com:cur",1,1,1,1,1,1,1,1,1,1,0,1,1,0,1,3
"42","amazonaws.com:datapipeline",1,1,1,1,1,1,1,1,1,1,0,1,1,0,1,3
"43","amazonaws.com:dax",1,1,1,1,1,1,1,1,1,1,0,1,1,0,1,3
"44","amazonaws.com:devicefarm",1,1,1,1,1,1,1,1,1,1,0,1,1,0,1,3
"45","amazonaws.com:directconnect",1,1,1,1,1,1,1,1,1,1,0,1,1,0,1,3
"46","amazonaws.com:discovery",1,1,1,1,1,1,1,1,1,1,0,1,1,0,1,3
"47","amazonaws.com:dms",1,1,1,1,1,1,1,1,1,1,0,1,1,0,1,3
"48","amazonaws.com:ds",1,1,1,1,1,1,1,1,1,1,0,1,1,0,1,3
"49","amazonaws.com:dynamodb",1,1,1,1,1,1,1,1,1,1,0,1,1,0,1,3
"50","amazonaws.com:ec2",1,1,1,1,1,1,1,1,1,1,0,1,1,0,1,3
"51","amazonaws.com:ecr",1,1,1,1,1,1,1,1,1,1,0,1,1,0,1,3
"52","amazonaws.com:ecs",1,1,1,1,1,1,1,1,1,1,0,1,1,0,1,3
"53","amazonaws.com:elasticache",1,1,1,1,1,1,1,1,1,1,0,1,1,0,1,3
"54","amazonaws.com:elasticbeanstalk",1,1,1,1,1,1,1,1,1,1,0,1,1,0,1,3
"55","amazonaws.com:elasticfilesystem",1,1,1,1,1,1,1,1,1,1,0,1,1,0,1,3
"56","amazonaws.com:elasticloadbalancing",1,1,1,1,1,1,1,1,1,1,0,1,1,0,1,3
"57","amazonaws.com:elasticloadbalancingv2",1,1,1,1,1,1,1,1,1,1,0,1,1,0,1,3
"58","amazonaws.com:elasticmapreduce",1,1,1,1,1,1,1,1,1,1,0,1,1,0,1,3
"59","amazonaws.com:elastictranscoder",1,1,1,1,1,1,1,1,1,1,0,1,1,0,1,3
"60","amazonaws.com:email",1,1,1,1,1,1,1,1,1,1,0,1,1,0,1,3
"61","amazonaws.com:entitlement.marketplace",1,1,1,1,1,1,1,1,1,1,0,1,1,0,1,3
"62","amazonaws.com:es",1,1,1,1,1,1,1,1,1,1,0,1,1,0,1,3
"63","amazonaws.com:events",1,1,1,1,1,1,1,1,1,1,0,1,1,0,1,3
"64","amazonaws.com:firehose",1,1,1,1,1,1,1,1,1,1,0,1,1,0,1,3
"65","amazonaws.com:gamelift",1,1,1,1,1,1,1,1,1,1,0,1,1,0,1,3
"66","amazonaws.com:glacier",1,1,1,1,1,1,1,1,1,1,0,1,1,0,1,3
"67","amazonaws.com:glue",1,1,1,1,1,1,1,1,1,1,0,1,1,0,1,3
"68","amazonaws.com:greengrass",1,1,1,1,1,1,1,1,1,1,0,1,1,0,1,3
"69","amazonaws.com:guardduty",1,1,1,1,1,1,1,1,1,1,0,1,1,0,1,3
"70","amazonaws.com:health",1,1,1,1,1,1,1,1,1,1,0,1,1,0,1,3
"71","amazonaws.com:iam",1,1,1,1,1,1,1,1,1,1,0,1,1,0,1,3
"72","amazonaws.com:importexport",1,1,1,1,1,1,1,1,1,1,0,1,1,0,1,3
"73","amazonaws.com:inspector",1,1,1,1,1,1,1,1,1,1,0,1,1,0,1,3
"74","amazonaws.com:iot",1,1,1,1,1,1,1,1,1,1,0,1,1,0,1,3
"75","amazonaws.com:iot-data",1,1,1,1,1,1,1,1,1,1,0,1,1,0,1,3
"76","amazonaws.com:iot-jobs-data",1,1,1,1,1,1,1,1,1,1,0,1,1,0,1,3
"77","amazonaws.com:kinesis",1,1,1,1,1,1,1,1,1,1,0,1,1,0,1,3
"78","amazonaws.com:kinesis-video-archived-media",1,1,1,1,1,1,1,1,1,1,0,1,1,0,1,3
"79","amazonaws.com:kinesis-video-media",1,1,1,1,1,1,1,1,1,1,0,1,1,0,1,3
"80","amazonaws.com:kinesisanalytics",1,1,1,1,1,1,1,1,1,1,0,1,1,0,1,3
"81","amazonaws.com:kinesisvideo",1,1,1,1,1,1,1,1,1,1,0,1,1,0,1,3
"82","amazonaws.com:kms",1,1,1,1,1,1,1,1,1,1,0,1,1,0,1,3
"83","amazonaws.com:lambda",1,1,1,1,1,1,1,1,1,1,0,1,1,0,1,3
"84","amazonaws.com:lex-models",1,1,1,1,1,1,1,1,1,1,0,1,1,0,1,3
"85","amazonaws.com:lightsail",1,1,1,1,1,1,1,1,1,1,0,1,1,0,1,3
"86","amazonaws.com:logs",1,1,1,1,1,1,1,1,1,1,0,1,1,0,1,3
"87","amazonaws.com:machinelearning",1,1,1,1,1,1,1,1,1,1,0,1,1,0,1,3
"88","amazonaws.com:marketplacecommerceanalytics",1,1,1,1,1,1,1,1,1,1,0,1,1,0,1,3
"89","amazonaws.com:mediaconvert",1,1,1,1,1,1,1,1,1,1,0,1,1,0,1,3
"90","amazonaws.com:medialive",1,1,1,1,1,1,1,1,1,1,0,1,1,0,1,3
"91","amazonaws.com:mediapackage",1,1,1,1,1,1,1,1,1,1,0,1,1,0,1,3
"92","amazonaws.com:mediastore",1,1,1,1,1,1,1,1,1,1,0,1,1,0,1,3
"93","amazonaws.com:mediastore-data",1,1,1,1,1,1,1,1,1,1,0,1,1,0,1,3
"94","amazonaws.com:meteringmarketplace",1,1,1,1,1,1,1,1,1,1,0,1,1,0,1,3
"95","amazonaws.com:mobile",1,1,1,1,1,1,1,1,1,1,0,1,1,0,1,3
"96","amazonaws.com:mobileanalytics",1,1,1,1,1,1,1,1,1,1,0,1,1,0,1,3
"97","amazonaws.com:monitoring",1,1,1,1,1,1,1,1,1,1,0,1,1,0,1,3
"98","amazonaws.com:mq",1,1,1,1,1,1,1,1,1,1,0,1,1,0,1,3
"99","amazonaws.com:mturk-requester",1,1,1,1,1,1,1,1,1,1,0,1,1,0,1,3
"100","amazonaws.com:opsworks",1,1,1,1,1,1,1,1,1,1,0,1,1,0,1,3
"101","amazonaws.com:opsworkscm",1,1,1,1,1,1,1,1,1,1,0,1,1,0,1,3
"102","amazonaws.com:organizations",1,1,1,1,1,1,1,1,1,1,0,1,1,0,1,3
"103","amazonaws.com:pinpoint",1,1,1,1,1,1,1,1,1,1,0,1,1,0,1,3
"104","amazonaws.com:polly",1,1,1,1,1,1,1,1,1,1,0,1,1,0,1,3
"105","amazonaws.com:pricing",1,1,1,1,1,1,1,1,1,1,0,1,1,0,1,3
"106","amazonaws.com:rds",1,1,1,1,1,1,1,1,1,1,0,1,1,0,1,3
"107","amazonaws.com:redshift",1,1,1,1,1,1,1,1,1,1,0,1,1,0,1,3
"108","amazonaws.com:rekognition",1,1,1,1,1,1,1,1,1,1,0,1,1,0,1,3
"109","amazonaws.com:resource-groups",1,1,1,1,1,1,1,1,1,1,0,1,1,0,1,3
"110","amazonaws.com:resourcegroupstaggingapi",1,1,1,1,1,1,1,1,1,1,0,1,1,0,1,3
"111","amazonaws.com:route53",1,1,1,1,1,1,1,1,1,1,0,1,1,0,1,3
"112","amazonaws.com:route53domains",1,1,1,1,1,1,1,1,1,1,0,1,1,0,1,3
"113","amazonaws.com:runtime.lex",1,1,1,1,1,1,1,1,1,1,0,1,1,0,1,3
"114","amazonaws.com:runtime.sagemaker",1,1,1,1,1,1,1,1,1,1,0,1,1,0,1,3
"115","amazonaws.com:s3",1,1,1,1,1,1,1,1,1,1,0,1,1,0,1,3
"116","amazonaws.com:sagemaker",1,1,1,1,1,1,1,1,1,1,0,1,1,0,1,3
"117","amazonaws.com:sdb",1,1,1,1,1,1,1,1,1,1,0,1,1,0,1,3
"118","amazonaws.com:serverlessrepo",1,1,1,1,1,1,1,1,1,1,0,1,1,0,1,3
"119","amazonaws.com:servicecatalog",1,1,1,1,1,1,1,1,1,1,0,1,1,0,1,3
"120","amazonaws.com:servicediscovery",1,1,1,1,1,1,1,1,1,1,0,1,1,0,1,3
"121","amazonaws.com:shield",1,1,1,1,1,1,1,1,1,1,0,1,1,0,1,3
"122","amazonaws.com:sms",1,1,1,1,1,1,1,1,1,1,0,1,1,0,1,3
"123","amazonaws.com:snowball",1,1,1,1,1,1,1,1,1,1,0,1,1,0,1,3
"124","amazonaws.com:sns",1,1,1,1,1,1,1,1,1,1,0,1,1,0,1,3
"125","amazonaws.com:sqs",1,1,1,1,1,1,1,1,1,1,0,1,1,0,1,3
"126","amazonaws.com:ssm",1,1,1,1,1,1,1,1,1,1,0,1,1,0,1,3
"127","amazonaws.com:states",1,1,1,1,1,1,1,1,1,1,0,1,1,0,1,3
"128","amazonaws.com:storagegateway",1,1,1,1,1,1,1,1,1,1,0,1,1,0,1,3
"129","amazonaws.com:streams.dynamodb",1,1,1,1,1,1,1,1,1,1,0,1,1,0,1,3
"130","amazonaws.com:sts",1,1,1,1,1,1,1,1,1,1,0,1,1,0,1,3
"131","amazonaws.com:support",1,1,1,1,1,1,1,1,1,1,0,1,1,0,1,3
"132","amazonaws.com:swf",1,1,1,1,1,1,1,1,1,1,0,1,1,0,1,3
"133","amazonaws.com:transcribe",1,1,1,1,1,1,1,1,1,1,0,1,1,0,1,3
"134","amazonaws.com:translate",1,1,1,1,1,1,1,1,1,1,0,1,1,0,1,3
"135","amazonaws.com:waf",1,1,1,1,1,1,1,1,1,1,0,1,1,0,1,3
"136","amazonaws.com:waf-regional",1,1,1,1,1,1,1,1,1,1,0,1,1,0,1,3
"137","amazonaws.com:workdocs",1,1,1,1,1,1,1,1,1,1,0,1,1,0,1,3
"138","amazonaws.com:workmail",1,1,1,1,1,1,1,1,1,1,0,1,1,0,1,3
"139","amazonaws.com:workspaces",1,1,1,1,1,1,1,1,1,1,0,1,1,0,1,3
"140","amazonaws.com:xray",1,1,1,1,1,1,1,1,1,1,0,1,1,0,1,3
"141","anchore.io",1,1,1,1,1,1,1,1,1,0,0,1,1,1,0,4
"142","apache.org:qakka",1,1,1,0,1,0,0,1,1,0,0,0,0,1,0,4
"143","apacta.com",1,1,1,1,1,1,1,1,1,0,0,1,0,1,0,4
"144","api2cart.com",1,1,1,1,1,0,1,1,1,0,0,1,0,1,1,1
"145","apigee.net:marketcheck-cars",1,1,1,1,1,0,1,1,1,1,0,0,0,0,1,1
"146","apimatic.io",1,1,1,1,1,1,1,1,0,0,0,1,1,0,1,3
"147","apis.guru",1,1,1,1,1,0,1,1,1,0,0,0,1,1,1,4
"148","apitore.com:2chMatomeFeedsApis",1,1,1,1,1,1,1,1,1,0,0,0,0,1,0,4
"149","apitore.com:certificateFeedsApis",1,1,1,1,1,1,1,1,1,0,0,0,0,1,0,4
"150","apitore.com:cosineSimilarity",1,1,1,1,1,1,1,1,1,0,0,0,0,1,0,4
"151","apitore.com:designFeedsApis",1,1,1,1,1,1,1,1,1,0,0,0,0,1,0,4
"152","apitore.com:documentFrequencyApis",1,1,1,1,1,1,1,1,1,0,0,0,0,1,0,4
"153","apitore.com:gameFeedsApis",1,1,1,1,1,1,1,1,1,0,0,0,0,1,0,4
"154","apitore.com:japaneseWordnetApis",1,1,1,1,1,1,1,1,1,0,0,0,0,1,0,4
"155","apitore.com:kmeansClusteringByWord2vec",1,1,1,1,1,1,1,1,1,0,0,0,0,1,0,4
"156","apitore.com:kuromojiApis",1,1,1,1,1,1,1,1,1,0,0,0,0,1,0,4
"157","apitore.com:languageDetectionApis",1,1,1,1,1,1,1,1,1,0,0,0,0,1,0,4
"158","apitore.com:newsFeedsApis",1,1,1,1,1,1,1,1,1,0,0,0,0,1,0,4
"159","apitore.com:pioneerBlogFeedsApis",1,1,1,1,1,1,1,1,1,0,0,0,0,1,0,4
"160","apitore.com:rss2jsonApis",1,1,1,1,1,1,1,1,1,0,0,0,0,1,0,4
"161","apitore.com:sentenceSeparatorApis",1,1,1,1,1,1,1,1,1,0,0,0,0,1,0,4
"162","apitore.com:sentenceSimilarity",1,1,1,1,1,1,1,1,1,0,0,0,0,1,0,4
"163","apitore.com:sentencepieceApis_tweet_",1,1,1,1,1,1,1,1,1,0,0,0,0,1,0,4
"164","apitore.com:sentencepieceApis_wikipedia_",1,1,1,1,1,1,1,1,1,0,0,0,0,1,0,4
"165","apitore.com:sentimentApis",1,1,1,1,1,1,1,1,1,0,0,0,0,1,0,4
"166","apitore.com:synonymApis",1,1,1,1,1,1,1,1,1,0,0,0,0,1,0,4
"167","apitore.com:techFeedsApis",1,1,1,1,1,1,1,1,1,0,0,0,0,1,0,4
"168","apitore.com:text2labelByTfidfApis",1,1,1,1,1,1,1,1,1,0,0,0,0,1,0,4
"169","apitore.com:text2labelByWordVectorApis",1,1,1,1,1,1,1,1,1,0,0,0,0,1,0,4
"170","apitore.com:travelFeedsApis",1,1,1,1,1,1,1,1,1,0,0,0,0,1,0,4
"171","apitore.com:tweetSummarizationApis",1,1,1,1,1,1,1,1,1,0,0,0,0,1,0,4
"172","apitore.com:twitterApis",1,1,1,1,1,1,1,1,1,0,0,0,0,1,0,4
"173","apitore.com:twitterApisWithSentimentByApitoreSentimentApi",1,1,1,1,1,1,1,1,1,0,0,0,0,1,0,4
"174","apitore.com:twitterApisWithWord2vecQueryExpansion",1,1,1,1,1,1,1,1,1,0,0,0,0,1,0,4
"175","apitore.com:twitterApisWithWord2vecQueryExpansion,AndAddSentimentByApitoreSentimentApi",1,1,1,1,1,1,1,1,1,0,0,0,0,1,0,4
"176","apitore.com:url2hrefApis",1,1,1,1,1,1,1,1,1,0,0,0,0,1,0,4
"177","apitore.com:url2htmlApis",1,1,1,1,1,1,1,1,1,0,0,0,0,1,0,4
"178","apitore.com:url2labelByTfidfApis",1,1,1,1,1,1,1,1,1,0,0,0,0,1,0,4
"179","apitore.com:url2labelByWordVectorApis",1,1,1,1,1,1,1,1,1,0,0,0,0,1,0,4
"180","apitore.com:url2srcApis",1,1,1,1,1,1,1,1,1,0,0,0,0,1,0,4
"181","apitore.com:url2textApis",1,1,1,1,1,1,1,1,1,0,0,0,0,1,0,4
"182","apitore.com:word2vecApis",1,1,1,1,1,1,1,1,1,0,0,0,0,1,0,4
"183","apitore.com:wordnetApis",1,1,1,1,1,1,1,1,1,0,0,0,0,1,0,4
"184","apitore.com:wordnetHypernymApis",1,1,1,1,1,1,1,1,1,0,0,0,0,1,0,4
"185","apitore.com:wordnetHyponymApis",1,1,1,1,1,1,1,1,1,0,0,0,0,1,0,4
"186","apitore.com:wordnetSimilarityApis",1,1,1,1,1,1,1,1,1,0,0,0,0,1,0,4
"187","apitore.com:wordnetSynonymApis",1,1,1,1,1,1,1,1,1,0,0,0,0,1,0,4
"188","apitore.com:wordnetTranslationApis",1,1,1,1,1,1,1,1,1,0,0,0,0,1,0,4
"189","apitore.com:wordsToVectorsApis",1,1,1,1,1,1,1,1,1,0,0,0,0,1,0,4
"190","applicationinsights.io:applicationinsights-AppInsights",1,1,1,1,1,1,1,1,1,1,0,1,1,0,0,2
"191","appveyor.com",1,1,1,1,1,1,1,1,1,1,1,1,1,1,1,3
"192","archive.org:search",1,1,1,1,1,0,1,1,1,1,0,0,0,0,0,1
"193","archive.org:wayback",1,1,1,1,1,0,1,1,1,1,1,0,0,0,0,1
"194","art19.com",1,1,1,1,1,1,1,1,1,0,0,1,1,0,0,2
"195","ato.gov.au",1,1,1,1,1,1,1,1,1,1,1,0,0,1,0,4
"196","aucklandmuseum.com",1,1,1,0,1,0,0,1,0,0,0,0,0,1,0,4
"197","authentiq.io",1,1,1,1,1,1,1,1,1,1,1,1,0,0,1,3
"198","avaza.com",1,1,1,0,1,0,1,1,1,0,0,1,0,0,0,1
"199","aviationdata.systems",1,1,1,0,1,1,1,1,1,0,0,1,0,0,0,1
"200","azure.com:advisor",1,1,1,0,1,1,1,1,1,1,0,1,1,0,0,2
"201","azure.com:analysisservices",1,1,1,0,1,1,1,1,1,1,0,1,1,0,0,2
"202","azure.com:apimanagement",1,1,1,0,1,1,1,1,1,1,0,1,1,0,0,2
"203","azure.com:apimanagement-apimapis",1,1,1,0,1,1,1,1,1,1,0,1,1,0,0,2
"204","azure.com:apimanagement-apimauthorizationservers",1,1,1,0,1,1,1,1,1,1,0,1,1,0,0,2
"205","azure.com:apimanagement-apimbackends",1,1,1,0,1,1,1,1,1,1,0,1,1,0,0,2
"206","azure.com:apimanagement-apimcertificates",1,1,1,0,1,1,1,1,1,1,0,1,1,0,0,2
"207","azure.com:apimanagement-apimdeployment",1,1,1,0,1,1,1,1,1,1,0,1,1,0,0,2
"208","azure.com:apimanagement-apimdiagnostics",1,1,1,0,1,1,1,1,1,1,0,1,1,0,0,2
"209","azure.com:apimanagement-apimemailtemplate",1,1,1,0,1,1,1,1,1,1,0,1,1,0,0,2
"210","azure.com:apimanagement-apimgroups",1,1,1,0,1,1,1,1,1,1,0,1,1,0,0,2
"211","azure.com:apimanagement-apimidentityprovider",1,1,1,0,1,1,1,1,1,1,0,1,1,0,0,2
"212","azure.com:apimanagement-apimloggers",1,1,1,0,1,1,1,1,1,1,0,1,1,0,0,2
"213","azure.com:apimanagement-apimnetworkstatus",1,1,1,0,1,1,1,1,1,1,0,1,1,0,0,2
"214","azure.com:apimanagement-apimnotifications",1,1,1,0,1,1,1,1,1,1,0,1,1,0,0,2
"215","azure.com:apimanagement-apimopenidconnectproviders",1,1,1,0,1,1,1,1,1,1,0,1,1,0,0,2
"216","azure.com:apimanagement-apimproducts",1,1,1,0,1,1,1,1,1,1,0,1,1,0,0,2
"217","azure.com:apimanagement-apimproperties",1,1,1,0,1,1,1,1,1,1,0,1,1,0,0,2
"218","azure.com:apimanagement-apimquotas",1,1,1,0,1,1,1,1,1,1,0,1,1,0,0,2
"219","azure.com:apimanagement-apimreports",1,1,1,0,1,1,1,1,1,1,0,1,1,0,0,2
"220","azure.com:apimanagement-apimsubscriptions",1,1,1,0,1,1,1,1,1,1,0,1,1,0,0,2
"221","azure.com:apimanagement-apimtagresources",1,1,1,0,1,1,1,1,1,1,0,1,1,0,0,2
"222","azure.com:apimanagement-apimtags",1,1,1,0,1,1,1,1,1,1,0,1,1,0,0,2
"223","azure.com:apimanagement-apimtenant",1,1,1,0,1,1,1,1,1,1,0,1,1,0,0,2
"224","azure.com:apimanagement-apimusers",1,1,1,0,1,1,1,1,1,1,0,1,1,0,0,2
"225","azure.com:apimanagement-apimversionsets",1,1,1,0,1,1,1,1,1,1,0,1,1,0,0,2
"226","azure.com:applicationinsights-aiOperations_API",1,1,1,0,1,1,1,1,1,1,0,1,1,0,0,2
"227","azure.com:applicationinsights-componentAnnotations_API",1,1,1,0,1,1,1,1,1,1,0,1,1,0,0,2
"228","azure.com:applicationinsights-componentApiKeys_API",1,1,1,0,1,1,1,1,1,1,0,1,1,0,0,2
"229","azure.com:applicationinsights-componentContinuousExport_API",1,1,1,0,1,1,1,1,1,1,0,1,1,0,0,2
"230","azure.com:applicationinsights-componentFeaturesAndPricing_API",1,1,1,0,1,1,1,1,1,1,0,1,1,0,0,2
"231","azure.com:applicationinsights-componentProactiveDetection_API",1,1,1,0,1,1,1,1,1,1,0,1,1,0,0,2
"232","azure.com:applicationinsights-componentWorkItemConfigs_API",1,1,1,0,1,1,1,1,1,1,0,1,1,0,0,2
"233","azure.com:applicationinsights-components_API",1,1,1,0,1,1,1,1,1,1,0,1,1,0,0,2
"234","azure.com:applicationinsights-favorites_API",1,1,1,0,1,1,1,1,1,1,0,1,1,0,0,2
"235","azure.com:applicationinsights-webTestLocations_API",1,1,1,0,1,1,1,1,1,1,0,1,1,0,0,2
"236","azure.com:applicationinsights-webTests_API",1,1,1,0,1,1,1,1,1,1,0,1,1,0,0,2
"237","azure.com:authorization",1,1,1,0,1,1,1,1,1,1,0,1,1,0,0,2
"238","azure.com:authorization-authorization-ClassicAdminCalls",1,1,1,0,1,1,1,1,1,1,0,1,1,0,0,2
"239","azure.com:authorization-authorization-RACalls",1,1,1,0,1,1,1,1,1,1,0,1,1,0,0,2
"240","azure.com:authorization-authorization-RoleBasedCalls",1,1,1,0,1,1,1,1,1,1,0,1,1,0,0,2
"241","azure.com:automation-account",1,1,1,0,1,1,1,1,1,1,0,1,1,0,0,2
"242","azure.com:automation-certificate",1,1,1,0,1,1,1,1,1,1,0,1,1,0,0,2
"243","azure.com:automation-connection",1,1,1,0,1,1,1,1,1,1,0,1,1,0,0,2
"244","azure.com:automation-connectionType",1,1,1,0,1,1,1,1,1,1,0,1,1,0,0,2
"245","azure.com:automation-credential",1,1,1,0,1,1,1,1,1,1,0,1,1,0,0,2
"246","azure.com:automation-dscCompilationJob",1,1,1,0,1,1,1,1,1,1,0,1,1,0,0,2
"247","azure.com:automation-dscConfiguration",1,1,1,0,1,1,1,1,1,1,0,1,1,0,0,2
"248","azure.com:automation-dscNode",1,1,1,0,1,1,1,1,1,1,0,1,1,0,0,2
"249","azure.com:automation-dscNodeConfiguration",1,1,1,0,1,1,1,1,1,1,0,1,1,0,0,2
"250","azure.com:automation-hybridRunbookWorkerGroup",1,1,1,0,1,1,1,1,1,1,0,1,1,0,0,2
"251","azure.com:automation-job",1,1,1,0,1,1,1,1,1,1,0,1,1,0,0,2
"252","azure.com:automation-jobSchedule",1,1,1,0,1,1,1,1,1,1,0,1,1,0,0,2
"253","azure.com:automation-linkedWorkspace",1,1,1,0,1,1,1,1,1,1,0,1,1,0,0,2
"254","azure.com:automation-module",1,1,1,0,1,1,1,1,1,1,0,1,1,0,0,2
"255","azure.com:automation-runbook",1,1,1,0,1,1,1,1,1,1,0,1,1,0,0,2
"256","azure.com:automation-schedule",1,1,1,0,1,1,1,1,1,1,0,1,1,0,0,2
"257","azure.com:automation-softwareUpdateConfiguration",1,1,1,1,1,1,1,1,0,0,0,1,1,0,0,2
"258","azure.com:automation-softwareUpdateConfigurationMachineRun",1,1,1,1,1,1,1,1,0,0,0,1,1,0,0,2
"259","azure.com:automation-softwareUpdateConfigurationRun",1,1,1,1,1,1,1,1,0,0,0,1,1,0,0,2
"260","azure.com:automation-sourceControl",1,1,1,0,1,1,1,1,0,0,0,1,1,0,0,2
"261","azure.com:automation-sourceControlSyncJob",1,1,1,0,1,1,1,1,0,0,0,1,1,0,0,2
"262","azure.com:automation-variable",1,1,1,0,1,1,1,1,1,1,0,1,1,0,0,2
"263","azure.com:automation-webhook",1,1,1,0,1,1,1,1,1,1,0,1,1,0,0,2
"264","azure.com:azsadmin-Alert",1,1,1,0,1,1,1,1,1,1,0,1,1,0,0,2
"265","azure.com:azsadmin-CommerceAdmin",1,1,1,0,1,1,1,1,1,1,0,1,1,0,0,2
"266","azure.com:azsadmin-EdgeGateway",1,1,1,0,1,1,1,1,1,1,0,1,1,0,0,2
"267","azure.com:azsadmin-EdgeGatewayPool",1,1,1,0,1,1,1,1,1,1,0,1,1,0,0,2
"268","azure.com:azsadmin-FabricLocation",1,1,1,0,1,1,1,1,1,1,0,1,1,0,0,2
"269","azure.com:azsadmin-FileShare",1,1,1,0,1,1,1,1,1,1,0,1,1,0,0,2
"270","azure.com:azsadmin-InfraRole",1,1,1,0,1,1,1,1,1,1,0,1,1,0,0,2
"271","azure.com:azsadmin-InfraRoleInstance",1,1,1,0,1,1,1,1,1,1,0,1,1,0,0,2
"272","azure.com:azsadmin-IpPool",1,1,1,0,1,1,1,1,1,1,0,1,1,0,0,2
"273","azure.com:azsadmin-LogicalNetwork",1,1,1,0,1,1,1,1,1,1,0,1,1,0,0,2
"274","azure.com:azsadmin-LogicalSubnet",1,1,1,0,1,1,1,1,1,1,0,1,1,0,0,2
"275","azure.com:azsadmin-MacAddressPool",1,1,1,0,1,1,1,1,1,1,0,1,1,0,0,2
"276","azure.com:azsadmin-Operations",1,1,1,0,1,1,1,1,1,1,0,1,1,0,0,2
"277","azure.com:azsadmin-RegionHealth",1,1,1,0,1,1,1,1,1,1,0,1,1,0,0,2
"278","azure.com:azsadmin-ResourceHealth",1,1,1,0,1,1,1,1,1,0,0,1,1,0,0,2
"279","azure.com:azsadmin-ScaleUnit",1,1,1,0,1,1,1,1,1,1,0,1,1,0,0,2
"280","azure.com:azsadmin-ScaleUnitNode",1,1,1,0,1,1,1,1,1,1,0,1,1,0,0,2
"281","azure.com:azsadmin-ServiceHealth",1,1,1,0,1,1,1,1,1,1,0,1,1,0,0,2
"282","azure.com:azsadmin-SlbMuxInstance",1,1,1,0,1,1,1,1,1,1,0,1,1,0,0,2
"283","azure.com:azsadmin-StoragePool",1,1,1,0,1,1,1,1,1,1,0,1,1,0,0,2
"284","azure.com:azsadmin-StorageSystem",1,1,1,0,1,1,1,1,1,1,0,1,1,0,0,2
"285","azure.com:azsadmin-Volume",1,1,1,0,1,1,1,1,1,1,0,1,1,0,0,2
"286","azure.com:azurestack-AzureStack",1,1,1,0,1,1,1,1,1,1,0,1,1,0,0,2
"287","azure.com:azurestack-CustomerSubscription",1,1,1,0,1,1,1,1,1,1,0,1,1,0,0,2
"288","azure.com:azurestack-Product",1,1,1,0,1,1,1,1,1,1,0,1,1,0,0,2
"289","azure.com:azurestack-Registration",1,1,1,0,1,1,1,1,1,1,0,1,1,0,0,2
"290","azure.com:batch-BatchManagement",1,1,1,0,1,1,1,1,1,1,0,1,1,0,0,2
"291","azure.com:batchai-BatchAI",1,1,1,0,1,1,1,1,1,1,0,1,1,0,0,2
"292","azure.com:billing",1,1,1,0,1,1,1,1,1,1,0,1,1,0,0,2
"293","azure.com:cdn",1,1,1,0,1,1,1,1,1,1,0,1,1,0,0,2
"294","azure.com:cognitiveservices",1,1,1,0,1,1,1,1,1,1,0,1,0,0,0,2
"295","azure.com:cognitiveservices-ComputerVision",1,1,1,1,1,0,0,1,1,1,0,1,1,0,0,2
"296","azure.com:cognitiveservices-ContentModerator",1,1,1,1,1,0,0,1,1,1,0,1,1,0,0,2
"297","azure.com:cognitiveservices-Face",1,1,1,1,1,0,0,1,1,1,0,1,1,0,0,2
"298","azure.com:cognitiveservices-LUIS-Programmatic",1,1,1,1,1,0,0,1,1,1,0,1,1,0,0,2
"299","azure.com:cognitiveservices-LUIS-Runtime",1,1,1,1,1,0,1,1,1,0,0,1,1,0,0,1
"300","azure.com:cognitiveservices-TextAnalytics",1,1,1,1,1,1,1,1,1,0,0,1,1,0,0,2
"301","azure.com:commerce",1,1,1,0,1,1,1,1,1,1,0,0,0,0,0,4
"302","azure.com:compute",1,1,1,0,1,1,1,1,1,1,0,1,1,0,0,2
"303","azure.com:compute-containerService",1,1,1,0,1,1,1,1,1,1,0,1,1,0,0,2
"304","azure.com:compute-disk",1,1,1,0,1,1,1,1,1,1,0,1,1,0,0,2
"305","azure.com:compute-runCommands",1,1,1,0,1,1,1,1,1,1,0,1,1,0,0,2
"306","azure.com:compute-skus",1,1,1,0,1,1,1,1,1,1,0,1,1,0,0,2
"307","azure.com:compute-swagger",1,1,1,0,1,1,1,1,1,1,0,1,1,0,0,2
"308","azure.com:consumption",1,1,1,0,1,1,1,1,1,1,0,1,1,1,0,2
"309","azure.com:containerinstance-containerInstance",1,1,1,0,1,1,1,1,1,1,0,1,1,0,0,2
"310","azure.com:containerregistry",1,1,1,0,1,1,1,1,1,1,0,1,1,0,0,2
"311","azure.com:containerservices-containerService",1,1,1,0,1,1,1,1,1,1,0,1,1,0,0,2
"312","azure.com:containerservices-location",1,1,1,0,1,1,1,1,1,1,0,1,1,0,0,2
"313","azure.com:containerservices-managedClusters",1,1,1,0,1,1,1,1,1,1,0,1,1,0,0,2
"314","azure.com:cosmos-db",1,1,1,0,1,1,1,1,1,1,0,1,1,0,0,2
"315","azure.com:customer-insights",1,1,1,0,1,1,1,1,1,1,0,1,1,0,0,2
"316","azure.com:datacatalog",1,1,1,0,1,1,1,1,1,1,0,1,0,0,0,2
"317","azure.com:datafactory",1,1,1,0,1,1,1,1,1,1,0,1,1,0,0,2
"318","azure.com:datalake-analytics-account",1,1,1,0,1,1,1,1,1,1,0,1,1,0,0,2
"319","azure.com:datalake-analytics-catalog",1,1,1,0,1,1,1,1,1,1,0,0,0,0,0,4
"320","azure.com:datalake-analytics-job",1,1,1,0,1,1,1,1,1,1,0,0,0,0,0,4
"321","azure.com:datalake-store-account",1,1,1,0,1,1,1,1,1,1,0,1,1,0,0,2
"322","azure.com:datalake-store-filesystem",1,1,1,0,1,1,1,1,1,1,0,0,0,0,0,4
"323","azure.com:datamigration",1,1,1,0,1,1,1,1,1,1,0,1,1,0,0,2
"324","azure.com:deviceprovisioningservices-iotdps",1,1,1,0,1,1,1,1,1,1,0,1,1,0,0,2
"325","azure.com:devtestlabs-DTL",1,1,1,0,1,1,1,1,1,1,0,1,1,0,0,2
"326","azure.com:dns",1,1,1,0,1,1,1,1,1,1,0,1,0,0,0,2
"327","azure.com:domainservices",1,1,1,0,1,1,1,1,1,1,0,1,0,0,0,2
"328","azure.com:eventgrid-EventGrid",1,1,1,0,1,1,1,1,1,1,0,1,0,0,0,2
"329","azure.com:eventhub-EventHub",1,1,1,0,1,1,1,1,1,1,0,1,1,0,0,2
"330","azure.com:hanaonazure",1,1,1,0,1,1,1,1,1,1,0,1,0,0,0,2
"331","azure.com:hdinsight-applications",1,1,1,0,1,1,1,1,1,1,0,1,1,0,0,2
"332","azure.com:hdinsight-capabilities",1,1,1,0,1,1,1,1,1,1,0,1,1,0,0,2
"333","azure.com:hdinsight-cluster",1,1,1,0,1,1,1,1,1,1,0,1,1,0,0,2
"334","azure.com:hdinsight-configurations",1,1,1,0,1,1,1,1,1,1,0,1,1,0,0,2
"335","azure.com:hdinsight-extensions",1,1,1,0,1,1,1,1,1,1,0,1,1,0,0,2
"336","azure.com:hdinsight-operations",1,1,1,0,1,1,1,1,1,1,0,1,1,0,0,2
"337","azure.com:hdinsight-scriptActions",1,1,1,0,1,1,1,1,1,1,0,1,1,0,0,2
"338","azure.com:intune",1,1,1,0,1,1,1,1,1,1,0,0,0,0,0,4
"339","azure.com:iothub",1,1,1,0,1,1,1,1,1,1,0,1,1,0,0,2
"340","azure.com:keyvault",1,1,1,0,1,1,1,1,1,1,0,0,0,0,0,4
"341","azure.com:keyvault-providers",1,1,1,0,1,1,1,1,1,1,0,1,0,0,0,2
"342","azure.com:keyvault-secrets",1,1,1,0,1,1,1,1,1,1,0,1,0,0,0,2
"343","azure.com:locationbasedservices",1,1,1,0,1,1,1,1,1,1,0,1,1,0,0,2
"344","azure.com:logic",1,1,1,0,1,1,1,1,1,1,0,1,1,0,0,2
"345","azure.com:machinelearning-commitmentPlans",1,1,1,0,1,1,1,1,1,1,0,1,0,0,0,2
"346","azure.com:machinelearning-webservices",1,1,1,0,1,1,1,1,1,1,0,1,0,0,0,2
"347","azure.com:machinelearning-workspaces",1,1,1,0,1,1,1,1,1,1,0,1,1,0,0,2
"348","azure.com:machinelearningcompute-machineLearningCompute",1,1,1,0,1,1,1,1,1,1,0,1,0,0,0,2
"349","azure.com:machinelearningexperimentation-machineLearningExperimentation",1,1,1,0,1,1,1,1,1,1,0,1,1,0,0,2
"350","azure.com:managementgroups-management",1,1,1,0,1,1,1,1,1,1,0,1,1,1,0,2
"351","azure.com:managementpartner-ManagementPartner",1,1,1,0,1,1,1,1,1,1,0,1,0,0,0,2
"352","azure.com:marketplaceordering-Agreements",1,1,1,0,1,1,1,1,1,1,0,1,1,0,0,2
"353","azure.com:mediaservices-media",1,1,1,0,1,1,1,1,1,1,0,1,1,0,0,2
"354","azure.com:migrate",1,1,1,0,1,1,1,1,1,1,0,1,1,0,0,2
"355","azure.com:mobileengagement-mobile-engagement",1,1,1,0,1,1,1,1,1,1,0,1,1,0,0,2
"356","azure.com:monitor-actionGroups_API",1,1,1,0,1,1,1,1,1,1,0,1,1,0,0,2
"357","azure.com:monitor-activityLogAlerts_API",1,1,1,0,1,1,1,1,1,1,0,1,1,0,0,2
"358","azure.com:monitor-activityLogs_API",1,1,1,0,1,1,1,1,1,1,0,1,1,0,0,2
"359","azure.com:monitor-alertRulesIncidents_API",1,1,1,0,1,1,1,1,1,1,0,1,1,0,0,2
"360","azure.com:monitor-alertRules_API",1,1,1,0,1,1,1,1,1,1,0,1,1,0,0,2
"361","azure.com:monitor-autoscale_API",1,1,1,0,1,1,1,1,1,1,0,1,1,0,0,2
"362","azure.com:monitor-baseline_API",1,1,1,0,1,1,1,1,1,1,0,1,1,0,0,2
"363","azure.com:monitor-calculateBaseline_API",1,1,1,0,1,1,1,1,1,1,0,1,1,0,0,2
"364","azure.com:monitor-diagnosticsSettingsCategories_API",1,1,1,0,1,1,1,1,1,1,0,1,1,0,0,2
"365","azure.com:monitor-diagnosticsSettings_API",1,1,1,0,1,1,1,1,1,1,0,1,1,0,0,2
"366","azure.com:monitor-eventCategories_API",1,1,1,0,1,1,1,1,1,1,0,1,1,0,0,2
"367","azure.com:monitor-logProfiles_API",1,1,1,0,1,1,1,1,1,1,0,1,1,0,0,2
"368","azure.com:monitor-metricDefinitions_API",1,1,1,0,1,1,1,1,1,1,0,1,1,0,0,2
"369","azure.com:monitor-metrics_API",1,1,1,0,1,1,1,1,1,1,0,1,1,0,0,2
"370","azure.com:monitor-operations_API",1,1,1,0,1,1,1,1,1,1,0,1,1,0,0,2
"371","azure.com:monitor-serviceDiagnosticsSettings_API",1,1,1,0,1,1,1,1,1,1,0,1,1,0,0,2
"372","azure.com:monitor-tenantActivityLogs_API",1,1,1,0,1,1,1,1,1,1,0,1,1,0,0,2
"373","azure.com:msi-ManagedIdentity",1,1,1,0,1,1,1,1,1,1,0,1,1,0,0,2
"374","azure.com:mysql",1,1,1,0,1,1,1,1,1,1,0,1,1,0,0,2
"375","azure.com:network",1,1,1,0,1,1,1,1,1,1,0,1,1,0,0,2
"376","azure.com:network-applicationGateway",1,1,1,0,1,1,1,1,1,1,0,1,1,0,0,2
"377","azure.com:network-applicationSecurityGroup",1,1,1,0,1,1,1,1,1,1,0,1,1,0,0,2
"378","azure.com:network-checkDnsAvailability",1,1,1,0,1,1,1,1,1,1,0,1,1,0,0,2
"379","azure.com:network-endpointService",1,1,1,0,1,1,1,1,1,1,0,1,1,0,0,2
"380","azure.com:network-expressRouteCircuit",1,1,1,0,1,1,1,1,1,1,0,1,1,0,0,2
"381","azure.com:network-loadBalancer",1,1,1,0,1,1,1,1,1,1,0,1,1,0,0,2
"382","azure.com:network-networkInterface",1,1,1,0,1,1,1,1,1,1,0,1,1,0,0,2
"383","azure.com:network-networkSecurityGroup",1,1,1,0,1,1,1,1,1,1,0,1,1,0,0,2
"384","azure.com:network-networkWatcher",1,1,1,0,1,1,1,1,1,1,0,1,1,0,0,2
"385","azure.com:network-operation",1,1,1,0,1,1,1,1,1,1,0,1,1,0,0,2
"386","azure.com:network-publicIpAddress",1,1,1,0,1,1,1,1,1,1,0,1,1,0,0,2
"387","azure.com:network-routeFilter",1,1,1,0,1,1,1,1,1,1,0,1,1,0,0,2
"388","azure.com:network-routeTable",1,1,1,0,1,1,1,1,1,1,0,1,1,0,0,2
"389","azure.com:network-serviceCommunity",1,1,1,0,1,1,1,1,1,1,0,1,1,0,0,2
"390","azure.com:network-usage",1,1,1,0,1,1,1,1,1,1,0,1,1,0,0,2
"391","azure.com:network-virtualNetwork",1,1,1,0,1,1,1,1,1,1,0,1,1,0,0,2
"392","azure.com:network-virtualNetworkGateway",1,1,1,0,1,1,1,1,1,1,0,1,1,0,0,2
"393","azure.com:network-vmssNetworkInterface",1,1,1,0,1,1,1,1,1,1,0,1,1,0,0,2
"394","azure.com:network-vmssPublicIpAddress",1,1,1,0,1,1,1,1,1,1,0,1,1,0,0,2
"395","azure.com:notificationhubs",1,1,1,0,1,1,1,1,1,1,0,1,1,0,0,2
"396","azure.com:operationalinsights-OperationalInsights",1,1,1,0,1,1,1,1,1,1,0,1,1,0,0,2
"397","azure.com:operationsmanagement-OperationsManagement",1,1,1,0,1,1,1,1,1,1,0,1,1,0,0,2
"398","azure.com:policyinsights-policyEvents",1,1,1,0,1,0,1,1,1,1,0,1,1,0,0,2
"399","azure.com:policyinsights-policyStates",1,1,1,0,1,0,1,1,1,1,0,1,1,0,0,2
"400","azure.com:postgresql",1,1,1,0,1,1,1,1,1,1,0,1,1,0,0,2
"401","azure.com:powerbidedicated",1,1,1,0,1,1,1,1,1,1,0,1,1,0,0,2
"402","azure.com:powerbiembedded",1,1,1,0,1,1,1,1,1,1,0,0,0,0,0,4
"403","azure.com:provisioningservices-iotdps",1,1,1,0,1,1,1,1,1,1,0,1,1,0,0,2
"404","azure.com:recoveryservices-backup",1,1,1,0,1,1,1,1,1,1,0,1,1,0,0,2
"405","azure.com:recoveryservices-registeredidentities",1,1,1,0,1,1,1,1,1,1,0,1,1,0,0,2
"406","azure.com:recoveryservices-replicationusages",1,1,1,0,1,1,1,1,1,1,0,1,1,0,0,2
"407","azure.com:recoveryservices-vaults",1,1,1,0,1,1,1,1,1,1,0,1,1,0,0,2
"408","azure.com:recoveryservices-vaultusages",1,1,1,0,1,1,1,1,1,1,0,1,1,0,0,2
"409","azure.com:recoveryservicesbackup",1,1,1,0,1,1,1,1,1,1,0,1,1,0,0,2
"410","azure.com:recoveryservicesbackup-backupManagement",1,1,1,0,1,1,1,1,1,1,0,1,1,0,0,2
"411","azure.com:recoveryservicesbackup-bms",1,1,1,0,1,1,1,1,1,1,0,1,1,0,0,2
"412","azure.com:recoveryservicesbackup-jobs",1,1,1,0,1,1,1,1,1,1,0,1,1,0,0,2
"413","azure.com:recoveryservicesbackup-operations",1,1,1,0,1,1,1,1,1,1,0,1,1,0,0,2
"414","azure.com:recoveryservicesbackup-registeredIdentities",1,1,1,0,1,1,1,1,1,1,0,1,1,0,0,2
"415","azure.com:recoveryservicessiterecovery-service",1,1,1,0,1,1,1,1,1,1,0,1,1,0,0,2
"416","azure.com:redis",1,1,1,0,1,1,1,1,1,1,0,1,1,0,0,2
"417","azure.com:relay",1,1,1,0,1,1,1,1,1,1,0,1,1,0,0,2
"418","azure.com:reservations",1,1,1,0,1,1,1,1,1,1,0,1,0,0,0,2
"419","azure.com:resourcehealth",1,1,1,0,1,0,1,1,1,1,0,1,1,0,0,2
"420","azure.com:resources",1,1,1,0,1,1,1,1,1,1,0,1,1,0,0,2
"421","azure.com:resources-features",1,1,1,0,1,1,1,1,1,1,0,1,1,0,0,2
"422","azure.com:resources-links",1,1,1,0,1,1,1,1,1,1,0,1,1,0,0,2
"423","azure.com:resources-locks",1,1,1,0,1,1,1,1,1,1,0,1,1,0,0,2
"424","azure.com:resources-managedapplications",1,1,1,0,1,1,1,1,1,1,0,1,1,0,0,2
"425","azure.com:resources-management",1,1,1,0,1,1,1,1,1,1,0,1,1,1,0,2
"426","azure.com:resources-policy",1,1,1,0,1,1,1,1,1,1,0,1,1,0,0,2
"427","azure.com:resources-policyAssignments",1,1,1,0,1,1,1,1,1,1,0,1,1,0,0,2
"428","azure.com:resources-policyDefinitions",1,1,1,0,1,1,1,1,1,1,0,1,1,0,0,2
"429","azure.com:resources-policySetDefinitions",1,1,1,0,1,1,1,1,1,1,0,1,1,0,0,2
"430","azure.com:resources-subscriptions",1,1,1,0,1,1,1,1,1,1,0,1,1,0,0,2
"431","azure.com:scheduler",1,1,1,0,1,1,1,1,1,1,0,0,0,0,0,4
"432","azure.com:search",1,1,1,0,1,1,1,1,1,1,0,1,1,0,0,2
"433","azure.com:search-searchindex",1,1,1,0,1,1,1,1,1,1,0,0,0,0,0,4
"434","azure.com:search-searchservice",1,1,1,0,1,1,1,1,1,1,0,0,0,0,0,4
"435","azure.com:servermanagement",1,1,1,0,1,1,1,1,1,1,0,1,1,0,0,2
"436","azure.com:service-map-arm-service-map",1,1,1,0,1,1,1,1,1,1,0,1,1,0,0,2
"437","azure.com:servicebus",1,1,1,0,1,1,1,1,1,1,0,1,1,0,0,2
"438","azure.com:servicefabric",1,1,1,0,1,0,1,1,1,1,0,0,0,0,0,1
"439","azure.com:sql-Databases",1,1,1,0,1,1,1,1,1,1,0,1,0,0,0,2
"440","azure.com:sql-advisors",1,1,1,0,1,1,1,1,1,1,0,1,0,0,0,2
"441","azure.com:sql-backupLongTermRetentionPolicies",1,1,1,0,1,1,1,1,1,1,0,1,0,0,0,2
"442","azure.com:sql-backupLongTermRetentionVaults",1,1,1,0,1,1,1,1,1,1,0,1,0,0,0,2
"443","azure.com:sql-backups",1,1,1,0,1,1,1,1,1,1,0,1,0,0,0,2
"444","azure.com:sql-blobAuditingPolicies",1,1,1,0,1,1,1,1,1,1,0,1,0,0,0,2
"445","azure.com:sql-cancelOperations",1,1,1,0,1,1,1,1,1,1,0,1,0,0,0,2
"446","azure.com:sql-cancelPoolOperations",1,1,1,0,1,1,1,1,1,1,0,1,0,0,0,2
"447","azure.com:sql-capabilities",1,1,1,0,1,1,1,1,1,1,0,1,0,0,0,2
"448","azure.com:sql-checkNameAvailability",1,1,1,0,1,1,1,1,1,1,0,1,0,0,0,2
"449","azure.com:sql-connectionPolicies",1,1,1,0,1,1,1,1,1,1,0,1,0,0,0,2
"450","azure.com:sql-dataMasking",1,1,1,0,1,1,1,1,1,1,0,1,0,0,0,2
"451","azure.com:sql-dataWarehouseUserActivities",1,1,1,0,1,1,1,1,1,1,0,1,0,0,0,2
"452","azure.com:sql-databaseAutomaticTuning",1,1,1,0,1,1,1,1,1,1,0,1,0,0,0,2
"453","azure.com:sql-databaseSecurityAlertPolicies",1,1,1,0,1,1,1,1,1,1,0,1,0,0,0,2
"454","azure.com:sql-databases",1,1,1,0,1,1,1,1,1,1,0,1,0,0,0,2
"455","azure.com:sql-deprecated",1,1,1,0,1,1,1,1,1,1,0,1,0,0,0,2
"456","azure.com:sql-disasterRecoveryConfigurations",1,1,1,0,1,1,1,1,1,1,0,1,0,0,0,2
"457","azure.com:sql-elasticPools",1,1,1,0,1,1,1,1,1,1,0,1,0,0,0,2
"458","azure.com:sql-encryptionProtectors",1,1,1,0,1,1,1,1,1,1,0,1,0,0,0,2
"459","azure.com:sql-failoverGroups",1,1,1,0,1,1,1,1,1,1,0,1,0,0,0,2
"460","azure.com:sql-firewallRules",1,1,1,0,1,1,1,1,1,1,0,1,0,0,0,2
"461","azure.com:sql-geoBackupPolicies",1,1,1,0,1,1,1,1,1,1,0,1,0,0,0,2
"462","azure.com:sql-importExport",1,1,1,0,1,1,1,1,1,1,0,1,0,0,0,2
"463","azure.com:sql-managedDatabases",1,1,1,0,1,1,1,1,1,1,0,1,0,0,0,2
"464","azure.com:sql-metrics",1,1,1,0,1,1,1,1,1,1,0,1,0,0,0,2
"465","azure.com:sql-operations",1,1,1,0,1,1,1,1,1,1,0,1,0,0,0,2
"466","azure.com:sql-queries",1,1,1,0,1,1,1,1,1,1,0,1,0,0,0,2
"467","azure.com:sql-renameDatabase",1,1,1,0,1,1,1,1,1,1,0,1,0,0,0,2
"468","azure.com:sql-replicationLinks",1,1,1,0,1,1,1,1,1,1,0,1,0,0,0,2
"469","azure.com:sql-restorePoints",1,1,1,0,1,1,1,1,1,1,0,1,0,0,0,2
"470","azure.com:sql-serverAutomaticTuning",1,1,1,0,1,1,1,1,1,1,0,1,0,0,0,2
"471","azure.com:sql-serverAzureADAdministrators",1,1,1,0,1,1,1,1,1,1,0,1,0,0,0,2
"472","azure.com:sql-serverCommunicationLinks",1,1,1,0,1,1,1,1,1,1,0,1,0,0,0,2
"473","azure.com:sql-serverDnsAliases",1,1,1,0,1,1,1,1,1,1,0,1,0,0,0,2
"474","azure.com:sql-serverKeys",1,1,1,0,1,1,1,1,1,1,0,1,0,0,0,2
"475","azure.com:sql-servers",1,1,1,0,1,1,1,1,1,1,0,1,0,0,0,2
"476","azure.com:sql-serviceObjectives",1,1,1,0,1,1,1,1,1,1,0,1,0,0,0,2
"477","azure.com:sql-sql.core",1,1,1,0,1,1,1,1,1,1,0,1,0,0,0,2
"478","azure.com:sql-syncAgents",1,1,1,0,1,1,1,1,1,1,0,1,0,0,0,2
"479","azure.com:sql-syncGroups",1,1,1,0,1,1,1,1,1,1,0,1,0,0,0,2
"480","azure.com:sql-syncMembers",1,1,1,0,1,1,1,1,1,1,0,1,0,0,0,2
"481","azure.com:sql-tableAuditing",1,1,1,0,1,1,1,1,1,1,0,1,0,0,0,2
"482","azure.com:sql-usages",1,1,1,0,1,1,1,1,1,1,0,1,0,0,0,2
"483","azure.com:sql-virtualNetworkRules",1,1,1,0,1,1,1,1,1,1,0,1,0,0,0,2
"484","azure.com:storage",1,1,1,0,1,1,1,1,1,1,0,1,1,0,0,2
"485","azure.com:storageimportexport",1,1,1,0,1,1,1,1,1,1,0,1,1,0,0,2
"486","azure.com:storsimple8000series-storsimple",1,1,1,0,1,1,1,1,1,1,0,1,1,0,0,2
"487","azure.com:streamanalytics-functions",1,1,1,0,1,1,1,1,1,1,0,1,1,0,0,2
"488","azure.com:streamanalytics-inputs",1,1,1,0,1,1,1,1,1,1,0,1,1,0,0,2
"489","azure.com:streamanalytics-outputs",1,1,1,0,1,1,1,1,1,1,0,1,1,0,0,2
"490","azure.com:streamanalytics-streamingjobs",1,1,1,0,1,1,1,1,1,1,0,1,1,0,0,2
"491","azure.com:streamanalytics-subscriptions",1,1,1,0,1,1,1,1,1,1,0,1,1,0,0,2
"492","azure.com:streamanalytics-transformations",1,1,1,0,1,1,1,1,1,1,0,1,1,0,0,2
"493","azure.com:subscription-subscriptionDefinitions",1,1,1,0,1,1,1,1,1,1,0,1,1,0,0,2
"494","azure.com:timeseriesinsights",1,1,1,0,1,1,1,1,1,1,0,1,1,0,0,2
"495","azure.com:trafficmanager",1,1,1,0,1,1,1,1,1,1,0,1,1,0,0,2
"496","azure.com:trafficmanager-trafficmanageranalytics",1,1,1,0,1,1,1,1,1,1,0,1,1,0,0,2
"497","azure.com:visualstudio-Csm",1,1,1,0,1,1,1,1,1,1,0,1,1,0,0,2
"498","azure.com:web-AppServiceCertificateOrders",1,1,1,0,1,1,1,1,1,1,0,1,1,0,0,2
"499","azure.com:web-AppServiceEnvironments",1,1,1,0,1,1,1,1,1,1,0,1,1,0,0,2
"500","azure.com:web-AppServicePlans",1,1,1,0,1,1,1,1,1,1,0,1,1,0,0,2
"501","azure.com:web-CertificateRegistrationProvider",1,1,1,0,1,1,1,1,1,1,0,1,1,0,0,2
"502","azure.com:web-Certificates",1,1,1,0,1,1,1,1,1,1,0,1,1,0,0,2
"503","azure.com:web-DeletedWebApps",1,1,1,0,1,1,1,1,1,1,0,1,1,0,0,2
"504","azure.com:web-Diagnostics",1,1,1,0,1,1,1,1,1,1,0,1,1,0,0,2
"505","azure.com:web-DomainRegistrationProvider",1,1,1,0,1,1,1,1,1,1,0,1,1,0,0,2
"506","azure.com:web-Domains",1,1,1,0,1,1,1,1,1,1,0,1,1,0,0,2
"507","azure.com:web-Provider",1,1,1,0,1,1,1,1,1,1,0,1,1,0,0,2
"508","azure.com:web-Recommendations",1,1,1,0,1,1,1,1,1,1,0,1,1,0,0,2
"509","azure.com:web-ResourceProvider",1,1,1,0,1,1,1,1,1,1,0,1,1,0,0,2
"510","azure.com:web-TopLevelDomains",1,1,1,0,1,1,1,1,1,1,0,1,1,0,0,2
"511","azure.com:web-WebApps",1,1,1,0,1,1,1,1,1,1,0,1,1,0,0,2
"512","azure.com:web-logicAppsManagementClient",1,1,1,0,1,1,1,1,1,1,0,1,1,0,0,2
"513","azure.com:web-service",1,1,1,0,1,0,0,1,1,1,0,1,1,0,0,2
"514","bbc.co.uk",1,1,1,1,1,1,1,1,1,1,0,0,0,1,0,4
"515","bbc.com",1,1,1,1,1,1,1,1,1,0,0,1,1,1,1,3
"516","bbci.co.uk",1,1,1,1,1,1,1,1,1,1,0,1,1,0,1,3
"517","bclaws.ca:bclaws",1,1,1,1,1,0,1,1,0,0,0,0,0,1,1,4
"518","beanstream.com",1,1,1,1,1,0,1,1,1,0,0,0,0,0,0,1
"519","beezup.com",1,1,1,1,1,1,1,1,1,1,1,1,0,1,1,3
"520","betfair.com",1,1,1,1,1,1,1,1,1,0,0,0,0,0,0,4
"521","bigoven.com",1,1,1,0,1,0,1,1,1,0,0,1,0,0,1,1
"522","bikewise.org",1,1,1,1,1,0,1,1,0,0,0,0,0,1,1,4
"523","bitbucket.org",1,1,1,1,1,1,1,1,1,0,0,1,0,1,1,4
"524","blazemeter.com",1,1,1,1,1,1,1,1,1,0,0,1,0,1,0,4
"525","bluemix.net:containers",1,1,1,1,1,0,1,1,1,0,0,0,0,0,0,1
"526","botify.com",1,1,1,1,1,0,1,1,1,0,0,1,1,0,1,1
"527","box.com:authorization",1,1,1,1,1,1,1,1,1,0,0,0,0,0,0,4
"528","box.com:content",1,1,1,1,1,1,1,1,1,0,1,1,1,1,0,4
"529","box.com:token",1,1,1,1,1,1,1,1,1,0,0,0,0,0,0,4
"530","box.com:upload",1,1,1,1,1,1,1,1,1,0,0,1,1,0,0,2
"531","brandlovers.com",1,1,1,1,1,1,1,1,1,0,0,1,0,1,0,4
"532","brex.io",0,1,0,0,0,0,0,1,0,0,0,0,0,1,0,4
"533","browshot.com",1,1,1,1,1,0,1,1,1,0,0,1,1,0,0,1
"534","bufferapp.com",1,1,1,1,1,1,1,1,1,0,0,1,0,0,1,1
"535","bungie.net",1,1,1,1,1,0,0,1,1,0,0,1,0,1,1,5
"536","callfire.com",1,1,1,1,1,1,1,1,1,0,0,1,0,1,0,4
"537","cambase.io",1,1,1,1,1,0,0,1,0,0,0,0,0,1,0,4
"538","carbondoomsday.com",1,1,1,1,1,1,1,1,1,0,0,1,1,0,0,2
"539","ccp.is",1,1,1,1,1,0,1,1,1,1,0,1,0,0,0,1
"540","cenit.io",1,1,1,1,1,1,1,1,1,0,0,1,1,1,1,3
"541","channel4.com",1,1,1,1,1,1,1,1,1,1,0,1,1,1,1,3
"542","circleci.com",1,1,1,1,1,0,1,1,1,1,1,1,1,0,0,2
"543","circuitsandbox.net",1,1,1,1,1,0,0,1,1,0,0,1,0,0,0,1
"544","cisco.com",1,1,1,0,1,0,1,1,0,0,0,1,0,0,0,1
"545","citrixonline.com:gotomeeting",1,1,1,1,1,1,1,1,1,1,0,0,0,1,1,4
"546","citrixonline.com:scim",1,1,1,1,1,1,1,1,1,1,0,0,0,1,1,4
"547","citycontext.com",1,1,1,1,1,0,1,1,1,0,0,1,1,1,0,1
"548","clarify.io",1,1,1,1,1,0,0,1,1,0,0,0,0,1,0,4
"549","clever-cloud.com",1,1,1,1,1,0,0,1,1,0,0,0,0,1,0,4
"550","clever.com",1,1,1,1,1,0,1,1,1,0,1,1,1,0,0,1
"551","clickmeter.com",1,1,1,0,1,0,0,1,1,0,0,1,1,0,0,1
"552","cloudmersive.com:ocr",1,1,1,0,1,1,1,1,1,0,0,1,0,0,0,1
"553","cnab-online.herokuapp.com",1,1,1,1,1,0,1,1,1,0,0,0,0,0,0,1
"554","code-scan.com",1,1,1,1,1,1,1,1,1,0,0,1,0,0,0,1
"555","consumerfinance.gov",1,1,1,1,1,0,0,1,1,0,0,0,0,1,1,5
"556","core.ac.uk",1,1,1,1,1,0,0,1,1,0,0,1,1,1,0,1
"557","cybertaxonomy.eu",1,1,1,1,1,0,1,1,1,0,0,0,0,1,0,4
"558","data.gov",1,1,1,1,1,0,0,1,0,0,0,1,1,1,1,5
"559","data2crm.com",1,1,1,1,1,1,1,1,1,0,1,0,0,1,1,4
"560","dataatwork.org",1,1,1,1,1,1,1,1,1,0,0,0,0,0,0,4
"561","datumbox.com",1,1,1,1,1,0,1,1,0,0,0,0,0,1,0,4
"562","deeparteffects.com",1,1,1,1,1,0,1,1,1,0,0,1,0,0,0,1
"563","deutschebahn.com:betriebsstellen",1,1,1,1,1,0,0,1,1,0,0,1,0,1,0,1
"564","deutschebahn.com:fahrplan",1,1,1,1,1,1,1,1,1,0,0,0,0,0,0,4
"565","deutschebahn.com:fasta",1,1,1,1,1,1,1,1,1,0,0,1,1,0,0,2
"566","deutschebahn.com:flinkster",1,1,1,1,1,0,1,1,1,0,0,0,0,1,0,4
"567","deutschebahn.com:reisezentren",1,1,1,1,1,0,0,1,1,0,0,1,0,1,0,1
"568","deutschebahn.com:stada",1,1,1,1,1,0,0,1,1,0,0,0,0,0,0,1
"569","digitallinguistics.io",1,1,1,1,1,1,1,1,1,1,1,1,1,1,1,3
"570","docker.com:engine",1,1,1,1,1,1,1,1,1,0,0,0,0,1,0,4
"571","docusign.net",1,1,1,1,1,1,1,1,1,1,1,1,0,1,1,3
"572","domainsdb.info",1,1,1,1,1,1,1,1,1,0,0,1,0,1,0,4
"573","dracoon.team",1,1,1,1,1,0,0,1,1,0,0,0,0,1,0,4
"574","dropx.io",1,1,1,1,1,0,1,1,0,0,0,1,0,0,0,1
"575","dweet.io",1,1,1,1,1,0,0,1,0,0,0,0,0,1,0,4
"576","ebay.com:buy-browse",1,1,1,1,1,0,0,1,1,0,0,1,0,0,0,1
"577","ebay.com:buy-feed",1,1,1,1,1,0,1,1,1,0,0,1,0,0,0,1
"578","ebay.com:buy-marketing",1,1,1,1,1,0,0,1,1,0,0,1,0,0,0,1
"579","ebay.com:commerce-taxonomy",1,1,1,1,1,0,1,1,1,0,0,1,0,0,0,1
"580","ebay.com:sell-fulfillment",1,1,1,1,1,0,1,1,1,0,0,1,0,0,0,1
"581","envoice.in",1,1,1,0,1,0,0,1,1,0,0,1,0,0,0,1
"582","epa.gov:air",1,1,1,1,1,1,1,1,1,1,0,0,0,0,0,4
"583","epa.gov:case",1,1,1,1,1,1,1,1,1,1,0,0,0,0,0,4
"584","epa.gov:cwa",1,1,1,1,1,1,1,1,1,1,0,0,0,0,0,4
"585","epa.gov:dfr",1,1,1,1,1,1,1,1,1,1,0,0,0,0,0,4
"586","epa.gov:echo",1,1,1,1,1,1,1,1,1,1,0,0,0,0,0,4
"587","epa.gov:eff",1,1,1,1,1,1,1,1,1,1,0,0,0,0,0,4
"588","epa.gov:rcra",1,1,1,1,1,1,1,1,1,1,0,0,0,0,0,4
"589","epa.gov:sdw",1,1,1,1,1,1,1,1,1,1,0,0,0,0,0,4
"590","etmdb.com",1,1,1,0,1,0,0,1,0,0,0,1,0,0,0,1
"591","europeana.eu",1,1,1,1,1,1,0,1,1,0,0,0,0,1,0,4
"592","exavault.com",1,1,1,1,1,0,0,1,1,0,0,0,0,1,1,5
"593","fantasydata.net:cbb-v3-scores",1,1,1,1,1,0,1,1,1,0,0,1,1,0,0,1
"594","fantasydata.net:cbb-v3-stats",1,1,1,1,1,0,1,1,1,0,0,1,1,0,0,1
"595","fantasydata.net:cfb-v3-scores",1,1,1,1,1,0,1,1,1,0,0,1,1,0,0,1
"596","fantasydata.net:golf-v2",1,1,1,1,1,0,1,1,1,0,0,1,1,0,0,1
"597","fantasydata.net:mlb-v3-play-by-play",1,1,1,1,1,0,1,1,1,0,0,1,1,0,0,1
"598","fantasydata.net:mlb-v3-projections",1,1,1,1,1,0,1,1,1,0,0,1,1,0,0,1
"599","fantasydata.net:mlb-v3-projections-dfsr",1,1,1,1,1,0,1,1,1,0,0,1,1,0,0,1
"600","fantasydata.net:mlb-v3-rotoballer-articles",1,1,1,1,1,0,1,1,1,0,0,1,1,0,0,1
"601","fantasydata.net:mlb-v3-rotoballer-premium-news",1,1,1,1,1,0,1,1,1,0,0,1,1,0,0,1
"602","fantasydata.net:mlb-v3-scores",1,1,1,1,1,0,1,1,1,0,0,1,1,0,0,1
"603","fantasydata.net:mlb-v3-stats",1,1,1,1,1,0,1,1,1,0,0,1,1,0,0,1
"604","fantasydata.net:nascar-v2",1,1,1,1,1,0,1,1,1,0,0,1,1,0,0,1
"605","fantasydata.net:nba-v3-play-by-play",1,1,1,1,1,0,1,1,1,0,0,1,1,0,0,1
"606","fantasydata.net:nba-v3-projections",1,1,1,1,1,0,1,1,1,0,0,1,1,0,0,1
"607","fantasydata.net:nba-v3-rotoballer-articles",1,1,1,1,1,0,1,1,1,0,0,1,1,0,0,1
"608","fantasydata.net:nba-v3-rotoballer-premium-news",1,1,1,1,1,0,1,1,1,0,0,1,1,0,0,1
"609","fantasydata.net:nba-v3-scores",1,1,1,1,1,0,1,1,1,0,0,1,1,0,0,1
"610","fantasydata.net:nba-v3-stats",1,1,1,1,1,0,1,1,1,0,0,1,1,0,0,1
"611","fantasydata.net:nfl-v3-play-by-play",1,1,1,1,1,0,1,1,1,0,0,1,1,0,0,1
"612","fantasydata.net:nfl-v3-projections",1,1,1,1,1,0,1,1,1,0,0,1,1,0,0,1
"613","fantasydata.net:nfl-v3-projections-dfsr",1,1,1,1,1,0,1,1,1,0,0,1,1,0,0,1
"614","fantasydata.net:nfl-v3-rotoballer-articles",1,1,1,1,1,0,1,1,1,0,0,1,1,0,0,1
"615","fantasydata.net:nfl-v3-rotoballer-premium-news",1,1,1,1,1,0,1,1,1,0,0,1,1,0,0,1
"616","fantasydata.net:nfl-v3-scores",1,1,1,1,1,0,1,1,1,0,0,1,1,0,0,1
"617","fantasydata.net:nfl-v3-stats",1,1,1,1,1,0,1,1,1,0,0,1,1,0,0,1
"618","fantasydata.net:nhl-v3-play-by-play",1,1,1,1,1,0,1,1,1,0,0,1,1,0,0,1
"619","fantasydata.net:nhl-v3-projections",1,1,1,1,1,0,1,1,1,0,0,1,1,0,0,1
"620","fantasydata.net:nhl-v3-scores",1,1,1,1,1,0,1,1,1,0,0,1,1,0,0,1
"621","fantasydata.net:nhl-v3-stats",1,1,1,1,1,0,1,1,1,0,0,1,1,0,0,1
"622","fantasydata.net:soccer-v3-projections",1,1,1,1,1,0,1,1,1,0,0,1,1,0,0,1
"623","fantasydata.net:soccer-v3-scores",1,1,1,1,1,0,1,1,1,0,0,1,1,0,0,1
"624","fantasydata.net:soccer-v3-stats",1,1,1,1,1,0,1,1,1,0,0,1,1,0,0,1
"625","figshare.com",1,1,1,1,1,0,1,1,1,0,0,1,0,0,0,1
"626","firebrowse.org",1,1,1,1,1,0,1,1,0,0,0,0,0,1,0,4
"627","flat.io",1,1,1,1,1,1,1,1,1,1,0,1,0,1,0,4
"628","flickr.com",1,1,1,1,1,1,1,1,1,0,0,0,0,0,0,4
"629","formapi.io",1,1,1,1,1,0,1,1,0,0,0,1,0,0,0,1
"630","freesound.org",1,1,1,1,1,0,1,1,1,0,0,0,0,1,1,4
"631","funtranslations.com",1,1,1,0,1,1,1,1,0,0,0,1,0,1,0,4
"632","furkot.com",1,1,1,1,1,0,1,1,1,0,0,1,1,0,1,1
"633","geneea.com",1,1,1,1,1,1,1,1,1,0,0,1,1,1,0,4
"634","geodesystems.com",1,1,1,1,1,0,0,1,0,0,0,1,0,1,0,1
"635","getgo.com:gototraining",1,1,1,1,1,1,1,1,1,1,0,0,0,1,0,4
"636","getgo.com:gotowebinar",1,1,1,1,1,1,1,1,1,1,0,0,0,1,0,4
"637","getsandbox.com",1,1,1,1,1,1,1,1,1,0,0,1,0,1,1,4
"638","gettyimages.com",1,1,1,1,1,0,0,1,1,0,0,1,1,0,0,1
"639","giphy.com",1,1,1,1,1,1,1,1,1,1,1,1,1,1,1,3
"640","gisgraphy.com",1,1,1,1,1,0,0,1,1,0,0,1,0,0,0,1
"641","github.com",1,1,1,1,1,1,1,1,1,0,0,1,0,0,1,1
"642","gitlab.com",1,1,1,1,1,0,1,1,1,0,0,1,1,1,0,1
"643","googleapis.com:abusiveexperiencereport",1,1,1,1,1,0,0,1,1,1,0,1,0,1,1,5
"644","googleapis.com:acceleratedmobilepageurl",1,1,1,1,1,0,0,1,1,1,0,0,0,1,1,5
"645","googleapis.com:adexchangebuyer",1,1,1,1,1,0,0,1,1,1,0,1,0,1,1,5
"646","googleapis.com:adexchangebuyer2",1,1,1,1,1,0,0,1,1,1,0,1,0,1,1,5
"647","googleapis.com:adexchangeseller",1,1,1,1,1,0,0,1,1,1,0,1,0,1,1,5
"648","googleapis.com:adexperiencereport",1,1,1,1,1,0,0,1,1,1,0,1,0,1,1,5
"649","googleapis.com:admin",1,1,1,1,1,0,0,1,1,1,0,1,0,1,1,5
"650","googleapis.com:adsense",1,1,1,1,1,0,0,1,1,1,0,1,0,1,1,5
"651","googleapis.com:adsensehost",1,1,1,1,1,0,0,1,1,1,0,1,0,1,1,5
"652","googleapis.com:analytics",1,1,1,1,1,0,0,1,1,1,0,1,0,1,1,5
"653","googleapis.com:analyticsreporting",1,1,1,1,1,0,0,1,1,1,0,1,0,1,1,5
"654","googleapis.com:androiddeviceprovisioning",1,1,1,1,1,0,0,1,1,1,0,0,0,1,1,5
"655","googleapis.com:androidenterprise",1,1,1,1,1,0,0,1,1,1,0,1,0,1,1,5
"656","googleapis.com:androidmanagement",1,1,1,1,1,0,0,1,1,1,0,1,0,1,1,5
"657","googleapis.com:androidpublisher",1,1,1,1,1,0,0,1,1,1,0,1,0,1,1,5
"658","googleapis.com:appengine",1,1,1,1,1,0,0,1,1,1,0,1,0,1,1,5
"659","googleapis.com:appsactivity",1,1,1,1,1,0,0,1,1,1,0,1,0,1,1,5
"660","googleapis.com:appstate",1,1,1,1,1,0,0,1,1,1,0,1,0,1,1,5
"661","googleapis.com:bigquery",1,1,1,1,1,0,0,1,1,1,0,1,0,1,1,5
"662","googleapis.com:bigquerydatatransfer",1,1,1,1,1,0,0,1,1,1,0,1,0,1,1,5
"663","googleapis.com:blogger",1,1,1,1,1,0,0,1,1,1,0,1,0,1,1,5
"664","googleapis.com:books",1,1,1,1,1,0,0,1,1,1,0,1,0,1,1,5
"665","googleapis.com:calendar",1,1,1,1,1,0,0,1,1,1,0,1,0,1,1,5
"666","googleapis.com:chat",1,1,1,1,1,0,0,1,1,1,0,0,0,1,1,5
"667","googleapis.com:civicinfo",1,1,1,1,1,0,0,1,1,1,0,0,0,1,1,5
"668","googleapis.com:classroom",1,1,1,1,1,0,0,1,1,1,0,1,0,1,1,5
"669","googleapis.com:cloudbilling",1,1,1,1,1,0,0,1,1,1,0,1,0,1,1,5
"670","googleapis.com:cloudbuild",1,1,1,1,1,0,0,1,1,1,0,1,0,1,1,5
"671","googleapis.com:clouddebugger",1,1,1,1,1,0,0,1,1,1,0,1,0,1,1,5
"672","googleapis.com:clouderrorreporting",1,1,1,1,1,0,0,1,1,1,0,1,0,1,1,5
"673","googleapis.com:cloudfunctions",1,1,1,1,1,0,0,1,1,1,0,1,0,1,1,5
"674","googleapis.com:cloudiot",1,1,1,1,1,0,0,1,1,1,0,1,0,1,1,5
"675","googleapis.com:cloudkms",1,1,1,1,1,0,0,1,1,1,0,1,0,1,1,5
"676","googleapis.com:cloudmonitoring",1,1,1,1,1,0,0,1,1,1,0,1,0,1,1,5
"677","googleapis.com:cloudresourcemanager",1,1,1,1,1,0,0,1,1,1,0,1,0,1,1,5
"678","googleapis.com:cloudshell",1,1,1,1,1,0,0,1,1,1,0,1,0,1,1,5
"679","googleapis.com:cloudtasks",1,1,1,1,1,0,0,1,1,1,0,1,0,1,1,5
"680","googleapis.com:cloudtrace",1,1,1,1,1,0,0,1,1,1,0,1,0,1,1,5
"681","googleapis.com:clouduseraccounts",1,1,1,1,1,0,0,1,1,1,0,1,0,1,1,5
"682","googleapis.com:compute",1,1,1,1,1,0,0,1,1,1,0,1,0,1,1,5
"683","googleapis.com:consumersurveys",1,1,1,1,1,0,0,1,1,1,0,1,0,1,0,5
"684","googleapis.com:container",1,1,1,1,1,0,0,1,1,1,0,1,0,1,1,5
"685","googleapis.com:content",1,1,1,1,1,0,0,1,1,1,0,1,0,1,1,5
"686","googleapis.com:customsearch",1,1,1,1,1,0,0,1,1,1,0,0,0,1,1,5
"687","googleapis.com:dataflow",1,1,1,1,1,0,0,1,1,1,0,1,0,1,1,5
"688","googleapis.com:dataproc",1,1,1,1,1,0,0,1,1,1,0,1,0,1,1,5
"689","googleapis.com:datastore",1,1,1,1,1,0,0,1,1,1,0,1,0,1,1,5
"690","googleapis.com:deploymentmanager",1,1,1,1,1,0,0,1,1,1,0,1,0,1,1,5
"691","googleapis.com:dfareporting",1,1,1,1,1,0,0,1,1,1,0,1,0,1,1,5
"692","googleapis.com:digitalassetlinks",1,1,1,1,1,0,0,1,1,1,0,0,0,1,1,5
"693","googleapis.com:discovery",1,1,1,1,1,0,0,1,1,1,0,0,0,1,1,5
"694","googleapis.com:dlp",1,1,1,1,1,0,0,1,1,1,0,1,0,1,1,5
"695","googleapis.com:dns",1,1,1,1,1,0,0,1,1,1,0,1,0,1,1,5
"696","googleapis.com:doubleclickbidmanager",1,1,1,1,1,0,0,1,1,1,0,1,0,1,1,5
"697","googleapis.com:doubleclicksearch",1,1,1,1,1,0,0,1,1,1,0,1,0,1,1,5
"698","googleapis.com:drive",1,1,1,1,1,0,0,1,1,1,0,1,0,1,1,5
"699","googleapis.com:firebasedynamiclinks",1,1,1,1,1,0,0,1,1,1,0,1,0,1,1,5
"700","googleapis.com:firebaseremoteconfig",1,1,1,1,1,0,0,1,1,1,0,0,0,1,1,5
"701","googleapis.com:firebaserules",1,1,1,1,1,0,0,1,1,1,0,1,0,1,1,5
"702","googleapis.com:firestore",1,1,1,1,1,0,0,1,1,1,0,1,0,1,1,5
"703","googleapis.com:fitness",1,1,1,1,1,0,0,1,1,1,0,1,0,1,1,5
"704","googleapis.com:fusiontables",1,1,1,1,1,0,0,1,1,1,0,1,0,1,1,5
"705","googleapis.com:games",1,1,1,1,1,0,0,1,1,1,0,1,0,1,1,5
"706","googleapis.com:gamesConfiguration",1,1,1,1,1,0,0,1,1,1,0,1,0,1,1,5
"707","googleapis.com:gamesManagement",1,1,1,1,1,0,0,1,1,1,0,1,0,1,1,5
"708","googleapis.com:genomics",1,1,1,1,1,0,0,1,1,1,0,1,0,1,1,5
"709","googleapis.com:gmail",1,1,1,1,1,0,0,1,1,1,0,1,0,1,1,5
"710","googleapis.com:groupsmigration",1,1,1,1,1,1,0,1,1,1,0,1,0,1,1,5
"711","googleapis.com:groupssettings",1,1,1,1,1,0,0,1,1,1,0,1,0,1,1,5
"712","googleapis.com:iam",1,1,1,1,1,0,0,1,1,1,0,1,0,1,1,5
"713","googleapis.com:identitytoolkit",1,1,1,1,1,0,0,1,1,1,0,1,0,1,1,5
"714","googleapis.com:kgsearch",1,1,1,1,1,0,0,1,1,1,0,0,0,1,1,5
"715","googleapis.com:language",1,1,1,1,1,0,0,1,1,1,0,1,0,1,1,5
"716","googleapis.com:licensing",1,1,1,1,1,0,0,1,1,1,0,1,0,1,1,5
"717","googleapis.com:logging",1,1,1,1,1,0,0,1,1,1,0,1,0,1,1,5
"718","googleapis.com:manufacturers",1,1,1,1,1,0,0,1,1,1,0,1,0,1,1,5
"719","googleapis.com:mirror",1,1,1,1,1,0,0,1,1,1,0,1,0,1,1,5
"720","googleapis.com:ml",1,1,1,1,1,0,0,1,1,1,0,1,0,1,1,5
"721","googleapis.com:monitoring",1,1,1,1,1,0,0,1,1,1,0,1,0,1,1,5
"722","googleapis.com:oauth2",1,1,1,1,1,0,0,1,1,1,0,1,0,1,1,5
"723","googleapis.com:oslogin",1,1,1,1,1,0,0,1,1,1,0,1,0,1,1,5
"724","googleapis.com:pagespeedonline",1,1,1,1,1,0,0,1,1,1,0,0,0,1,0,5
"725","googleapis.com:partners",1,1,1,1,1,0,0,1,1,1,0,0,0,1,1,5
"726","googleapis.com:people",1,1,1,1,1,0,0,1,1,1,0,1,0,1,1,5
"727","googleapis.com:playcustomapp",1,1,1,1,1,1,0,1,1,1,0,1,0,1,1,5
"728","googleapis.com:playmoviespartner",1,1,1,1,1,0,0,1,1,1,0,1,0,1,1,5
"729","googleapis.com:plus",1,1,1,1,1,0,0,1,1,1,0,1,0,1,1,5
"730","googleapis.com:plusDomains",1,1,1,1,1,0,0,1,1,1,0,1,0,1,1,5
"731","googleapis.com:poly",1,1,1,1,1,0,0,1,1,1,0,0,0,1,1,5
"732","googleapis.com:prediction",1,1,1,1,1,0,0,1,1,1,0,1,0,1,1,5
"733","googleapis.com:proximitybeacon",1,1,1,1,1,0,0,1,1,1,0,1,0,1,1,5
"734","googleapis.com:pubsub",1,1,1,1,1,0,0,1,1,1,0,1,0,1,1,5
"735","googleapis.com:qpxExpress",1,1,1,1,1,0,0,1,1,1,0,0,0,1,1,5
"736","googleapis.com:replicapool",1,1,1,1,1,0,0,1,1,1,0,1,0,1,1,5
"737","googleapis.com:replicapoolupdater",1,1,1,1,1,0,0,1,1,1,0,1,0,1,1,5
"738","googleapis.com:reseller",1,1,1,1,1,0,0,1,1,1,0,1,0,1,1,5
"739","googleapis.com:resourceviews",1,1,1,1,1,0,0,1,1,1,0,1,0,1,1,5
"740","googleapis.com:runtimeconfig",1,1,1,1,1,0,0,1,1,1,0,1,0,1,1,5
"741","googleapis.com:safebrowsing",1,1,1,1,1,0,0,1,1,1,0,0,0,1,1,5
"742","googleapis.com:script",1,1,1,1,1,0,0,1,1,1,0,1,0,1,1,5
"743","googleapis.com:searchconsole",1,1,1,1,1,0,0,1,1,1,0,0,0,1,1,5
"744","googleapis.com:serviceconsumermanagement",1,1,1,1,1,0,0,1,1,1,0,1,0,1,1,5
"745","googleapis.com:servicecontrol",1,1,1,1,1,0,0,1,1,1,0,1,0,1,1,5
"746","googleapis.com:servicemanagement",1,1,1,1,1,0,0,1,1,1,0,1,0,1,1,5
"747","googleapis.com:serviceusage",1,1,1,1,1,0,0,1,1,1,0,1,0,1,1,5
"748","googleapis.com:serviceuser",1,1,1,1,1,0,0,1,1,1,0,1,0,1,1,5
"749","googleapis.com:sheets",1,1,1,1,1,0,0,1,1,1,0,1,0,1,1,5
"750","googleapis.com:siteVerification",1,1,1,1,1,0,0,1,1,1,0,1,0,1,1,5
"751","googleapis.com:slides",1,1,1,1,1,0,0,1,1,1,0,1,0,1,1,5
"752","googleapis.com:sourcerepo",1,1,1,1,1,0,0,1,1,1,0,1,0,1,1,5
"753","googleapis.com:spanner",1,1,1,1,1,0,0,1,1,1,0,1,0,1,1,5
"754","googleapis.com:spectrum",1,1,1,1,1,0,0,1,1,1,0,0,0,1,1,5
"755","googleapis.com:speech",1,1,1,1,1,0,0,1,1,1,0,1,0,1,1,5
"756","googleapis.com:sqladmin",1,1,1,1,1,0,0,1,1,1,0,1,0,1,1,5
"757","googleapis.com:storage",1,1,1,1,1,0,0,1,1,1,0,1,0,1,1,5
"758","googleapis.com:storagetransfer",1,1,1,1,1,0,0,1,1,1,0,1,0,1,1,5
"759","googleapis.com:streetviewpublish",1,1,1,1,1,0,0,1,1,1,0,1,0,1,1,5
"760","googleapis.com:surveys",1,1,1,1,1,0,0,1,1,1,0,1,0,1,0,5
"761","googleapis.com:tagmanager",1,1,1,1,1,0,0,1,1,1,0,1,0,1,1,5
"762","googleapis.com:taskqueue",1,1,1,1,1,0,0,1,1,1,0,1,0,1,1,5
"763","googleapis.com:tasks",1,1,1,1,1,0,0,1,1,1,0,1,0,1,1,5
"764","googleapis.com:testing",1,1,1,1,1,0,0,1,1,1,0,1,0,1,1,5
"765","googleapis.com:toolresults",1,1,1,1,1,0,0,1,1,1,0,1,0,1,1,5
"766","googleapis.com:tpu",1,1,1,1,1,0,0,1,1,1,0,1,0,1,1,5
"767","googleapis.com:tracing",1,1,1,1,1,0,0,1,1,1,0,1,0,1,1,5
"768","googleapis.com:translate",1,1,1,1,1,0,0,1,1,1,0,1,0,1,1,5
"769","googleapis.com:urlshortener",1,1,1,1,1,0,0,1,1,1,0,1,0,1,1,5
"770","googleapis.com:vault",1,1,1,1,1,0,0,1,1,1,0,1,0,1,1,5
"771","googleapis.com:videointelligence",1,1,1,1,1,0,0,1,1,1,0,1,0,1,1,5
"772","googleapis.com:vision",1,1,1,1,1,0,0,1,1,1,0,1,0,1,1,5
"773","googleapis.com:webfonts",1,1,1,1,1,0,0,1,1,1,0,0,0,1,1,5
"774","googleapis.com:webmasters",1,1,1,1,1,0,0,1,1,1,0,1,0,1,1,5
"775","googleapis.com:youtube",1,1,1,1,1,0,0,1,1,1,0,1,0,1,1,5
"776","googleapis.com:youtubeAnalytics",1,1,1,1,1,0,0,1,1,1,0,1,0,1,1,5
"777","googleapis.com:youtubereporting",1,1,1,1,1,0,0,1,1,1,0,1,0,1,1,5
"778","gov.bc.ca:bcdc",1,1,1,1,1,1,1,1,0,0,0,1,1,1,0,4
"779","gov.bc.ca:bcgnws",1,1,1,1,1,0,1,1,0,0,0,0,0,1,1,4
"780","gov.bc.ca:geocoder",1,1,1,1,1,0,1,1,0,0,0,0,0,1,1,4
"781","gov.bc.ca:geomark",1,1,1,1,1,0,0,1,0,0,0,0,0,1,1,5
"782","gov.bc.ca:jobposting",1,1,1,1,1,0,1,1,1,0,0,0,0,0,0,1
"783","gov.bc.ca:news",1,1,1,1,1,1,1,1,1,0,0,1,0,0,0,1
"784","gov.bc.ca:open511",1,1,1,1,1,0,1,1,0,0,0,0,0,1,1,4
"785","gov.bc.ca:router",1,1,1,1,1,0,1,1,0,0,0,1,1,1,1,1
"786","graphhopper.com",1,1,1,1,1,1,1,1,1,0,0,1,1,0,0,2
"787","greenpeace.org",1,1,1,1,1,1,1,1,1,0,0,0,0,0,0,4
"788","gsa.gov",1,1,1,1,1,0,0,1,0,0,0,0,0,1,0,4
"789","hackathonwatch.com",1,1,1,1,1,0,1,1,0,0,0,0,0,1,0,4
"790","haloapi.com:metadata",1,1,1,1,1,0,1,1,0,0,0,1,1,0,0,1
"791","haloapi.com:profile",1,1,1,1,1,0,0,1,0,0,0,1,1,0,0,1
"792","haloapi.com:stats",1,1,1,1,1,0,1,1,0,0,0,1,1,0,0,1
"793","haloapi.com:ugc",1,1,1,1,1,0,1,1,0,0,0,1,1,0,0,1
"794","healthcare.gov",1,1,1,1,1,0,0,1,1,0,0,1,0,0,1,1
"795","hetras-certification.net:booking",1,1,1,1,1,0,1,1,1,0,0,0,0,0,0,1
"796","hetras-certification.net:hotel",1,1,1,1,1,0,1,1,1,0,0,0,0,0,0,1
"797","hhs.gov",1,1,1,1,1,1,0,1,1,0,0,0,0,1,0,4
"798","highwaysengland.co.uk",1,1,1,1,1,1,1,1,1,0,0,0,0,0,0,4
"799","hsbc.com",1,1,1,0,1,1,1,1,1,0,0,0,0,0,0,4
"800","icons8.com",1,1,1,1,1,0,1,1,1,0,0,0,0,0,0,1
"801","idtbeyond.com",1,1,1,1,1,1,1,1,1,0,0,0,0,0,0,4
"802","ijenko.net",1,1,1,0,1,1,1,1,1,1,1,1,1,1,0,2
"803","illumidesk.com",1,1,1,0,1,1,1,1,1,0,0,1,1,0,0,2
"804","import.io:data",1,1,1,1,1,0,0,1,1,0,0,1,0,1,1,5
"805","import.io:extraction",1,1,1,1,1,0,1,1,1,0,0,1,0,1,1,1
"806","import.io:rss",1,1,1,1,1,0,1,1,1,0,0,1,0,1,1,1
"807","import.io:run",1,1,1,1,1,1,1,1,1,0,0,1,0,1,1,4
"808","import.io:schedule",1,1,1,1,1,1,1,1,1,0,0,1,0,1,1,4
"809","inboxroute.com",1,1,1,1,1,1,1,1,1,0,1,1,1,0,0,2
"810","infermedica.com",1,1,1,1,1,0,1,1,1,0,0,0,0,1,0,4
"811","instagram.com",1,1,1,1,1,0,1,1,1,0,0,1,0,1,1,1
"812","instawell.com",1,1,1,1,1,1,1,1,1,0,0,0,0,0,0,4
"813","iqualify.com",1,1,1,1,1,0,0,1,1,1,1,1,1,1,0,5
"814","isbndb.com",1,1,1,0,1,0,1,1,1,0,0,1,0,0,0,1
"815","isendpro.com",1,1,1,1,1,0,0,1,1,0,0,0,0,0,0,1
"816","iva-api.com",1,1,1,0,1,0,1,1,1,0,0,1,0,1,1,1
"817","je-apis.com",1,1,1,1,1,0,0,1,1,0,0,0,0,1,0,4
"818","jirafe.com",1,1,1,1,1,0,1,1,1,0,0,1,0,1,1,1
"819","jumpseller.com",1,1,1,1,1,1,1,1,1,1,0,0,0,0,0,4
"820","just-eat.co.uk",1,1,1,0,1,0,1,1,1,0,0,0,0,0,0,1
"821","koomalooma.com",1,1,1,1,1,0,1,1,1,0,0,1,1,0,1,1
"822","kubernetes.io",1,1,1,0,1,0,0,1,1,0,0,1,1,0,0,1
"823","landregistry.gov.uk:deed",1,1,1,1,1,0,1,1,1,0,0,0,0,0,0,1
"824","launchdarkly.com",1,1,1,1,1,1,1,1,1,1,1,1,1,0,0,2
"825","learnifier.com",1,1,1,0,1,0,1,1,1,0,0,0,0,0,1,1
"826","letmc.com:basic-tier",1,1,1,0,1,0,1,1,1,0,0,1,0,0,0,1
"827","letmc.com:customer",1,1,1,0,1,1,0,1,1,0,0,1,0,0,0,1
"828","letmc.com:diary",1,1,1,0,1,0,1,1,1,0,0,1,0,0,0,1
"829","letmc.com:free-tier",1,1,1,0,1,1,1,1,1,0,0,1,0,0,0,1
"830","letmc.com:maintenance",1,1,1,0,1,1,1,1,1,0,0,1,0,0,0,1
"831","letmc.com:reporting",1,1,1,0,1,1,1,1,1,0,0,1,0,0,0,1
"832","link.fish",1,1,1,1,1,1,0,1,1,0,0,1,0,1,0,4
"833","loganalytics.io:operationalinsights-OperationalInsights",1,1,1,1,1,1,1,1,1,1,0,1,1,0,0,2
"834","lotadata.com",1,1,1,1,1,0,1,1,1,0,0,1,1,0,0,1
"835","lufthansa.com:partner",1,1,1,1,1,1,1,1,0,0,0,1,0,0,0,1
"836","lufthansa.com:public",1,1,1,1,1,1,1,1,1,0,0,1,0,0,0,1
"837","lyft.com",1,1,1,1,1,1,1,1,1,1,0,1,1,1,0,2
"838","magento.com",1,1,1,1,1,0,0,1,1,0,0,0,0,1,0,4
"839","magick.nu",1,1,1,1,1,0,0,1,1,0,0,0,0,1,0,4
"840","mandrillapp.com",1,1,1,1,1,0,0,1,1,0,0,1,0,0,1,1
"841","mashape.com:geodb",1,1,1,1,1,1,1,1,1,0,0,1,1,1,0,4
"842","mcw.edu",1,1,1,1,1,1,1,1,1,0,0,0,0,1,0,4
"843","medium.com",1,1,1,1,1,0,1,1,1,0,0,1,0,0,1,1
"844","miataru.com",1,1,1,1,1,1,1,1,1,0,0,0,0,0,0,4
"845","microsoft.com:cognitiveservices-CustomSearch",1,1,1,1,1,0,1,1,1,1,0,1,1,0,0,2
"846","microsoft.com:cognitiveservices-EntitySearch",1,1,1,1,1,0,1,1,1,1,0,1,1,0,0,2
"847","microsoft.com:cognitiveservices-ImageSearch",1,1,1,1,1,0,1,1,1,1,0,1,1,0,0,2
"848","microsoft.com:cognitiveservices-NewsSearch",1,1,1,1,1,0,1,1,1,1,0,1,1,0,0,2
"849","microsoft.com:cognitiveservices-Prediction",1,1,1,1,1,0,1,1,1,1,0,0,0,0,0,1
"850","microsoft.com:cognitiveservices-SpellCheck",1,1,1,1,1,1,1,1,1,1,0,1,1,0,0,2
"851","microsoft.com:cognitiveservices-Training",1,1,1,1,1,0,0,1,1,1,0,0,0,0,0,1
"852","microsoft.com:cognitiveservices-VideoSearch",1,1,1,1,1,0,1,1,1,1,0,1,1,0,0,2
"853","microsoft.com:cognitiveservices-WebSearch",1,1,1,1,1,0,1,1,1,1,0,1,1,0,0,2
"854","moonmoonmoonmoon.com",1,1,1,1,1,0,0,1,0,0,0,0,0,1,0,4
"855","motaword.com",1,1,1,1,1,1,1,1,1,0,0,1,0,0,1,1
"856","mozilla.com:kinto",1,1,1,1,1,0,1,1,0,0,0,1,0,1,0,1
"857","nativeads.com",1,1,1,0,1,0,1,1,1,0,0,0,0,0,0,1
"858","naviplancentral.com:factfinder",1,1,1,1,1,0,1,1,1,0,0,0,0,0,0,1
"859","naviplancentral.com:plan",1,1,1,1,1,0,1,1,1,0,0,0,0,0,0,1
"860","nba.com",1,1,1,1,1,0,1,1,0,0,0,0,0,0,0,1
"861","neowsapp.com",1,1,1,1,1,1,1,1,1,0,0,0,0,1,0,4
"862","netatmo.net",1,1,1,1,1,1,1,1,1,0,0,1,0,1,1,4
"863","netlicensing.io",1,1,1,1,1,0,1,1,1,0,0,1,0,1,0,1
"864","netlify.com",1,1,1,1,1,1,1,1,1,0,1,1,1,0,0,2
"865","neutrinoapi.com",1,1,1,1,1,1,1,1,1,0,0,1,0,0,0,1
"866","nfusionsolutions.biz",1,1,1,1,1,1,1,1,1,0,0,1,0,0,0,1
"867","noosh.com",1,1,1,1,1,0,1,1,1,0,0,1,0,1,0,1
"868","npr.org",1,1,1,0,1,1,1,1,1,1,1,1,0,1,1,3
"869","nrel.gov:building-case-studies",1,1,1,1,1,0,1,1,0,0,0,1,1,1,0,1
"870","nrel.gov:transportation-incentives-laws",1,1,1,1,1,0,0,1,1,0,0,1,1,1,0,1
"871","nsidc.org",1,1,1,1,1,0,0,1,0,0,0,0,0,1,0,4
"872","nytimes.com:archive",1,1,1,1,1,0,1,1,1,0,0,1,1,0,1,1
"873","nytimes.com:article_search",1,1,1,1,1,0,1,1,1,0,0,1,1,0,1,1
"874","nytimes.com:books_api",1,1,1,1,1,1,1,1,1,0,0,1,0,0,1,1
"875","nytimes.com:community",1,1,1,1,1,1,1,1,1,0,0,1,0,0,1,1
"876","nytimes.com:geo_api",1,1,1,1,1,0,1,1,1,0,0,1,1,0,1,1
"877","nytimes.com:most_popular_api",1,1,1,1,1,1,1,1,1,1,0,1,0,0,1,3
"878","nytimes.com:movie_reviews",1,1,1,1,1,0,1,1,1,0,0,1,1,0,1,1
"879","nytimes.com:semantic_api",1,1,1,1,1,0,1,1,1,0,0,1,1,0,1,1
"880","nytimes.com:times_tags",1,1,1,1,1,0,1,1,0,0,0,1,1,0,1,1
"881","nytimes.com:timeswire",1,1,1,1,1,0,1,1,1,0,0,1,1,0,1,1
"882","nytimes.com:top_stories",1,1,1,1,1,0,1,1,1,0,0,1,1,0,1,1
"883","o2.cz:mobility",1,1,1,1,1,0,1,1,1,0,0,0,0,1,0,4
"884","o2.cz:sociodemo",1,1,1,1,1,0,1,1,1,0,0,0,0,1,0,4
"885","oceandrivers.com",1,1,1,1,1,0,1,1,0,0,0,0,0,1,0,4
"886","omdbapi.com",1,1,1,1,1,1,1,1,1,0,0,1,0,0,1,1
"887","openapi-converter.herokuapp.com",1,1,1,1,1,1,1,1,0,0,0,0,1,1,1,4
"888","openbanking.org.uk",1,1,1,1,1,0,1,1,0,0,0,0,0,1,0,4
"889","opencagedata.com",1,1,1,1,1,1,1,1,1,0,0,0,0,0,1,4
"890","opendatasoft.com",1,1,1,1,1,0,1,1,1,1,0,1,1,1,0,2
"891","openfintech.io",1,1,1,1,1,0,1,1,1,1,0,0,0,1,0,4
"892","openstf.io",1,1,1,1,1,1,1,1,1,0,0,1,0,1,0,4
"893","opentargets.io",1,1,1,1,1,1,1,1,0,0,0,0,0,1,0,4
"894","orghunter.com",1,1,1,1,1,0,0,1,0,0,0,1,1,1,0,1
"895","osf.io",1,1,1,1,1,0,0,1,0,0,0,0,0,1,0,4
"896","osisoft.com",1,1,1,1,1,0,1,1,1,0,0,0,0,0,0,1
"897","owler.com",1,1,1,1,1,0,1,1,1,0,0,1,1,1,0,1
"898","oxforddictionaries.com",1,1,1,1,1,0,1,1,1,1,0,0,0,0,0,1
"899","paccurate.io",1,1,1,0,1,1,1,1,1,0,0,0,0,0,0,4
"900","pandorabots.com",1,1,1,1,1,0,0,1,0,0,0,1,1,1,0,1
"901","passwordutility.net",1,1,1,0,1,1,1,1,1,0,0,0,0,0,0,4
"902","patientview.org",1,1,1,1,1,1,0,1,1,0,0,0,0,1,0,4
"903","paylocity.com",1,1,1,1,1,1,1,1,1,0,0,1,0,0,0,1
"904","payments.service.gov.uk:payments",1,1,1,0,1,0,1,1,1,0,0,0,0,1,0,4
"905","payrun.io",1,1,1,1,1,1,1,1,1,0,0,0,0,0,1,4
"906","peel-ci.com",1,1,1,1,1,0,1,1,0,0,0,0,0,1,0,4
"907","personio.de:authentication",1,1,1,1,1,1,1,1,1,0,0,0,0,0,0,4
"908","personio.de:personnel",1,1,1,1,1,1,1,1,1,0,0,1,0,0,0,1
"909","phila.gov:pollingplaces",1,1,1,1,1,0,1,1,1,0,0,0,0,0,0,1
"910","polygon.io",1,1,1,0,1,0,1,1,1,0,0,1,1,0,0,1
"911","postmarkapp.com:account",1,1,1,1,1,1,1,1,1,0,1,0,0,0,0,4
"912","postmarkapp.com:server",1,1,1,1,1,1,1,1,1,0,1,0,0,0,0,4
"913","posty-api.herokuapp.com",1,1,1,1,1,0,1,1,0,0,0,0,0,1,0,4
"914","ptv.vic.gov.au",1,1,1,0,1,1,1,1,1,0,0,0,0,0,0,4
"915","qualpay.com",1,1,1,1,1,1,1,1,1,0,0,1,0,1,0,4
"916","quotes.rest",1,1,1,0,1,1,1,1,1,0,0,0,0,1,0,4
"917","rbaskets.in",1,1,1,1,1,1,1,1,1,0,0,1,0,1,0,4
"918","rebilly.com",1,1,1,1,1,1,1,1,1,1,1,1,1,1,0,2
"919","receptive.io",1,1,1,0,1,0,1,1,1,1,1,1,1,0,0,2
"920","refugerestrooms.org",1,1,1,1,1,0,1,1,0,0,0,0,0,1,0,4
"921","reverb.com",1,1,1,1,1,1,1,1,1,0,0,1,0,0,1,1
"922","ritc.io",1,1,1,1,1,1,1,1,1,0,0,1,0,0,0,1
"923","ritekit.com",1,1,1,1,1,0,0,1,1,0,0,0,0,0,0,1
"924","roaring.io",1,1,1,1,1,0,0,1,1,0,0,1,0,0,0,1
"925","rottentomatoes.com",1,1,1,1,1,1,1,1,1,0,0,1,1,1,1,3
"926","rummblelabs.com",1,1,1,0,1,0,1,1,1,0,0,0,0,0,0,1
"927","runscope.com",1,1,1,1,1,0,1,1,1,1,1,1,1,0,0,2
"928","salesloft.com",1,1,1,0,1,0,0,1,1,0,0,1,0,1,0,1
"929","schooldigger.com",1,1,1,0,1,1,1,1,1,0,0,0,0,0,0,4
"930","scrapewebsite.email",1,1,1,1,1,0,1,1,0,0,0,0,0,1,0,4
"931","selectpdf.com",1,1,1,1,1,1,1,1,1,0,0,0,0,0,0,4
"932","semantria.com",1,1,1,1,1,0,1,1,1,0,0,0,0,1,1,4
"933","sendgrid.com",1,1,1,1,1,0,0,1,1,1,0,1,0,0,1,5
"934","shipstation.com",1,1,1,1,1,0,0,1,1,0,0,0,0,0,0,1
"935","simplyrets.com",1,1,1,1,1,1,1,1,1,0,0,1,0,0,0,1
"936","slack.com",1,1,1,1,1,0,1,1,1,0,0,1,0,0,1,1
"937","slicebox.local",1,1,1,1,1,1,1,1,1,0,0,0,0,1,0,4
"938","slideroom.com",1,1,1,0,1,0,1,1,1,0,0,0,0,0,0,1
"939","smart-me.com",1,1,1,0,1,0,0,1,1,0,0,1,0,0,0,1
"940","solarvps.com",1,1,1,1,1,0,1,1,0,0,0,1,0,1,0,1
"941","spectrocoin.com",1,1,1,1,1,1,1,1,1,0,0,0,0,1,0,4
"942","spinbot.net",1,1,1,1,1,1,1,1,0,0,0,1,1,1,1,3
"943","spinitron.com",1,1,1,1,1,0,1,1,1,1,0,1,0,1,0,1
"944","spotify.com",1,1,1,1,1,1,1,1,1,0,0,1,0,0,1,1
"945","squareup.com",1,1,1,0,1,1,1,1,1,0,0,1,0,0,1,1
"946","stackexchange.com",1,1,1,1,1,0,0,1,1,0,0,1,0,0,1,1
"947","staging-ecotaco.com",1,1,1,1,1,0,0,1,1,0,0,0,0,0,0,1
"948","statsocial.com",1,1,1,1,1,0,1,1,1,0,0,1,1,0,1,1
"949","stoplight.io",1,1,1,1,1,1,1,1,1,0,1,1,0,0,0,1
"950","storecove.com",1,1,1,1,1,1,1,1,1,0,0,1,1,1,0,4
"951","stripe.com",1,1,1,0,1,1,1,1,1,0,0,0,0,0,0,4
"952","surrey.ca:open511",1,1,1,1,1,0,1,1,0,0,0,0,0,1,0,4
"953","surrey.ca:trafficloops",1,1,1,1,1,0,1,1,0,0,0,0,0,1,0,4
"954","swagger.io:generator",1,1,1,1,1,0,0,1,1,0,0,0,0,1,0,4
"955","swaggerhub.com",1,1,1,0,1,0,1,1,1,0,0,1,0,1,0,1
"956","synq.fm",1,1,1,1,1,1,0,1,1,0,1,0,0,0,0,4
"957","taggun.io",1,1,1,1,1,0,0,1,1,0,0,1,0,1,0,1
"958","taxamo.com",1,1,1,1,1,1,1,1,1,0,0,1,0,1,0,4
"959","taxrates.io",1,1,1,1,1,1,1,1,1,0,0,1,0,0,0,1
"960","tfl.gov.uk",1,1,1,0,1,1,0,1,1,0,0,1,0,0,0,1
"961","thenounproject.com",1,1,1,1,1,0,1,1,0,0,0,0,0,1,1,4
"962","thesmsworks.co.uk",1,1,1,1,1,1,1,1,1,0,0,1,0,0,0,1
"963","thetvdb.com",1,1,1,1,1,1,1,1,1,1,0,1,0,1,0,4
"964","traccar.org",1,1,1,1,1,1,1,1,1,1,0,1,1,0,0,2
"965","transavia.com",1,1,1,1,1,0,1,1,1,0,0,1,1,0,0,1
"966","trello.com",1,1,1,1,1,0,0,1,1,0,0,1,0,1,1,5
"967","turbinelabs.io",1,1,1,1,1,0,1,1,1,0,0,1,1,1,0,1
"968","tvmaze.com",1,1,1,1,1,1,1,1,1,0,0,1,1,0,0,2
"969","twilio.com",1,1,1,1,1,0,0,1,1,0,0,1,0,0,1,1
"970","twinehealth.com",1,1,1,1,1,1,1,1,1,0,0,1,0,1,0,4
"971","twitter.com",1,1,1,1,1,0,0,1,0,0,0,0,0,0,0,1
"972","tyk.com",1,1,1,0,1,0,0,1,1,0,0,0,0,0,0,1
"973","uebermaps.com",1,1,1,1,1,1,1,1,1,0,0,0,0,0,0,4
"974","vatapi.com",1,1,1,1,1,0,0,1,1,0,0,1,1,1,0,1
"975","versioneye.com",1,1,1,1,1,0,1,1,0,0,0,0,0,1,0,4
"976","vestorly.com",1,1,1,1,1,0,0,1,1,0,0,1,0,1,1,5
"977","victorops.com",1,1,1,1,1,0,1,1,1,1,1,0,0,1,0,4
"978","visagecloud.com",1,1,1,1,1,0,0,1,1,0,0,0,0,1,0,4
"979","vocadb.net",1,1,1,0,1,0,0,1,1,0,0,0,0,0,0,1
"980","voodoomfg.com",1,1,1,1,1,0,1,1,1,0,0,1,1,0,0,1
"981","waag.org",1,1,1,1,1,0,1,1,0,0,0,0,0,1,0,4
"982","watchful.li",1,1,1,1,1,0,0,1,1,0,0,0,0,1,1,5
"983","waterlinked.com",1,1,1,0,1,1,1,1,1,0,1,0,0,0,0,4
"984","wavecell.com",1,1,1,1,1,0,1,1,1,0,0,1,0,0,0,1
"985","wealthport.com",1,1,1,1,1,0,0,1,1,0,0,1,0,1,0,1
"986","weatherbit.io",1,1,1,1,1,0,1,1,1,0,0,0,0,0,0,1
"987","weber-gesamtausgabe.de",1,1,1,1,1,0,1,1,1,1,0,0,0,1,0,4
"988","whapi.com:accounts",1,1,1,1,1,1,1,1,1,1,0,1,1,0,0,2
"989","whapi.com:bets",1,1,1,1,1,1,1,1,1,1,0,1,1,0,0,2
"990","whapi.com:locations",1,1,1,1,1,1,1,1,1,1,0,1,1,0,0,2
"991","whapi.com:numbers",1,1,1,1,1,1,1,1,1,0,0,1,1,0,0,2
"992","whapi.com:sessions",1,1,1,1,1,0,0,1,1,1,0,1,1,0,0,2
"993","whapi.com:sportsdata",1,1,1,1,1,1,1,1,1,1,0,0,0,0,0,4
"994","who-hosts-this.com",1,1,1,1,1,0,1,1,0,0,0,1,1,0,1,1
"995","wikimedia.org",1,1,1,1,1,0,0,1,1,0,0,1,0,1,0,1
"996","windows.net:batch-BatchService",1,1,1,0,1,1,1,1,1,1,0,0,0,0,0,4
"997","windows.net:graphrbac",1,1,1,0,1,1,1,1,1,1,0,1,1,0,0,2
"998","winning.email",1,1,1,1,1,1,1,1,1,0,0,1,1,1,0,4
"999","winsms.co.za",1,1,1,1,1,1,1,1,1,0,0,1,1,0,0,2
"1000","wmata.com:bus-realtime",1,1,1,1,1,0,0,1,0,0,0,1,1,0,0,1
"1001","wmata.com:bus-route",1,1,1,1,1,0,0,1,0,0,0,1,1,0,0,1
"1002","wmata.com:incidents",1,1,1,1,1,0,0,1,0,0,0,1,1,0,0,1
"1003","wmata.com:rail-realtime",1,1,1,1,1,0,0,1,0,0,0,1,1,0,0,1
"1004","wmata.com:rail-station",1,1,1,1,1,0,0,1,0,0,0,1,1,0,0,1
"1005","wordassociations.net",1,1,1,1,1,1,1,1,1,0,0,1,1,0,0,2
"1006","wordnik.com",1,1,1,1,1,0,0,1,1,0,0,1,1,1,1,5
"1007","wowza.com",1,1,1,1,1,1,1,1,1,1,0,1,1,1,1,3
"1008","wso2apistore.com:transform",1,1,1,1,1,0,0,1,0,0,0,1,0,0,0,1
"1009","xero.com",1,1,1,1,1,1,1,1,1,1,1,0,0,1,0,4
"1010","xkcd.com",1,1,1,1,1,0,0,1,1,0,0,1,0,0,1,1
"1011","yunbi.com",1,1,1,1,1,0,1,1,0,0,0,0,0,1,0,4
"1012","zalando.com",1,1,1,1,1,0,1,1,1,1,0,0,0,0,0,1
"1013","zappiti.com",1,1,1,1,1,1,1,1,1,0,0,0,0,0,0,4
"1014","zoom.us",1,1,1,1,1,1,1,1,1,1,0,1,1,1,1,3
"1015","zoomconnect.com",1,1,1,1,1,0,1,1,1,0,0,1,0,1,0,1
"1016","zuora.com",1,1,1,1,1,1,1,1,1,1,0,0,0,1,0,4
